{
 "type": "FeatureCollection",
 "crs_declared": "EPSG:4326",
 "features": [
  {
   "type": "Feature",
   "geometry": {
    "type": "Polygon",
    "coordinates": [
     [
      [
       -118.10346154893176,
       34.187799138287986
      ],
      [
       -118.10233283123854,
       34.18949287115392
      ],
      [
       -118.1035185134488,
       34.19111011051555
      ],
      [
       -118.10583292560013,
       34.19103359237166
      ],
      [
       -118.10696158742238,
       34.18933985219247
      ],
      [
       -118.10577589296697,
       34.18772263747026
      ],
      [
       -118.10346154893176,
       34.187799138287986
      ]
     ]
    ]
   },
   "properties": {
    "h3_cell": "8929a1c0007ffff",
    "tract_geoid": "06037460101",
    "RPL_THEMES": 0.077,
    "RPL_THEME1": 0.1199,
    "RPL_THEME2": 0.2494,
    "RPL_THEME3": 0.1802,
    "RPL_THEME4": 0.0895,
    "n_structures": 40,
    "n_destroyed": 8,
    "destroyed_rate": 0.2,
    "uncertainty": {
     "svi_vintage": "2022 (pre-fire); tract-level rank attached to a tile is a downscaling approximation",
     "svi_missing": false,
     "n_unassessed": 0,
     "low_n": false,
     "source": "DINS field survey; rates undefined where all points inaccessible"
    }
   }
  },
  {
   "type": "Feature",
   "geometry": {
    "type": "Polygon",
    "coordinates": [
     [
      [
       -118.09990469326284,
       34.18294719203333
      ],
      [
       -118.09877595208472,
       34.18464094096045
      ],
      [
       -118.09996155055649,
       34.186258286372755
      ],
      [
       -118.10227590246427,
       34.186181858216706
      ],
      [
       -118.10340458778465,
       34.18448810196952
      ],
      [
       -118.10221897705777,
       34.182870781198254
      ],
      [
       -118.09990469326284,
       34.18294719203333
      ]
     ]
    ]
   },
   "properties": {
    "h3_cell": "8929a1c0013ffff",
    "tract_geoid": "06037460101",
    "RPL_THEMES": 0.077,
    "RPL_THEME1": 0.1199,
    "RPL_THEME2": 0.2494,
    "RPL_THEME3": 0.1802,
    "RPL_THEME4": 0.0895,
    "n_structures": 43,
    "n_destroyed": 10,
    "destroyed_rate": 0.2326,
    "uncertainty": {
     "svi_vintage": "2022 (pre-fire); tract-level rank attached to a tile is a downscaling approximation",
     "svi_missing": false,
     "n_unassessed": 0,
     "low_n": false,
     "source": "DINS field survey; rates undefined where all points inaccessible"
    }
   }
  },
  {
   "type": "Feature",
   "geometry": {
    "type": "Polygon",
    "coordinates": [
     [
      [
       -118.10340458778465,
       34.18448810196952
      ],
      [
       -118.10227590246427,
       34.186181858216706
      ],
      [
       -118.10346154893176,
       34.187799138287986
      ],
      [
       -118.10577589296697,
       34.18772263747026
      ],
      [
       -118.10690452241985,
       34.1860288739085
      ],
      [
       -118.10571886370779,
       34.184411618478855
      ],
      [
       -118.10340458778465,
       34.18448810196952
      ]
     ]
    ]
   },
   "properties": {
    "h3_cell": "8929a1c0017ffff",
    "tract_geoid": "06037460101",
    "RPL_THEMES": 0.077,
    "RPL_THEME1": 0.1199,
    "RPL_THEME2": 0.2494,
    "RPL_THEME3": 0.1802,
    "RPL_THEME4": 0.0895,
    "n_structures": 52,
    "n_destroyed": 8,
    "destroyed_rate": 0.1538,
    "uncertainty": {
     "svi_vintage": "2022 (pre-fire); tract-level rank attached to a tile is a downscaling approximation",
     "svi_missing": false,
     "n_unassessed": 0,
     "low_n": false,
     "source": "DINS field survey; rates undefined where all points inaccessible"
    }
   }
  },
  {
   "type": "Feature",
   "geometry": {
    "type": "Polygon",
    "coordinates": [
     [
      [
       -118.10701865580096,
       34.1926507663768
      ],
      [
       -118.10588996160752,
       34.19434448316281
      ],
      [
       -118.10707572755595,
       34.19596161644122
      ],
      [
       -118.10939019993579,
       34.19588500829566
      ],
      [
       -118.11051883824503,
       34.19419128420322
      ],
      [
       -118.1093330600614,
       34.19257417556258
      ],
      [
       -118.10701865580096,
       34.1926507663768
      ]
     ]
    ]
   },
   "properties": {
    "h3_cell": "8929a1c0023ffff",
    "tract_geoid": "06037460101",
    "RPL_THEMES": 0.077,
    "RPL_THEME1": 0.1199,
    "RPL_THEME2": 0.2494,
    "RPL_THEME3": 0.1802,
    "RPL_THEME4": 0.0895,
    "n_structures": 12,
    "n_destroyed": 2,
    "destroyed_rate": 0.1667,
    "uncertainty": {
     "svi_vintage": "2022 (pre-fire); tract-level rank attached to a tile is a downscaling approximation",
     "svi_missing": false,
     "n_unassessed": 0,
     "low_n": false,
     "source": "DINS field survey; rates undefined where all points inaccessible"
    }
   }
  },
  {
   "type": "Feature",
   "geometry": {
    "type": "Polygon",
    "coordinates": [
     [
      [
       -118.11051883824503,
       34.19419128420322
      ],
      [
       -118.10939019993579,
       34.19588500829566
      ],
      [
       -118.1105760138697,
       34.19750207620214
      ],
      [
       -118.11289047834025,
       34.19742539537763
      ],
      [
       -118.11401906075551,
       34.195731663984276
      ],
      [
       -118.11283323459696,
       34.194114620716164
      ],
      [
       -118.11051883824503,
       34.19419128420322
      ]
     ]
    ]
   },
   "properties": {
    "h3_cell": "8929a1c0027ffff",
    "tract_geoid": "06037460101",
    "RPL_THEMES": 0.077,
    "RPL_THEME1": 0.1199,
    "RPL_THEME2": 0.2494,
    "RPL_THEME3": 0.1802,
    "RPL_THEME4": 0.0895,
    "n_structures": 5,
    "n_destroyed": 3,
    "destroyed_rate": 0.6,
    "uncertainty": {
     "svi_vintage": "2022 (pre-fire); tract-level rank attached to a tile is a downscaling approximation",
     "svi_missing": false,
     "n_unassessed": 0,
     "low_n": false,
     "source": "DINS field survey; rates undefined where all points inaccessible"
    }
   }
  },
  {
   "type": "Feature",
   "geometry": {
    "type": "Polygon",
    "coordinates": [
     [
      [
       -118.10696158742238,
       34.18933985219247
      ],
      [
       -118.10583292560013,
       34.19103359237166
      ],
      [
       -118.10701865580096,
       34.1926507663768
      ],
      [
       -118.1093330600614,
       34.19257417556258
      ],
      [
       -118.1104616660029,
       34.190880428075666
      ],
      [
       -118.10927592356745,
       34.18926327871052
      ],
      [
       -118.10696158742238,
       34.18933985219247
      ]
     ]
    ]
   },
   "properties": {
    "h3_cell": "8929a1c0033ffff",
    "tract_geoid": "06037460101",
    "RPL_THEMES": 0.077,
    "RPL_THEME1": 0.1199,
    "RPL_THEME2": 0.2494,
    "RPL_THEME3": 0.1802,
    "RPL_THEME4": 0.0895,
    "n_structures": 86,
    "n_destroyed": 25,
    "destroyed_rate": 0.2907,
    "uncertainty": {
     "svi_vintage": "2022 (pre-fire); tract-level rank attached to a tile is a downscaling approximation",
     "svi_missing": false,
     "n_unassessed": 0,
     "low_n": false,
     "source": "DINS field survey; rates undefined where all points inaccessible"
    }
   }
  },
  {
   "type": "Feature",
   "geometry": {
    "type": "Polygon",
    "coordinates": [
     [
      [
       -118.1104616660029,
       34.190880428075666
      ],
      [
       -118.1093330600614,
       34.19257417556258
      ],
      [
       -118.11051883824503,
       34.19419128420322
      ],
      [
       -118.11283323459696,
       34.194114620716164
      ],
      [
       -118.11396178464793,
       34.19242086592702
      ],
      [
       -118.11277599424024,
       34.19080378192698
      ],
      [
       -118.1104616660029,
       34.190880428075666
      ]
     ]
    ]
   },
   "properties": {
    "h3_cell": "8929a1c0037ffff",
    "tract_geoid": "06037460101",
    "RPL_THEMES": 0.077,
    "RPL_THEME1": 0.1199,
    "RPL_THEME2": 0.2494,
    "RPL_THEME3": 0.1802,
    "RPL_THEME4": 0.0895,
    "n_structures": 78,
    "n_destroyed": 44,
    "destroyed_rate": 0.5641,
    "uncertainty": {
     "svi_vintage": "2022 (pre-fire); tract-level rank attached to a tile is a downscaling approximation",
     "svi_missing": false,
     "n_unassessed": 0,
     "low_n": false,
     "source": "DINS field survey; rates undefined where all points inaccessible"
    }
   }
  },
  {
   "type": "Feature",
   "geometry": {
    "type": "Polygon",
    "coordinates": [
     [
      [
       -118.1035185134488,
       34.19111011051555
      ],
      [
       -118.10238976338093,
       34.1928038199896
      ],
      [
       -118.10357548133605,
       34.19442101863191
      ],
      [
       -118.10588996160752,
       34.19434448316281
      ],
      [
       -118.10701865580096,
       34.1926507663768
      ],
      [
       -118.10583292560013,
       34.19103359237166
      ],
      [
       -118.1035185134488,
       34.19111011051555
      ]
     ]
    ]
   },
   "properties": {
    "h3_cell": "8929a1c003bffff",
    "tract_geoid": "06037460101",
    "RPL_THEMES": 0.077,
    "RPL_THEME1": 0.1199,
    "RPL_THEME2": 0.2494,
    "RPL_THEME3": 0.1802,
    "RPL_THEME4": 0.0895,
    "n_structures": 7,
    "n_destroyed": 7,
    "destroyed_rate": 1.0,
    "uncertainty": {
     "svi_vintage": "2022 (pre-fire); tract-level rank attached to a tile is a downscaling approximation",
     "svi_missing": false,
     "n_unassessed": 0,
     "low_n": false,
     "source": "DINS field survey; rates undefined where all points inaccessible"
    }
   }
  },
  {
   "type": "Feature",
   "geometry": {
    "type": "Polygon",
    "coordinates": [
     [
      [
       -118.08963145368519,
       34.19156832321431
      ],
      [
       -118.08850241543493,
       34.193261956580514
      ],
      [
       -118.0896880128132,
       34.19487933518988
      ],
      [
       -118.09200266073343,
       34.19480305580261
      ],
      [
       -118.0931316431415,
       34.193109415105056
      ],
      [
       -118.09194603347429,
       34.191492061125935
      ],
      [
       -118.08963145368519,
       34.19156832321431
      ]
     ]
    ]
   },
   "properties": {
    "h3_cell": "8929a1c004fffff",
    "tract_geoid": "06037460001",
    "RPL_THEMES": 0.0029,
    "RPL_THEME1": 0.0114,
    "RPL_THEME2": 0.239,
    "RPL_THEME3": 0.1499,
    "RPL_THEME4": 0.0,
    "n_structures": 9,
    "n_destroyed": 5,
    "destroyed_rate": 0.5556,
    "uncertainty": {
     "svi_vintage": "2022 (pre-fire); tract-level rank attached to a tile is a downscaling approximation",
     "svi_missing": false,
     "n_unassessed": 0,
     "low_n": false,
     "source": "DINS field survey; rates undefined where all points inaccessible"
    }
   }
  },
  {
   "type": "Feature",
   "geometry": {
    "type": "Polygon",
    "coordinates": [
     [
      [
       -118.0931316431415,
       34.193109415105056
      ],
      [
       -118.09200266073343,
       34.19480305580261
      ],
      [
       -118.09318830614174,
       34.19642036906535
      ],
      [
       -118.09550294623928,
       34.19634401699949
      ],
      [
       -118.09663187279537,
       34.19465036897611
      ],
      [
       -118.09544621510867,
       34.19303308034421
      ],
      [
       -118.0931316431415,
       34.193109415105056
      ]
     ]
    ]
   },
   "properties": {
    "h3_cell": "8929a1c007bffff",
    "tract_geoid": "06037930400",
    "RPL_THEMES": 0.5737,
    "RPL_THEME1": 0.5002,
    "RPL_THEME2": 0.2688,
    "RPL_THEME3": 0.4527,
    "RPL_THEME4": 0.8606,
    "n_structures": 1,
    "n_destroyed": 0,
    "destroyed_rate": 0.0,
    "uncertainty": {
     "svi_vintage": "2022 (pre-fire); tract-level rank attached to a tile is a downscaling approximation",
     "svi_missing": false,
     "n_unassessed": 0,
     "low_n": true,
     "source": "DINS field survey; rates undefined where all points inaccessible"
    }
   }
  },
  {
   "type": "Feature",
   "geometry": {
    "type": "Polygon",
    "coordinates": [
     [
      [
       -118.10679040254195,
       34.179406725122604
      ],
      [
       -118.10566183782223,
       34.18110053541773
      ],
      [
       -118.10684746079315,
       34.18271783154512
      ],
      [
       -118.10916166071952,
       34.18264129273048
      ],
      [
       -118.11029016956888,
       34.18094747512369
      ],
      [
       -118.10910453436497,
       34.17933020364302
      ],
      [
       -118.10679040254195,
       34.179406725122604
      ]
     ]
    ]
   },
   "properties": {
    "h3_cell": "8929a1c0087ffff",
    "tract_geoid": "06037461200",
    "RPL_THEMES": 0.0538,
    "RPL_THEME1": 0.099,
    "RPL_THEME2": 0.0988,
    "RPL_THEME3": 0.2444,
    "RPL_THEME4": 0.1166,
    "n_structures": 2,
    "n_destroyed": 0,
    "destroyed_rate": 0.0,
    "uncertainty": {
     "svi_vintage": "2022 (pre-fire); tract-level rank attached to a tile is a downscaling approximation",
     "svi_missing": false,
     "n_unassessed": 0,
     "low_n": true,
     "source": "DINS field survey; rates undefined where all points inaccessible"
    }
   }
  },
  {
   "type": "Feature",
   "geometry": {
    "type": "Polygon",
    "coordinates": [
     [
      [
       -118.0998478393327,
       34.179636033631986
      ],
      [
       -118.09871913052898,
       34.18132980592847
      ],
      [
       -118.09990469326284,
       34.18294719203333
      ],
      [
       -118.10221897705777,
       34.182870781198254
      ],
      [
       -118.1033476300072,
       34.18117700158038
      ],
      [
       -118.10216205501877,
       34.17955964011879
      ],
      [
       -118.0998478393327,
       34.179636033631986
      ]
     ]
    ]
   },
   "properties": {
    "h3_cell": "8929a1c008bffff",
    "tract_geoid": "06037460101",
    "RPL_THEMES": 0.077,
    "RPL_THEME1": 0.1199,
    "RPL_THEME2": 0.2494,
    "RPL_THEME3": 0.1802,
    "RPL_THEME4": 0.0895,
    "n_structures": 20,
    "n_destroyed": 1,
    "destroyed_rate": 0.05,
    "uncertainty": {
     "svi_vintage": "2022 (pre-fire); tract-level rank attached to a tile is a downscaling approximation",
     "svi_missing": false,
     "n_unassessed": 0,
     "low_n": false,
     "source": "DINS field survey; rates undefined where all points inaccessible"
    }
   }
  },
  {
   "type": "Feature",
   "geometry": {
    "type": "Polygon",
    "coordinates": [
     [
      [
       -118.1033476300072,
       34.18117700158038
      ],
      [
       -118.10221897705777,
       34.182870781198254
      ],
      [
       -118.10340458778465,
       34.18448810196952
      ],
      [
       -118.10571886370779,
       34.184411618478855
      ],
      [
       -118.10684746079315,
       34.18271783154512
      ],
      [
       -118.10566183782223,
       34.18110053541773
      ],
      [
       -118.1033476300072,
       34.18117700158038
      ]
     ]
    ]
   },
   "properties": {
    "h3_cell": "8929a1c008fffff",
    "tract_geoid": "06037460101",
    "RPL_THEMES": 0.077,
    "RPL_THEME1": 0.1199,
    "RPL_THEME2": 0.2494,
    "RPL_THEME3": 0.1802,
    "RPL_THEME4": 0.0895,
    "n_structures": 56,
    "n_destroyed": 3,
    "destroyed_rate": 0.0536,
    "uncertainty": {
     "svi_vintage": "2022 (pre-fire); tract-level rank attached to a tile is a downscaling approximation",
     "svi_missing": false,
     "n_unassessed": 0,
     "low_n": false,
     "source": "DINS field survey; rates undefined where all points inaccessible"
    }
   }
  },
  {
   "type": "Feature",
   "geometry": {
    "type": "Polygon",
    "coordinates": [
     [
      [
       -118.09979098876575,
       34.17632481118898
      ],
      [
       -118.09866231233458,
       34.178018606844226
      ],
      [
       -118.0998478393327,
       34.179636033631986
      ],
      [
       -118.10216205501877,
       34.17955964011879
      ],
      [
       -118.10329067559908,
       34.177865837140864
      ],
      [
       -118.10210513634695,
       34.17624843499862
      ],
      [
       -118.09979098876575,
       34.17632481118898
      ]
     ]
    ]
   },
   "properties": {
    "h3_cell": "8929a1c009bffff",
    "tract_geoid": "06037461200",
    "RPL_THEMES": 0.0538,
    "RPL_THEME1": 0.099,
    "RPL_THEME2": 0.0988,
    "RPL_THEME3": 0.2444,
    "RPL_THEME4": 0.1166,
    "n_structures": 8,
    "n_destroyed": 0,
    "destroyed_rate": 0.0,
    "uncertainty": {
     "svi_vintage": "2022 (pre-fire); tract-level rank attached to a tile is a downscaling approximation",
     "svi_missing": false,
     "n_unassessed": 0,
     "low_n": false,
     "source": "DINS field survey; rates undefined where all points inaccessible"
    }
   }
  },
  {
   "type": "Feature",
   "geometry": {
    "type": "Polygon",
    "coordinates": [
     [
      [
       -118.11034733166511,
       34.18425852351563
      ],
      [
       -118.10921879045361,
       34.185952317759735
      ],
      [
       -118.11040449714304,
       34.187569507839704
      ],
      [
       -118.11271875726977,
       34.18749287903034
      ],
      [
       -118.1138472425977,
       34.185799077481384
      ],
      [
       -118.11266152368528,
       34.184181912046476
      ],
      [
       -118.11034733166511,
       34.18425852351563
      ]
     ]
    ]
   },
   "properties": {
    "h3_cell": "8929a1c00a3ffff",
    "tract_geoid": "06037461200",
    "RPL_THEMES": 0.0538,
    "RPL_THEME1": 0.099,
    "RPL_THEME2": 0.0988,
    "RPL_THEME3": 0.2444,
    "RPL_THEME4": 0.1166,
    "n_structures": 67,
    "n_destroyed": 1,
    "destroyed_rate": 0.0149,
    "uncertainty": {
     "svi_vintage": "2022 (pre-fire); tract-level rank attached to a tile is a downscaling approximation",
     "svi_missing": false,
     "n_unassessed": 0,
     "low_n": false,
     "source": "DINS field survey; rates undefined where all points inaccessible"
    }
   }
  },
  {
   "type": "Feature",
   "geometry": {
    "type": "Polygon",
    "coordinates": [
     [
      [
       -118.1138472425977,
       34.185799077481384
      ],
      [
       -118.11271875726977,
       34.18749287903034
      ],
      [
       -118.11390451192877,
       34.189110003752646
      ],
      [
       -118.11621876413089,
       34.189033302280116
      ],
      [
       -118.11734719356542,
       34.187339493431836
      ],
      [
       -118.11616142669399,
       34.18572239335521
      ],
      [
       -118.1138472425977,
       34.185799077481384
      ]
     ]
    ]
   },
   "properties": {
    "h3_cell": "8929a1c00a7ffff",
    "tract_geoid": "06037460101",
    "RPL_THEMES": 0.077,
    "RPL_THEME1": 0.1199,
    "RPL_THEME2": 0.2494,
    "RPL_THEME3": 0.1802,
    "RPL_THEME4": 0.0895,
    "n_structures": 102,
    "n_destroyed": 77,
    "destroyed_rate": 0.7549,
    "uncertainty": {
     "svi_vintage": "2022 (pre-fire); tract-level rank attached to a tile is a downscaling approximation",
     "svi_missing": false,
     "n_unassessed": 0,
     "low_n": false,
     "source": "DINS field survey; rates undefined where all points inaccessible"
    }
   }
  },
  {
   "type": "Feature",
   "geometry": {
    "type": "Polygon",
    "coordinates": [
     [
      [
       -118.10690452241985,
       34.1860288739085
      ],
      [
       -118.10577589296697,
       34.18772263747026
      ],
      [
       -118.10696158742238,
       34.18933985219247
      ],
      [
       -118.10927592356745,
       34.18926327871052
      ],
      [
       -118.11040449714304,
       34.187569507839704
      ],
      [
       -118.10921879045361,
       34.185952317759735
      ],
      [
       -118.10690452241985,
       34.1860288739085
      ]
     ]
    ]
   },
   "properties": {
    "h3_cell": "8929a1c00abffff",
    "tract_geoid": "06037460101",
    "RPL_THEMES": 0.077,
    "RPL_THEME1": 0.1199,
    "RPL_THEME2": 0.2494,
    "RPL_THEME3": 0.1802,
    "RPL_THEME4": 0.0895,
    "n_structures": 21,
    "n_destroyed": 0,
    "destroyed_rate": 0.0,
    "uncertainty": {
     "svi_vintage": "2022 (pre-fire); tract-level rank attached to a tile is a downscaling approximation",
     "svi_missing": false,
     "n_unassessed": 0,
     "low_n": false,
     "source": "DINS field survey; rates undefined where all points inaccessible"
    }
   }
  },
  {
   "type": "Feature",
   "geometry": {
    "type": "Polygon",
    "coordinates": [
     [
      [
       -118.11040449714304,
       34.187569507839704
      ],
      [
       -118.10927592356745,
       34.18926327871052
      ],
      [
       -118.1104616660029,
       34.190880428075666
      ],
      [
       -118.11277599424024,
       34.19080378192698
      ],
      [
       -118.11390451192877,
       34.189110003752646
      ],
      [
       -118.11271875726977,
       34.18749287903034
      ],
      [
       -118.11040449714304,
       34.187569507839704
      ]
     ]
    ]
   },
   "properties": {
    "h3_cell": "8929a1c00afffff",
    "tract_geoid": "06037460101",
    "RPL_THEMES": 0.077,
    "RPL_THEME1": 0.1199,
    "RPL_THEME2": 0.2494,
    "RPL_THEME3": 0.1802,
    "RPL_THEME4": 0.0895,
    "n_structures": 108,
    "n_destroyed": 30,
    "destroyed_rate": 0.2778,
    "uncertainty": {
     "svi_vintage": "2022 (pre-fire); tract-level rank attached to a tile is a downscaling approximation",
     "svi_missing": false,
     "n_unassessed": 0,
     "low_n": false,
     "source": "DINS field survey; rates undefined where all points inaccessible"
    }
   }
  },
  {
   "type": "Feature",
   "geometry": {
    "type": "Polygon",
    "coordinates": [
     [
      [
       -118.11029016956888,
       34.18094747512369
      ],
      [
       -118.10916166071952,
       34.18264129273048
      ],
      [
       -118.11034733166511,
       34.18425852351563
      ],
      [
       -118.11266152368528,
       34.184181912046476
      ],
      [
       -118.11378997665446,
       34.182488087133535
      ],
      [
       -118.11260429348641,
       34.180870880995705
      ],
      [
       -118.11029016956888,
       34.18094747512369
      ]
     ]
    ]
   },
   "properties": {
    "h3_cell": "8929a1c00b3ffff",
    "tract_geoid": "06037461200",
    "RPL_THEMES": 0.0538,
    "RPL_THEME1": 0.099,
    "RPL_THEME2": 0.0988,
    "RPL_THEME3": 0.2444,
    "RPL_THEME4": 0.1166,
    "n_structures": 35,
    "n_destroyed": 0,
    "destroyed_rate": 0.0,
    "uncertainty": {
     "svi_vintage": "2022 (pre-fire); tract-level rank attached to a tile is a downscaling approximation",
     "svi_missing": false,
     "n_unassessed": 0,
     "low_n": false,
     "source": "DINS field survey; rates undefined where all points inaccessible"
    }
   }
  },
  {
   "type": "Feature",
   "geometry": {
    "type": "Polygon",
    "coordinates": [
     [
      [
       -118.11378997665446,
       34.182488087133535
      ],
      [
       -118.11266152368528,
       34.184181912046476
      ],
      [
       -118.1138472425977,
       34.185799077481384
      ],
      [
       -118.11616142669399,
       34.18572239335521
      ],
      [
       -118.11728982377323,
       34.18402856114161
      ],
      [
       -118.1161040926489,
       34.18241142035463
      ],
      [
       -118.11378997665446,
       34.182488087133535
      ]
     ]
    ]
   },
   "properties": {
    "h3_cell": "8929a1c00b7ffff",
    "tract_geoid": "06037461200",
    "RPL_THEMES": 0.0538,
    "RPL_THEME1": 0.099,
    "RPL_THEME2": 0.0988,
    "RPL_THEME3": 0.2444,
    "RPL_THEME4": 0.1166,
    "n_structures": 199,
    "n_destroyed": 78,
    "destroyed_rate": 0.392,
    "uncertainty": {
     "svi_vintage": "2022 (pre-fire); tract-level rank attached to a tile is a downscaling approximation",
     "svi_missing": false,
     "n_unassessed": 0,
     "low_n": false,
     "source": "DINS field survey; rates undefined where all points inaccessible"
    }
   }
  },
  {
   "type": "Feature",
   "geometry": {
    "type": "Polygon",
    "coordinates": [
     [
      [
       -118.10684746079315,
       34.18271783154512
      ],
      [
       -118.10571886370779,
       34.184411618478855
      ],
      [
       -118.10690452241985,
       34.1860288739085
      ],
      [
       -118.10921879045361,
       34.185952317759735
      ],
      [
       -118.11034733166511,
       34.18425852351563
      ],
      [
       -118.10916166071952,
       34.18264129273048
      ],
      [
       -118.10684746079315,
       34.18271783154512
      ]
     ]
    ]
   },
   "properties": {
    "h3_cell": "8929a1c00bbffff",
    "tract_geoid": "06037460101",
    "RPL_THEMES": 0.077,
    "RPL_THEME1": 0.1199,
    "RPL_THEME2": 0.2494,
    "RPL_THEME3": 0.1802,
    "RPL_THEME4": 0.0895,
    "n_structures": 30,
    "n_destroyed": 0,
    "destroyed_rate": 0.0,
    "uncertainty": {
     "svi_vintage": "2022 (pre-fire); tract-level rank attached to a tile is a downscaling approximation",
     "svi_missing": false,
     "n_unassessed": 2,
     "low_n": false,
     "source": "DINS field survey; rates undefined where all points inaccessible"
    }
   }
  },
  {
   "type": "Feature",
   "geometry": {
    "type": "Polygon",
    "coordinates": [
     [
      [
       -118.09640483887988,
       34.18140614411048
      ],
      [
       -118.0952760418538,
       34.18309988571204
      ],
      [
       -118.09646159232202,
       34.18471729645732
      ],
      [
       -118.09877595208472,
       34.18464094096045
      ],
      [
       -118.09990469326284,
       34.18294719203333
      ],
      [
       -118.09871913052898,
       34.18132980592847
      ],
      [
       -118.09640483887988,
       34.18140614411048
      ]
     ]
    ]
   },
   "properties": {
    "h3_cell": "8929a1c00c7ffff",
    "tract_geoid": "06037460001",
    "RPL_THEMES": 0.0029,
    "RPL_THEME1": 0.0114,
    "RPL_THEME2": 0.239,
    "RPL_THEME3": 0.1499,
    "RPL_THEME4": 0.0,
    "n_structures": 9,
    "n_destroyed": 0,
    "destroyed_rate": 0.0,
    "uncertainty": {
     "svi_vintage": "2022 (pre-fire); tract-level rank attached to a tile is a downscaling approximation",
     "svi_missing": false,
     "n_unassessed": 0,
     "low_n": false,
     "source": "DINS field survey; rates undefined where all points inaccessible"
    }
   }
  },
  {
   "type": "Feature",
   "geometry": {
    "type": "Polygon",
    "coordinates": [
     [
      [
       -118.08946179637712,
       34.181634902668094
      ],
      [
       -118.08833285529785,
       34.18332860622593
      ],
      [
       -118.08951834546744,
       34.18494610693315
      ],
      [
       -118.0918327890063,
       34.18486987944537
      ],
      [
       -118.09296167425374,
       34.183176168552244
      ],
      [
       -118.09177617179691,
       34.18155869248199
      ],
      [
       -118.08946179637712,
       34.181634902668094
      ]
     ]
    ]
   },
   "properties": {
    "h3_cell": "8929a1c00cbffff",
    "tract_geoid": "06037460001",
    "RPL_THEMES": 0.0029,
    "RPL_THEME1": 0.0114,
    "RPL_THEME2": 0.239,
    "RPL_THEME3": 0.1499,
    "RPL_THEME4": 0.0,
    "n_structures": 14,
    "n_destroyed": 0,
    "destroyed_rate": 0.0,
    "uncertainty": {
     "svi_vintage": "2022 (pre-fire); tract-level rank attached to a tile is a downscaling approximation",
     "svi_missing": false,
     "n_unassessed": 0,
     "low_n": false,
     "source": "DINS field survey; rates undefined where all points inaccessible"
    }
   }
  },
  {
   "type": "Feature",
   "geometry": {
    "type": "Polygon",
    "coordinates": [
     [
      [
       -118.09284837841975,
       34.17655368382639
      ],
      [
       -118.09171955793681,
       34.17824744146358
      ],
      [
       -118.09290502466115,
       34.17986495821153
      ],
      [
       -118.09521932414685,
       34.179788692680056
      ],
      [
       -118.09634808879508,
       34.17809492771046
      ],
      [
       -118.0951626097951,
       34.17647743560458
      ],
      [
       -118.09284837841975,
       34.17655368382639
      ]
     ]
    ]
   },
   "properties": {
    "h3_cell": "8929a1c00d3ffff",
    "tract_geoid": "06037460101",
    "RPL_THEMES": 0.077,
    "RPL_THEME1": 0.1199,
    "RPL_THEME2": 0.2494,
    "RPL_THEME3": 0.1802,
    "RPL_THEME4": 0.0895,
    "n_structures": 5,
    "n_destroyed": 4,
    "destroyed_rate": 0.8,
    "uncertainty": {
     "svi_vintage": "2022 (pre-fire); tract-level rank attached to a tile is a downscaling approximation",
     "svi_missing": false,
     "n_unassessed": 0,
     "low_n": false,
     "source": "DINS field survey; rates undefined where all points inaccessible"
    }
   }
  },
  {
   "type": "Feature",
   "geometry": {
    "type": "Polygon",
    "coordinates": [
     [
      [
       -118.09634808879508,
       34.17809492771046
      ],
      [
       -118.09521932414685,
       34.179788692680056
      ],
      [
       -118.09640483887988,
       34.18140614411048
      ],
      [
       -118.09871913052898,
       34.18132980592847
      ],
      [
       -118.0998478393327,
       34.179636033631986
      ],
      [
       -118.09866231233458,
       34.178018606844226
      ],
      [
       -118.09634808879508,
       34.17809492771046
      ]
     ]
    ]
   },
   "properties": {
    "h3_cell": "8929a1c00d7ffff",
    "tract_geoid": "06037460001",
    "RPL_THEMES": 0.0029,
    "RPL_THEME1": 0.0114,
    "RPL_THEME2": 0.239,
    "RPL_THEME3": 0.1499,
    "RPL_THEME4": 0.0,
    "n_structures": 34,
    "n_destroyed": 0,
    "destroyed_rate": 0.0,
    "uncertainty": {
     "svi_vintage": "2022 (pre-fire); tract-level rank attached to a tile is a downscaling approximation",
     "svi_missing": false,
     "n_unassessed": 2,
     "low_n": false,
     "source": "DINS field survey; rates undefined where all points inaccessible"
    }
   }
  },
  {
   "type": "Feature",
   "geometry": {
    "type": "Polygon",
    "coordinates": [
     [
      [
       -118.08940525063213,
       34.178323634347066
      ],
      [
       -118.08827634193949,
       34.180017361280925
      ],
      [
       -118.08946179637712,
       34.181634902668094
      ],
      [
       -118.09177617179691,
       34.18155869248199
      ],
      [
       -118.09290502466115,
       34.17986495821153
      ],
      [
       -118.09171955793681,
       34.17824744146358
      ],
      [
       -118.08940525063213,
       34.178323634347066
      ]
     ]
    ]
   },
   "properties": {
    "h3_cell": "8929a1c00dbffff",
    "tract_geoid": "06037460001",
    "RPL_THEMES": 0.0029,
    "RPL_THEME1": 0.0114,
    "RPL_THEME2": 0.239,
    "RPL_THEME3": 0.1499,
    "RPL_THEME4": 0.0,
    "n_structures": 46,
    "n_destroyed": 2,
    "destroyed_rate": 0.0435,
    "uncertainty": {
     "svi_vintage": "2022 (pre-fire); tract-level rank attached to a tile is a downscaling approximation",
     "svi_missing": false,
     "n_unassessed": 0,
     "low_n": false,
     "source": "DINS field survey; rates undefined where all points inaccessible"
    }
   }
  },
  {
   "type": "Feature",
   "geometry": {
    "type": "Polygon",
    "coordinates": [
     [
      [
       -118.12446238071554,
       34.19704135118469
      ],
      [
       -118.12333399839483,
       34.198735127847456
      ],
      [
       -118.1245199684312,
       34.20035197494986
      ],
      [
       -118.12683433297303,
       34.20027502074631
      ],
      [
       -118.12796265936416,
       34.19858123680336
      ],
      [
       -118.12677667714583,
       34.19696441434395
      ],
      [
       -118.12446238071554,
       34.19704135118469
      ]
     ]
    ]
   },
   "properties": {
    "h3_cell": "8929a1c0103ffff",
    "tract_geoid": "06037460101",
    "RPL_THEMES": 0.077,
    "RPL_THEME1": 0.1199,
    "RPL_THEME2": 0.2494,
    "RPL_THEME3": 0.1802,
    "RPL_THEME4": 0.0895,
    "n_structures": 115,
    "n_destroyed": 74,
    "destroyed_rate": 0.6435,
    "uncertainty": {
     "svi_vintage": "2022 (pre-fire); tract-level rank attached to a tile is a downscaling approximation",
     "svi_missing": false,
     "n_unassessed": 0,
     "low_n": false,
     "source": "DINS field survey; rates undefined where all points inaccessible"
    }
   }
  },
  {
   "type": "Feature",
   "geometry": {
    "type": "Polygon",
    "coordinates": [
     [
      [
       -118.12796265936416,
       34.19858123680336
      ],
      [
       -118.12683433297303,
       34.20027502074631
      ],
      [
       -118.12802035095302,
       34.20189180244411
      ],
      [
       -118.1303347074983,
       34.20181477555517
      ],
      [
       -118.13146297795004,
       34.20012098433754
      ],
      [
       -118.13027694779863,
       34.198504227283344
      ],
      [
       -118.12796265936416,
       34.19858123680336
      ]
     ]
    ]
   },
   "properties": {
    "h3_cell": "8929a1c0107ffff",
    "tract_geoid": "06037460101",
    "RPL_THEMES": 0.077,
    "RPL_THEME1": 0.1199,
    "RPL_THEME2": 0.2494,
    "RPL_THEME3": 0.1802,
    "RPL_THEME4": 0.0895,
    "n_structures": 162,
    "n_destroyed": 114,
    "destroyed_rate": 0.7037,
    "uncertainty": {
     "svi_vintage": "2022 (pre-fire); tract-level rank attached to a tile is a downscaling approximation",
     "svi_missing": false,
     "n_unassessed": 0,
     "low_n": false,
     "source": "DINS field survey; rates undefined where all points inaccessible"
    }
   }
  },
  {
   "type": "Feature",
   "geometry": {
    "type": "Polygon",
    "coordinates": [
     [
      [
       -118.12101962587404,
       34.19881200936812
      ],
      [
       -118.11989115527606,
       34.20050575534678
      ],
      [
       -118.1210771131194,
       34.202122627089345
      ],
      [
       -118.12339155375653,
       34.2020457282129
      ],
      [
       -118.1245199684312,
       34.20035197494986
      ],
      [
       -118.12333399839483,
       34.198735127847456
      ],
      [
       -118.12101962587404,
       34.19881200936812
      ]
     ]
    ]
   },
   "properties": {
    "h3_cell": "8929a1c010bffff",
    "tract_geoid": "06037460101",
    "RPL_THEMES": 0.077,
    "RPL_THEME1": 0.1199,
    "RPL_THEME2": 0.2494,
    "RPL_THEME3": 0.1802,
    "RPL_THEME4": 0.0895,
    "n_structures": 30,
    "n_destroyed": 19,
    "destroyed_rate": 0.6333,
    "uncertainty": {
     "svi_vintage": "2022 (pre-fire); tract-level rank attached to a tile is a downscaling approximation",
     "svi_missing": false,
     "n_unassessed": 0,
     "low_n": false,
     "source": "DINS field survey; rates undefined where all points inaccessible"
    }
   }
  },
  {
   "type": "Feature",
   "geometry": {
    "type": "Polygon",
    "coordinates": [
     [
      [
       -118.1245199684312,
       34.20035197494986
      ],
      [
       -118.12339155375653,
       34.2020457282129
      ],
      [
       -118.12457755955401,
       34.20366253455147
      ],
      [
       -118.12689199221141,
       34.20358556298603
      ],
      [
       -118.12802035095302,
       34.20189180244411
      ],
      [
       -118.12683433297303,
       34.20027502074631
      ],
      [
       -118.1245199684312,
       34.20035197494986
      ]
     ]
    ]
   },
   "properties": {
    "h3_cell": "8929a1c010fffff",
    "tract_geoid": "06037460101",
    "RPL_THEMES": 0.077,
    "RPL_THEME1": 0.1199,
    "RPL_THEME2": 0.2494,
    "RPL_THEME3": 0.1802,
    "RPL_THEME4": 0.0895,
    "n_structures": 57,
    "n_destroyed": 40,
    "destroyed_rate": 0.7143,
    "uncertainty": {
     "svi_vintage": "2022 (pre-fire); tract-level rank attached to a tile is a downscaling approximation",
     "svi_missing": false,
     "n_unassessed": 1,
     "low_n": false,
     "source": "DINS field survey; rates undefined where all points inaccessible"
    }
   }
  },
  {
   "type": "Feature",
   "geometry": {
    "type": "Polygon",
    "coordinates": [
     [
      [
       -118.12440479640681,
       34.193730663276206
      ],
      [
       -118.12327644643814,
       34.19542446332811
      ],
      [
       -118.12446238071554,
       34.19704135118469
      ],
      [
       -118.12677667714583,
       34.19696441434395
      ],
      [
       -118.12790497118834,
       34.19527060701057
      ],
      [
       -118.12671902472951,
       34.1936537437992
      ],
      [
       -118.12440479640681,
       34.193730663276206
      ]
     ]
    ]
   },
   "properties": {
    "h3_cell": "8929a1c0113ffff",
    "tract_geoid": "06037460101",
    "RPL_THEMES": 0.077,
    "RPL_THEME1": 0.1199,
    "RPL_THEME2": 0.2494,
    "RPL_THEME3": 0.1802,
    "RPL_THEME4": 0.0895,
    "n_structures": 134,
    "n_destroyed": 92,
    "destroyed_rate": 0.6866,
    "uncertainty": {
     "svi_vintage": "2022 (pre-fire); tract-level rank attached to a tile is a downscaling approximation",
     "svi_missing": false,
     "n_unassessed": 0,
     "low_n": false,
     "source": "DINS field survey; rates undefined where all points inaccessible"
    }
   }
  },
  {
   "type": "Feature",
   "geometry": {
    "type": "Polygon",
    "coordinates": [
     [
      [
       -118.12790497118834,
       34.19527060701057
      ],
      [
       -118.12677667714583,
       34.19696441434395
      ],
      [
       -118.12796265936416,
       34.19858123680336
      ],
      [
       -118.13027694779863,
       34.198504227283344
      ],
      [
       -118.13140518590522,
       34.19681041267397
      ],
      [
       -118.13021919151599,
       34.195193614860415
      ],
      [
       -118.12790497118834,
       34.19527060701057
      ]
     ]
    ]
   },
   "properties": {
    "h3_cell": "8929a1c0117ffff",
    "tract_geoid": "06037460101",
    "RPL_THEMES": 0.077,
    "RPL_THEME1": 0.1199,
    "RPL_THEME2": 0.2494,
    "RPL_THEME3": 0.1802,
    "RPL_THEME4": 0.0895,
    "n_structures": 182,
    "n_destroyed": 119,
    "destroyed_rate": 0.6538,
    "uncertainty": {
     "svi_vintage": "2022 (pre-fire); tract-level rank attached to a tile is a downscaling approximation",
     "svi_missing": false,
     "n_unassessed": 0,
     "low_n": false,
     "source": "DINS field survey; rates undefined where all points inaccessible"
    }
   }
  },
  {
   "type": "Feature",
   "geometry": {
    "type": "Polygon",
    "coordinates": [
     [
      [
       -118.1209621420297,
       34.19550132749207
      ],
      [
       -118.1198337037891,
       34.19719509686912
      ],
      [
       -118.12101962587404,
       34.19881200936812
      ],
      [
       -118.12333399839483,
       34.198735127847456
      ],
      [
       -118.12446238071554,
       34.19704135118469
      ],
      [
       -118.12327644643814,
       34.19542446332811
      ],
      [
       -118.1209621420297,
       34.19550132749207
      ]
     ]
    ]
   },
   "properties": {
    "h3_cell": "8929a1c011bffff",
    "tract_geoid": "06037460101",
    "RPL_THEMES": 0.077,
    "RPL_THEME1": 0.1199,
    "RPL_THEME2": 0.2494,
    "RPL_THEME3": 0.1802,
    "RPL_THEME4": 0.0895,
    "n_structures": 86,
    "n_destroyed": 64,
    "destroyed_rate": 0.7442,
    "uncertainty": {
     "svi_vintage": "2022 (pre-fire); tract-level rank attached to a tile is a downscaling approximation",
     "svi_missing": false,
     "n_unassessed": 0,
     "low_n": false,
     "source": "DINS field survey; rates undefined where all points inaccessible"
    }
   }
  },
  {
   "type": "Feature",
   "geometry": {
    "type": "Polygon",
    "coordinates": [
     [
      [
       -118.13152077341407,
       34.20343149184035
      ],
      [
       -118.13039247061533,
       34.20512525965563
      ],
      [
       -118.1315785722976,
       34.206741935162135
      ],
      [
       -118.13389298894279,
       34.2066648182112
      ],
      [
       -118.13502123578888,
       34.204971043128076
      ],
      [
       -118.1338351219452,
       34.20335439226351
      ],
      [
       -118.13152077341407,
       34.20343149184035
      ]
     ]
    ]
   },
   "properties": {
    "h3_cell": "8929a1c0123ffff",
    "tract_geoid": "06037460200",
    "RPL_THEMES": 0.4498,
    "RPL_THEME1": 0.3732,
    "RPL_THEME2": 0.6798,
    "RPL_THEME3": 0.5579,
    "RPL_THEME4": 0.3451,
    "n_structures": 87,
    "n_destroyed": 67,
    "destroyed_rate": 0.7701,
    "uncertainty": {
     "svi_vintage": "2022 (pre-fire); tract-level rank attached to a tile is a downscaling approximation",
     "svi_missing": false,
     "n_unassessed": 0,
     "low_n": false,
     "source": "DINS field survey; rates undefined where all points inaccessible"
    }
   }
  },
  {
   "type": "Feature",
   "geometry": {
    "type": "Polygon",
    "coordinates": [
     [
      [
       -118.13502123578888,
       34.204971043128076
      ],
      [
       -118.13389298894279,
       34.2066648182112
      ],
      [
       -118.13507913855568,
       34.20828142828966
      ],
      [
       -118.13739354716833,
       34.20820423864224
      ],
      [
       -118.13852173805205,
       34.20651045629675
      ],
      [
       -118.13733557628827,
       34.20489387086085
      ],
      [
       -118.13502123578888,
       34.204971043128076
      ]
     ]
    ]
   },
   "properties": {
    "h3_cell": "8929a1c0127ffff",
    "tract_geoid": "06037460200",
    "RPL_THEMES": 0.4498,
    "RPL_THEME1": 0.3732,
    "RPL_THEME2": 0.6798,
    "RPL_THEME3": 0.5579,
    "RPL_THEME4": 0.3451,
    "n_structures": 65,
    "n_destroyed": 52,
    "destroyed_rate": 0.8,
    "uncertainty": {
     "svi_vintage": "2022 (pre-fire); tract-level rank attached to a tile is a downscaling approximation",
     "svi_missing": false,
     "n_unassessed": 0,
     "low_n": false,
     "source": "DINS field survey; rates undefined where all points inaccessible"
    }
   }
  },
  {
   "type": "Feature",
   "geometry": {
    "type": "Polygon",
    "coordinates": [
     [
      [
       -118.1280780459552,
       34.20520230391257
      ],
      [
       -118.12694965486132,
       34.20689604104287
      ],
      [
       -118.12813574437108,
       34.20851274118848
      ],
      [
       -118.13045023715,
       34.20843567956448
      ],
      [
       -118.1315785722976,
       34.206741935162135
      ],
      [
       -118.13039247061533,
       34.20512525965563
      ],
      [
       -118.1280780459552,
       34.20520230391257
      ]
     ]
    ]
   },
   "properties": {
    "h3_cell": "8929a1c012bffff",
    "tract_geoid": "06037460200",
    "RPL_THEMES": 0.4498,
    "RPL_THEME1": 0.3732,
    "RPL_THEME2": 0.6798,
    "RPL_THEME3": 0.5579,
    "RPL_THEME4": 0.3451,
    "n_structures": 2,
    "n_destroyed": 2,
    "destroyed_rate": 1.0,
    "uncertainty": {
     "svi_vintage": "2022 (pre-fire); tract-level rank attached to a tile is a downscaling approximation",
     "svi_missing": false,
     "n_unassessed": 0,
     "low_n": true,
     "source": "DINS field survey; rates undefined where all points inaccessible"
    }
   }
  },
  {
   "type": "Feature",
   "geometry": {
    "type": "Polygon",
    "coordinates": [
     [
      [
       -118.1315785722976,
       34.206741935162135
      ],
      [
       -118.13045023715,
       34.20843567956448
      ],
      [
       -118.13163637460093,
       34.21005231428265
      ],
      [
       -118.13395085936418,
       34.209975179958555
      ],
      [
       -118.13507913855568,
       34.20828142828966
      ],
      [
       -118.13389298894279,
       34.2066648182112
      ],
      [
       -118.1315785722976,
       34.206741935162135
      ]
     ]
    ]
   },
   "properties": {
    "h3_cell": "8929a1c012fffff",
    "tract_geoid": "06037460200",
    "RPL_THEMES": 0.4498,
    "RPL_THEME1": 0.3732,
    "RPL_THEME2": 0.6798,
    "RPL_THEME3": 0.5579,
    "RPL_THEME4": 0.3451,
    "n_structures": 13,
    "n_destroyed": 11,
    "destroyed_rate": 0.8462,
    "uncertainty": {
     "svi_vintage": "2022 (pre-fire); tract-level rank attached to a tile is a downscaling approximation",
     "svi_missing": false,
     "n_unassessed": 0,
     "low_n": false,
     "source": "DINS field survey; rates undefined where all points inaccessible"
    }
   }
  },
  {
   "type": "Feature",
   "geometry": {
    "type": "Polygon",
    "coordinates": [
     [
      [
       -118.13146297795004,
       34.20012098433754
      ],
      [
       -118.1303347074983,
       34.20181477555517
      ],
      [
       -118.13152077341407,
       34.20343149184035
      ],
      [
       -118.1338351219452,
       34.20335439226351
      ],
      [
       -118.13496333644777,
       34.20166059377672
      ],
      [
       -118.13377725837111,
       34.200043902135754
      ],
      [
       -118.13146297795004,
       34.20012098433754
      ]
     ]
    ]
   },
   "properties": {
    "h3_cell": "8929a1c0133ffff",
    "tract_geoid": "06037460200",
    "RPL_THEMES": 0.4498,
    "RPL_THEME1": 0.3732,
    "RPL_THEME2": 0.6798,
    "RPL_THEME3": 0.5579,
    "RPL_THEME4": 0.3451,
    "n_structures": 79,
    "n_destroyed": 69,
    "destroyed_rate": 0.8734,
    "uncertainty": {
     "svi_vintage": "2022 (pre-fire); tract-level rank attached to a tile is a downscaling approximation",
     "svi_missing": false,
     "n_unassessed": 0,
     "low_n": false,
     "source": "DINS field survey; rates undefined where all points inaccessible"
    }
   }
  },
  {
   "type": "Feature",
   "geometry": {
    "type": "Polygon",
    "coordinates": [
     [
      [
       -118.13496333644777,
       34.20166059377672
      ],
      [
       -118.1338351219452,
       34.20335439226351
      ],
      [
       -118.13502123578888,
       34.204971043128076
      ],
      [
       -118.13733557628827,
       34.20489387086085
      ],
      [
       -118.1384637348319,
       34.20320006511041
      ],
      [
       -118.13727760883783,
       34.201583438890644
      ],
      [
       -118.13496333644777,
       34.20166059377672
      ]
     ]
    ]
   },
   "properties": {
    "h3_cell": "8929a1c0137ffff",
    "tract_geoid": "06037460200",
    "RPL_THEMES": 0.4498,
    "RPL_THEME1": 0.3732,
    "RPL_THEME2": 0.6798,
    "RPL_THEME3": 0.5579,
    "RPL_THEME4": 0.3451,
    "n_structures": 103,
    "n_destroyed": 89,
    "destroyed_rate": 0.8641,
    "uncertainty": {
     "svi_vintage": "2022 (pre-fire); tract-level rank attached to a tile is a downscaling approximation",
     "svi_missing": false,
     "n_unassessed": 0,
     "low_n": false,
     "source": "DINS field survey; rates undefined where all points inaccessible"
    }
   }
  },
  {
   "type": "Feature",
   "geometry": {
    "type": "Polygon",
    "coordinates": [
     [
      [
       -118.12802035095302,
       34.20189180244411
      ],
      [
       -118.12689199221141,
       34.20358556298603
      ],
      [
       -118.1280780459552,
       34.20520230391257
      ],
      [
       -118.13039247061533,
       34.20512525965563
      ],
      [
       -118.13152077341407,
       34.20343149184035
      ],
      [
       -118.1303347074983,
       34.20181477555517
      ],
      [
       -118.12802035095302,
       34.20189180244411
      ]
     ]
    ]
   },
   "properties": {
    "h3_cell": "8929a1c013bffff",
    "tract_geoid": "06037460101",
    "RPL_THEMES": 0.077,
    "RPL_THEME1": 0.1199,
    "RPL_THEME2": 0.2494,
    "RPL_THEME3": 0.1802,
    "RPL_THEME4": 0.0895,
    "n_structures": 67,
    "n_destroyed": 60,
    "destroyed_rate": 0.8955,
    "uncertainty": {
     "svi_vintage": "2022 (pre-fire); tract-level rank attached to a tile is a downscaling approximation",
     "svi_missing": false,
     "n_unassessed": 0,
     "low_n": false,
     "source": "DINS field survey; rates undefined where all points inaccessible"
    }
   }
  },
  {
   "type": "Feature",
   "geometry": {
    "type": "Polygon",
    "coordinates": [
     [
      [
       -118.11401906075551,
       34.195731663984276
      ],
      [
       -118.11289047834025,
       34.19742539537763
      ],
      [
       -118.11407634025181,
       34.19904239790416
      ],
      [
       -118.11639079679549,
       34.198965644398186
      ],
      [
       -118.117519323307,
       34.19727190570943
      ],
      [
       -118.11633344918135,
       34.195654927821856
      ],
      [
       -118.11401906075551,
       34.195731663984276
      ]
     ]
    ]
   },
   "properties": {
    "h3_cell": "8929a1c0153ffff",
    "tract_geoid": "06037460101",
    "RPL_THEMES": 0.077,
    "RPL_THEME1": 0.1199,
    "RPL_THEME2": 0.2494,
    "RPL_THEME3": 0.1802,
    "RPL_THEME4": 0.0895,
    "n_structures": 17,
    "n_destroyed": 5,
    "destroyed_rate": 0.2941,
    "uncertainty": {
     "svi_vintage": "2022 (pre-fire); tract-level rank attached to a tile is a downscaling approximation",
     "svi_missing": false,
     "n_unassessed": 0,
     "low_n": false,
     "source": "DINS field survey; rates undefined where all points inaccessible"
    }
   }
  },
  {
   "type": "Feature",
   "geometry": {
    "type": "Polygon",
    "coordinates": [
     [
      [
       -118.117519323307,
       34.19727190570943
      ],
      [
       -118.11639079679549,
       34.198965644398186
      ],
      [
       -118.11757670667684,
       34.200582581536736
      ],
      [
       -118.11989115527606,
       34.20050575534678
      ],
      [
       -118.12101962587404,
       34.19881200936812
      ],
      [
       -118.1198337037891,
       34.19719509686912
      ],
      [
       -118.117519323307,
       34.19727190570943
      ]
     ]
    ]
   },
   "properties": {
    "h3_cell": "8929a1c0157ffff",
    "tract_geoid": "06037460101",
    "RPL_THEMES": 0.077,
    "RPL_THEME1": 0.1199,
    "RPL_THEME2": 0.2494,
    "RPL_THEME3": 0.1802,
    "RPL_THEME4": 0.0895,
    "n_structures": 8,
    "n_destroyed": 2,
    "destroyed_rate": 0.25,
    "uncertainty": {
     "svi_vintage": "2022 (pre-fire); tract-level rank attached to a tile is a downscaling approximation",
     "svi_missing": false,
     "n_unassessed": 0,
     "low_n": false,
     "source": "DINS field survey; rates undefined where all points inaccessible"
    }
   }
  },
  {
   "type": "Feature",
   "geometry": {
    "type": "Polygon",
    "coordinates": [
     [
      [
       -118.1246351540843,
       34.20697302996925
      ],
      [
       -118.12350667469623,
       34.20866673640108
      ],
      [
       -118.1246927520224,
       34.210283461182975
      ],
      [
       -118.12700732092298,
       34.21020645489657
      ],
      [
       -118.12813574437108,
       34.20851274118848
      ],
      [
       -118.12694965486132,
       34.20689604104287
      ],
      [
       -118.1246351540843,
       34.20697302996925
      ]
     ]
    ]
   },
   "properties": {
    "h3_cell": "8929a1c0167ffff",
    "tract_geoid": "06037460200",
    "RPL_THEMES": 0.4498,
    "RPL_THEME1": 0.3732,
    "RPL_THEME2": 0.6798,
    "RPL_THEME3": 0.5579,
    "RPL_THEME4": 0.3451,
    "n_structures": 1,
    "n_destroyed": 0,
    "destroyed_rate": 0.0,
    "uncertainty": {
     "svi_vintage": "2022 (pre-fire); tract-level rank attached to a tile is a downscaling approximation",
     "svi_missing": false,
     "n_unassessed": 0,
     "low_n": true,
     "source": "DINS field survey; rates undefined where all points inaccessible"
    }
   }
  },
  {
   "type": "Feature",
   "geometry": {
    "type": "Polygon",
    "coordinates": [
     [
      [
       -118.1210771131194,
       34.202122627089345
      ],
      [
       -118.11994861016217,
       34.20381634965901
      ],
      [
       -118.12113460376611,
       34.20543318063549
      ],
      [
       -118.12344911252355,
       34.20535626440419
      ],
      [
       -118.12457755955401,
       34.20366253455147
      ],
      [
       -118.12339155375653,
       34.2020457282129
      ],
      [
       -118.1210771131194,
       34.202122627089345
      ]
     ]
    ]
   },
   "properties": {
    "h3_cell": "8929a1c0173ffff",
    "tract_geoid": "06037460101",
    "RPL_THEMES": 0.077,
    "RPL_THEME1": 0.1199,
    "RPL_THEME2": 0.2494,
    "RPL_THEME3": 0.1802,
    "RPL_THEME4": 0.0895,
    "n_structures": 15,
    "n_destroyed": 7,
    "destroyed_rate": 0.4667,
    "uncertainty": {
     "svi_vintage": "2022 (pre-fire); tract-level rank attached to a tile is a downscaling approximation",
     "svi_missing": false,
     "n_unassessed": 0,
     "low_n": false,
     "source": "DINS field survey; rates undefined where all points inaccessible"
    }
   }
  },
  {
   "type": "Feature",
   "geometry": {
    "type": "Polygon",
    "coordinates": [
     [
      [
       -118.12457755955401,
       34.20366253455147
      ],
      [
       -118.12344911252355,
       34.20535626440419
      ],
      [
       -118.1246351540843,
       34.20697302996925
      ],
      [
       -118.12694965486132,
       34.20689604104287
      ],
      [
       -118.1280780459552,
       34.20520230391257
      ],
      [
       -118.12689199221141,
       34.20358556298603
      ],
      [
       -118.12457755955401,
       34.20366253455147
      ]
     ]
    ]
   },
   "properties": {
    "h3_cell": "8929a1c0177ffff",
    "tract_geoid": "06037460101",
    "RPL_THEMES": 0.077,
    "RPL_THEME1": 0.1199,
    "RPL_THEME2": 0.2494,
    "RPL_THEME3": 0.1802,
    "RPL_THEME4": 0.0895,
    "n_structures": 1,
    "n_destroyed": 0,
    "destroyed_rate": 0.0,
    "uncertainty": {
     "svi_vintage": "2022 (pre-fire); tract-level rank attached to a tile is a downscaling approximation",
     "svi_missing": false,
     "n_unassessed": 0,
     "low_n": true,
     "source": "DINS field survey; rates undefined where all points inaccessible"
    }
   }
  },
  {
   "type": "Feature",
   "geometry": {
    "type": "Polygon",
    "coordinates": [
     [
      [
       -118.1277896050746,
       34.18864915504985
      ],
      [
       -118.12666137572377,
       34.19034300913235
      ],
      [
       -118.12784728642525,
       34.19195991308598
      ],
      [
       -118.13016143865009,
       34.19188293830662
      ],
      [
       -118.13128961207191,
       34.190189076945515
      ],
      [
       -118.13010368920064,
       34.188572197642216
      ],
      [
       -118.1277896050746,
       34.18864915504985
      ]
     ]
    ]
   },
   "properties": {
    "h3_cell": "8929a1c0183ffff",
    "tract_geoid": "06037460101",
    "RPL_THEMES": 0.077,
    "RPL_THEME1": 0.1199,
    "RPL_THEME2": 0.2494,
    "RPL_THEME3": 0.1802,
    "RPL_THEME4": 0.0895,
    "n_structures": 117,
    "n_destroyed": 89,
    "destroyed_rate": 0.7607,
    "uncertainty": {
     "svi_vintage": "2022 (pre-fire); tract-level rank attached to a tile is a downscaling approximation",
     "svi_missing": false,
     "n_unassessed": 0,
     "low_n": false,
     "source": "DINS field survey; rates undefined where all points inaccessible"
    }
   }
  },
  {
   "type": "Feature",
   "geometry": {
    "type": "Polygon",
    "coordinates": [
     [
      [
       -118.13128961207191,
       34.190189076945515
      ],
      [
       -118.13016143865009,
       34.19188293830662
      ],
      [
       -118.13134739727926,
       34.19349977686988
      ],
      [
       -118.13366154149226,
       34.19342272942094
      ],
      [
       -118.1347896589753,
       34.19172886078675
      ],
      [
       -118.13360368818687,
       34.19011204687441
      ],
      [
       -118.13128961207191,
       34.190189076945515
      ]
     ]
    ]
   },
   "properties": {
    "h3_cell": "8929a1c0187ffff",
    "tract_geoid": "06037460200",
    "RPL_THEMES": 0.4498,
    "RPL_THEME1": 0.3732,
    "RPL_THEME2": 0.6798,
    "RPL_THEME3": 0.5579,
    "RPL_THEME4": 0.3451,
    "n_structures": 148,
    "n_destroyed": 111,
    "destroyed_rate": 0.75,
    "uncertainty": {
     "svi_vintage": "2022 (pre-fire); tract-level rank attached to a tile is a downscaling approximation",
     "svi_missing": false,
     "n_unassessed": 0,
     "low_n": false,
     "source": "DINS field survey; rates undefined where all points inaccessible"
    }
   }
  },
  {
   "type": "Feature",
   "geometry": {
    "type": "Polygon",
    "coordinates": [
     [
      [
       -118.12434721550463,
       34.19041991124467
      ],
      [
       -118.12321889788619,
       34.19211373467508
      ],
      [
       -118.12440479640681,
       34.193730663276206
      ],
      [
       -118.12671902472951,
       34.1936537437992
      ],
      [
       -118.12784728642525,
       34.19195991308598
      ],
      [
       -118.12666137572377,
       34.19034300913235
      ],
      [
       -118.12434721550463,
       34.19041991124467
      ]
     ]
    ]
   },
   "properties": {
    "h3_cell": "8929a1c018bffff",
    "tract_geoid": "06037460101",
    "RPL_THEMES": 0.077,
    "RPL_THEME1": 0.1199,
    "RPL_THEME2": 0.2494,
    "RPL_THEME3": 0.1802,
    "RPL_THEME4": 0.0895,
    "n_structures": 97,
    "n_destroyed": 76,
    "destroyed_rate": 0.7835,
    "uncertainty": {
     "svi_vintage": "2022 (pre-fire); tract-level rank attached to a tile is a downscaling approximation",
     "svi_missing": false,
     "n_unassessed": 0,
     "low_n": false,
     "source": "DINS field survey; rates undefined where all points inaccessible"
    }
   }
  },
  {
   "type": "Feature",
   "geometry": {
    "type": "Polygon",
    "coordinates": [
     [
      [
       -118.12784728642525,
       34.19195991308598
      ],
      [
       -118.12671902472951,
       34.1936537437992
      ],
      [
       -118.12790497118834,
       34.19527060701057
      ],
      [
       -118.13021919151599,
       34.195193614860415
      ],
      [
       -118.13134739727926,
       34.19349977686988
      ],
      [
       -118.13016143865009,
       34.19188293830662
      ],
      [
       -118.12784728642525,
       34.19195991308598
      ]
     ]
    ]
   },
   "properties": {
    "h3_cell": "8929a1c018fffff",
    "tract_geoid": "06037460101",
    "RPL_THEMES": 0.077,
    "RPL_THEME1": 0.1199,
    "RPL_THEME2": 0.2494,
    "RPL_THEME3": 0.1802,
    "RPL_THEME4": 0.0895,
    "n_structures": 196,
    "n_destroyed": 132,
    "destroyed_rate": 0.6735,
    "uncertainty": {
     "svi_vintage": "2022 (pre-fire); tract-level rank attached to a tile is a downscaling approximation",
     "svi_missing": false,
     "n_unassessed": 0,
     "low_n": false,
     "source": "DINS field survey; rates undefined where all points inaccessible"
    }
   }
  },
  {
   "type": "Feature",
   "geometry": {
    "type": "Polygon",
    "coordinates": [
     [
      [
       -118.12773192713605,
       34.18533833292246
      ],
      [
       -118.1266037301283,
       34.18703221036361
      ],
      [
       -118.1277896050746,
       34.18864915504985
      ],
      [
       -118.13010368920064,
       34.188572197642216
      ],
      [
       -118.13123183028284,
       34.186878312921145
      ],
      [
       -118.13004594316732,
       34.185261392887455
      ],
      [
       -118.12773192713605,
       34.18533833292246
      ]
     ]
    ]
   },
   "properties": {
    "h3_cell": "8929a1c0193ffff",
    "tract_geoid": "06037460101",
    "RPL_THEMES": 0.077,
    "RPL_THEME1": 0.1199,
    "RPL_THEME2": 0.2494,
    "RPL_THEME3": 0.1802,
    "RPL_THEME4": 0.0895,
    "n_structures": 213,
    "n_destroyed": 202,
    "destroyed_rate": 0.9484,
    "uncertainty": {
     "svi_vintage": "2022 (pre-fire); tract-level rank attached to a tile is a downscaling approximation",
     "svi_missing": false,
     "n_unassessed": 0,
     "low_n": false,
     "source": "DINS field survey; rates undefined where all points inaccessible"
    }
   }
  },
  {
   "type": "Feature",
   "geometry": {
    "type": "Polygon",
    "coordinates": [
     [
      [
       -118.13123183028284,
       34.186878312921145
      ],
      [
       -118.13010368920064,
       34.188572197642216
      ],
      [
       -118.13128961207191,
       34.190189076945515
      ],
      [
       -118.13360368818687,
       34.19011204687441
      ],
      [
       -118.13473177333374,
       34.188418154878946
      ],
      [
       -118.13354583830376,
       34.1868013002288
      ],
      [
       -118.13123183028284,
       34.186878312921145
      ]
     ]
    ]
   },
   "properties": {
    "h3_cell": "8929a1c0197ffff",
    "tract_geoid": "06037460200",
    "RPL_THEMES": 0.4498,
    "RPL_THEME1": 0.3732,
    "RPL_THEME2": 0.6798,
    "RPL_THEME3": 0.5579,
    "RPL_THEME4": 0.3451,
    "n_structures": 112,
    "n_destroyed": 79,
    "destroyed_rate": 0.7054,
    "uncertainty": {
     "svi_vintage": "2022 (pre-fire); tract-level rank attached to a tile is a downscaling approximation",
     "svi_missing": false,
     "n_unassessed": 0,
     "low_n": false,
     "source": "DINS field survey; rates undefined where all points inaccessible"
    }
   }
  },
  {
   "type": "Feature",
   "geometry": {
    "type": "Polygon",
    "coordinates": [
     [
      [
       -118.12428963800873,
       34.18710909511031
      ],
      [
       -118.12316135273866,
       34.188802941908676
      ],
      [
       -118.12434721550463,
       34.19041991124467
      ],
      [
       -118.12666137572377,
       34.19034300913235
      ],
      [
       -118.1277896050746,
       34.18864915504985
      ],
      [
       -118.1266037301283,
       34.18703221036361
      ],
      [
       -118.12428963800873,
       34.18710909511031
      ]
     ]
    ]
   },
   "properties": {
    "h3_cell": "8929a1c019bffff",
    "tract_geoid": "06037460101",
    "RPL_THEMES": 0.077,
    "RPL_THEME1": 0.1199,
    "RPL_THEME2": 0.2494,
    "RPL_THEME3": 0.1802,
    "RPL_THEME4": 0.0895,
    "n_structures": 193,
    "n_destroyed": 126,
    "destroyed_rate": 0.6528,
    "uncertainty": {
     "svi_vintage": "2022 (pre-fire); tract-level rank attached to a tile is a downscaling approximation",
     "svi_missing": false,
     "n_unassessed": 0,
     "low_n": false,
     "source": "DINS field survey; rates undefined where all points inaccessible"
    }
   }
  },
  {
   "type": "Feature",
   "geometry": {
    "type": "Polygon",
    "coordinates": [
     [
      [
       -118.13484754804126,
       34.195039502585814
      ],
      [
       -118.13371939822024,
       34.19673334784813
      ],
      [
       -118.134905440532,
       34.198350080255906
      ],
      [
       -118.13721964481678,
       34.19827294275189
      ],
      [
       -118.1383477386858,
       34.196579090223324
      ],
      [
       -118.1371616842248,
       34.19496238246483
      ],
      [
       -118.13484754804126,
       34.195039502585814
      ]
     ]
    ]
   },
   "properties": {
    "h3_cell": "8929a1c01a3ffff",
    "tract_geoid": "06037460200",
    "RPL_THEMES": 0.4498,
    "RPL_THEME1": 0.3732,
    "RPL_THEME2": 0.6798,
    "RPL_THEME3": 0.5579,
    "RPL_THEME4": 0.3451,
    "n_structures": 184,
    "n_destroyed": 178,
    "destroyed_rate": 0.9674,
    "uncertainty": {
     "svi_vintage": "2022 (pre-fire); tract-level rank attached to a tile is a downscaling approximation",
     "svi_missing": false,
     "n_unassessed": 0,
     "low_n": false,
     "source": "DINS field survey; rates undefined where all points inaccessible"
    }
   }
  },
  {
   "type": "Feature",
   "geometry": {
    "type": "Polygon",
    "coordinates": [
     [
      [
       -118.1383477386858,
       34.196579090223324
      ],
      [
       -118.13721964481678,
       34.19827294275189
      ],
      [
       -118.13840573504325,
       34.199889609745846
      ],
      [
       -118.14071993128017,
       34.19981239956117
      ],
      [
       -118.14184796918744,
       34.19811853977183
      ],
      [
       -118.14066186682224,
       34.196501897427744
      ],
      [
       -118.1383477386858,
       34.196579090223324
      ]
     ]
    ]
   },
   "properties": {
    "h3_cell": "8929a1c01a7ffff",
    "tract_geoid": "06037460200",
    "RPL_THEMES": 0.4498,
    "RPL_THEME1": 0.3732,
    "RPL_THEME2": 0.6798,
    "RPL_THEME3": 0.5579,
    "RPL_THEME4": 0.3451,
    "n_structures": 202,
    "n_destroyed": 186,
    "destroyed_rate": 0.9208,
    "uncertainty": {
     "svi_vintage": "2022 (pre-fire); tract-level rank attached to a tile is a downscaling approximation",
     "svi_missing": false,
     "n_unassessed": 0,
     "low_n": false,
     "source": "DINS field survey; rates undefined where all points inaccessible"
    }
   }
  },
  {
   "type": "Feature",
   "geometry": {
    "type": "Polygon",
    "coordinates": [
     [
      [
       -118.13140518590522,
       34.19681041267397
      ],
      [
       -118.13027694779863,
       34.198504227283344
      ],
      [
       -118.13146297795004,
       34.20012098433754
      ],
      [
       -118.13377725837111,
       34.200043902135754
      ],
      [
       -118.134905440532,
       34.198350080255906
      ],
      [
       -118.13371939822024,
       34.19673334784813
      ],
      [
       -118.13140518590522,
       34.19681041267397
      ]
     ]
    ]
   },
   "properties": {
    "h3_cell": "8929a1c01abffff",
    "tract_geoid": "06037460200",
    "RPL_THEMES": 0.4498,
    "RPL_THEME1": 0.3732,
    "RPL_THEME2": 0.6798,
    "RPL_THEME3": 0.5579,
    "RPL_THEME4": 0.3451,
    "n_structures": 154,
    "n_destroyed": 149,
    "destroyed_rate": 0.9675,
    "uncertainty": {
     "svi_vintage": "2022 (pre-fire); tract-level rank attached to a tile is a downscaling approximation",
     "svi_missing": false,
     "n_unassessed": 0,
     "low_n": false,
     "source": "DINS field survey; rates undefined where all points inaccessible"
    }
   }
  },
  {
   "type": "Feature",
   "geometry": {
    "type": "Polygon",
    "coordinates": [
     [
      [
       -118.134905440532,
       34.198350080255906
      ],
      [
       -118.13377725837111,
       34.200043902135754
      ],
      [
       -118.13496333644777,
       34.20166059377672
      ],
      [
       -118.13727760883783,
       34.201583438890644
      ],
      [
       -118.13840573504325,
       34.199889609745846
      ],
      [
       -118.13721964481678,
       34.19827294275189
      ],
      [
       -118.134905440532,
       34.198350080255906
      ]
     ]
    ]
   },
   "properties": {
    "h3_cell": "8929a1c01afffff",
    "tract_geoid": "06037460200",
    "RPL_THEMES": 0.4498,
    "RPL_THEME1": 0.3732,
    "RPL_THEME2": 0.6798,
    "RPL_THEME3": 0.5579,
    "RPL_THEME4": 0.3451,
    "n_structures": 153,
    "n_destroyed": 148,
    "destroyed_rate": 0.9673,
    "uncertainty": {
     "svi_vintage": "2022 (pre-fire); tract-level rank attached to a tile is a downscaling approximation",
     "svi_missing": false,
     "n_unassessed": 0,
     "low_n": false,
     "source": "DINS field survey; rates undefined where all points inaccessible"
    }
   }
  },
  {
   "type": "Feature",
   "geometry": {
    "type": "Polygon",
    "coordinates": [
     [
      [
       -118.1347896589753,
       34.19172886078675
      ],
      [
       -118.13366154149226,
       34.19342272942094
      ],
      [
       -118.13484754804126,
       34.195039502585814
      ],
      [
       -118.1371616842248,
       34.19496238246483
      ],
      [
       -118.13828974575927,
       34.19326850656306
      ],
      [
       -118.13710372706151,
       34.191651758049694
      ],
      [
       -118.1347896589753,
       34.19172886078675
      ]
     ]
    ]
   },
   "properties": {
    "h3_cell": "8929a1c01b3ffff",
    "tract_geoid": "06037460200",
    "RPL_THEMES": 0.4498,
    "RPL_THEME1": 0.3732,
    "RPL_THEME2": 0.6798,
    "RPL_THEME3": 0.5579,
    "RPL_THEME4": 0.3451,
    "n_structures": 167,
    "n_destroyed": 148,
    "destroyed_rate": 0.8862,
    "uncertainty": {
     "svi_vintage": "2022 (pre-fire); tract-level rank attached to a tile is a downscaling approximation",
     "svi_missing": false,
     "n_unassessed": 0,
     "low_n": false,
     "source": "DINS field survey; rates undefined where all points inaccessible"
    }
   }
  },
  {
   "type": "Feature",
   "geometry": {
    "type": "Polygon",
    "coordinates": [
     [
      [
       -118.13828974575927,
       34.19326850656306
      ],
      [
       -118.1371616842248,
       34.19496238246483
      ],
      [
       -118.1383477386858,
       34.196579090223324
      ],
      [
       -118.14066186682224,
       34.196501897427744
      ],
      [
       -118.14178987239839,
       34.19480801426392
      ],
      [
       -118.14060380579917,
       34.193191331157536
      ],
      [
       -118.13828974575927,
       34.19326850656306
      ]
     ]
    ]
   },
   "properties": {
    "h3_cell": "8929a1c01b7ffff",
    "tract_geoid": "06037460200",
    "RPL_THEMES": 0.4498,
    "RPL_THEME1": 0.3732,
    "RPL_THEME2": 0.6798,
    "RPL_THEME3": 0.5579,
    "RPL_THEME4": 0.3451,
    "n_structures": 194,
    "n_destroyed": 183,
    "destroyed_rate": 0.9433,
    "uncertainty": {
     "svi_vintage": "2022 (pre-fire); tract-level rank attached to a tile is a downscaling approximation",
     "svi_missing": false,
     "n_unassessed": 0,
     "low_n": false,
     "source": "DINS field survey; rates undefined where all points inaccessible"
    }
   }
  },
  {
   "type": "Feature",
   "geometry": {
    "type": "Polygon",
    "coordinates": [
     [
      [
       -118.13134739727926,
       34.19349977686988
      ],
      [
       -118.13021919151599,
       34.195193614860415
      ],
      [
       -118.13140518590522,
       34.19681041267397
      ],
      [
       -118.13371939822024,
       34.19673334784813
      ],
      [
       -118.13484754804126,
       34.195039502585814
      ],
      [
       -118.13366154149226,
       34.19342272942094
      ],
      [
       -118.13134739727926,
       34.19349977686988
      ]
     ]
    ]
   },
   "properties": {
    "h3_cell": "8929a1c01bbffff",
    "tract_geoid": "06037460200",
    "RPL_THEMES": 0.4498,
    "RPL_THEME1": 0.3732,
    "RPL_THEME2": 0.6798,
    "RPL_THEME3": 0.5579,
    "RPL_THEME4": 0.3451,
    "n_structures": 162,
    "n_destroyed": 83,
    "destroyed_rate": 0.5123,
    "uncertainty": {
     "svi_vintage": "2022 (pre-fire); tract-level rank attached to a tile is a downscaling approximation",
     "svi_missing": false,
     "n_unassessed": 0,
     "low_n": false,
     "source": "DINS field survey; rates undefined where all points inaccessible"
    }
   }
  },
  {
   "type": "Feature",
   "geometry": {
    "type": "Polygon",
    "coordinates": [
     [
      [
       -118.1174045667516,
       34.190650361636706
      ],
      [
       -118.1162761049599,
       34.19234414710909
      ],
      [
       -118.11746194333203,
       34.193961165736
      ],
      [
       -118.11977625570104,
       34.1938843742463
      ],
      [
       -118.12090466158608,
       34.19219058148141
      ],
      [
       -118.11971881101151,
       34.19057358749855
      ],
      [
       -118.1174045667516,
       34.190650361636706
      ]
     ]
    ]
   },
   "properties": {
    "h3_cell": "8929a1c01c3ffff",
    "tract_geoid": "06037460101",
    "RPL_THEMES": 0.077,
    "RPL_THEME1": 0.1199,
    "RPL_THEME2": 0.2494,
    "RPL_THEME3": 0.1802,
    "RPL_THEME4": 0.0895,
    "n_structures": 74,
    "n_destroyed": 57,
    "destroyed_rate": 0.7703,
    "uncertainty": {
     "svi_vintage": "2022 (pre-fire); tract-level rank attached to a tile is a downscaling approximation",
     "svi_missing": false,
     "n_unassessed": 0,
     "low_n": false,
     "source": "DINS field survey; rates undefined where all points inaccessible"
    }
   }
  },
  {
   "type": "Feature",
   "geometry": {
    "type": "Polygon",
    "coordinates": [
     [
      [
       -118.12090466158608,
       34.19219058148141
      ],
      [
       -118.11977625570104,
       34.1938843742463
      ],
      [
       -118.1209621420297,
       34.19550132749207
      ],
      [
       -118.12327644643814,
       34.19542446332811
      ],
      [
       -118.12440479640681,
       34.193730663276206
      ],
      [
       -118.12321889788619,
       34.19211373467508
      ],
      [
       -118.12090466158608,
       34.19219058148141
      ]
     ]
    ]
   },
   "properties": {
    "h3_cell": "8929a1c01c7ffff",
    "tract_geoid": "06037460101",
    "RPL_THEMES": 0.077,
    "RPL_THEME1": 0.1199,
    "RPL_THEME2": 0.2494,
    "RPL_THEME3": 0.1802,
    "RPL_THEME4": 0.0895,
    "n_structures": 67,
    "n_destroyed": 47,
    "destroyed_rate": 0.7015,
    "uncertainty": {
     "svi_vintage": "2022 (pre-fire); tract-level rank attached to a tile is a downscaling approximation",
     "svi_missing": false,
     "n_unassessed": 0,
     "low_n": false,
     "source": "DINS field survey; rates undefined where all points inaccessible"
    }
   }
  },
  {
   "type": "Feature",
   "geometry": {
    "type": "Polygon",
    "coordinates": [
     [
      [
       -118.11396178464793,
       34.19242086592702
      ],
      [
       -118.11283323459696,
       34.194114620716164
      ],
      [
       -118.11401906075551,
       34.195731663984276
      ],
      [
       -118.11633344918135,
       34.195654927821856
      ],
      [
       -118.11746194333203,
       34.193961165736
      ],
      [
       -118.1162761049599,
       34.19234414710909
      ],
      [
       -118.11396178464793,
       34.19242086592702
      ]
     ]
    ]
   },
   "properties": {
    "h3_cell": "8929a1c01cbffff",
    "tract_geoid": "06037460101",
    "RPL_THEMES": 0.077,
    "RPL_THEME1": 0.1199,
    "RPL_THEME2": 0.2494,
    "RPL_THEME3": 0.1802,
    "RPL_THEME4": 0.0895,
    "n_structures": 78,
    "n_destroyed": 50,
    "destroyed_rate": 0.641,
    "uncertainty": {
     "svi_vintage": "2022 (pre-fire); tract-level rank attached to a tile is a downscaling approximation",
     "svi_missing": false,
     "n_unassessed": 0,
     "low_n": false,
     "source": "DINS field survey; rates undefined where all points inaccessible"
    }
   }
  },
  {
   "type": "Feature",
   "geometry": {
    "type": "Polygon",
    "coordinates": [
     [
      [
       -118.11746194333203,
       34.193961165736
      ],
      [
       -118.11633344918135,
       34.195654927821856
      ],
      [
       -118.117519323307,
       34.19727190570943
      ],
      [
       -118.1198337037891,
       34.19719509686912
      ],
      [
       -118.1209621420297,
       34.19550132749207
      ],
      [
       -118.11977625570104,
       34.1938843742463
      ],
      [
       -118.11746194333203,
       34.193961165736
      ]
     ]
    ]
   },
   "properties": {
    "h3_cell": "8929a1c01cfffff",
    "tract_geoid": "06037460101",
    "RPL_THEMES": 0.077,
    "RPL_THEME1": 0.1199,
    "RPL_THEME2": 0.2494,
    "RPL_THEME3": 0.1802,
    "RPL_THEME4": 0.0895,
    "n_structures": 88,
    "n_destroyed": 55,
    "destroyed_rate": 0.625,
    "uncertainty": {
     "svi_vintage": "2022 (pre-fire); tract-level rank attached to a tile is a downscaling approximation",
     "svi_missing": false,
     "n_unassessed": 0,
     "low_n": false,
     "source": "DINS field survey; rates undefined where all points inaccessible"
    }
   }
  },
  {
   "type": "Feature",
   "geometry": {
    "type": "Polygon",
    "coordinates": [
     [
      [
       -118.11734719356542,
       34.187339493431836
      ],
      [
       -118.11621876413089,
       34.189033302280116
      ],
      [
       -118.1174045667516,
       34.190650361636706
      ],
      [
       -118.11971881101151,
       34.19057358749855
      ],
      [
       -118.12084718454288,
       34.188879771356426
      ],
      [
       -118.11966136972026,
       34.18726273664613
      ],
      [
       -118.11734719356542,
       34.187339493431836
      ]
     ]
    ]
   },
   "properties": {
    "h3_cell": "8929a1c01d3ffff",
    "tract_geoid": "06037460101",
    "RPL_THEMES": 0.077,
    "RPL_THEME1": 0.1199,
    "RPL_THEME2": 0.2494,
    "RPL_THEME3": 0.1802,
    "RPL_THEME4": 0.0895,
    "n_structures": 96,
    "n_destroyed": 62,
    "destroyed_rate": 0.6458,
    "uncertainty": {
     "svi_vintage": "2022 (pre-fire); tract-level rank attached to a tile is a downscaling approximation",
     "svi_missing": false,
     "n_unassessed": 0,
     "low_n": false,
     "source": "DINS field survey; rates undefined where all points inaccessible"
    }
   }
  },
  {
   "type": "Feature",
   "geometry": {
    "type": "Polygon",
    "coordinates": [
     [
      [
       -118.12084718454288,
       34.188879771356426
      ],
      [
       -118.11971881101151,
       34.19057358749855
      ],
      [
       -118.12090466158608,
       34.19219058148141
      ],
      [
       -118.12321889788619,
       34.19211373467508
      ],
      [
       -118.12434721550463,
       34.19041991124467
      ],
      [
       -118.12316135273866,
       34.188802941908676
      ],
      [
       -118.12084718454288,
       34.188879771356426
      ]
     ]
    ]
   },
   "properties": {
    "h3_cell": "8929a1c01d7ffff",
    "tract_geoid": "06037460101",
    "RPL_THEMES": 0.077,
    "RPL_THEME1": 0.1199,
    "RPL_THEME2": 0.2494,
    "RPL_THEME3": 0.1802,
    "RPL_THEME4": 0.0895,
    "n_structures": 107,
    "n_destroyed": 62,
    "destroyed_rate": 0.5794,
    "uncertainty": {
     "svi_vintage": "2022 (pre-fire); tract-level rank attached to a tile is a downscaling approximation",
     "svi_missing": false,
     "n_unassessed": 0,
     "low_n": false,
     "source": "DINS field survey; rates undefined where all points inaccessible"
    }
   }
  },
  {
   "type": "Feature",
   "geometry": {
    "type": "Polygon",
    "coordinates": [
     [
      [
       -118.11390451192877,
       34.189110003752646
      ],
      [
       -118.11277599424024,
       34.19080378192698
      ],
      [
       -118.11396178464793,
       34.19242086592702
      ],
      [
       -118.1162761049599,
       34.19234414710909
      ],
      [
       -118.1174045667516,
       34.190650361636706
      ],
      [
       -118.11621876413089,
       34.189033302280116
      ],
      [
       -118.11390451192877,
       34.189110003752646
      ]
     ]
    ]
   },
   "properties": {
    "h3_cell": "8929a1c01dbffff",
    "tract_geoid": "06037460101",
    "RPL_THEMES": 0.077,
    "RPL_THEME1": 0.1199,
    "RPL_THEME2": 0.2494,
    "RPL_THEME3": 0.1802,
    "RPL_THEME4": 0.0895,
    "n_structures": 102,
    "n_destroyed": 47,
    "destroyed_rate": 0.4608,
    "uncertainty": {
     "svi_vintage": "2022 (pre-fire); tract-level rank attached to a tile is a downscaling approximation",
     "svi_missing": false,
     "n_unassessed": 0,
     "low_n": false,
     "source": "DINS field survey; rates undefined where all points inaccessible"
    }
   }
  },
  {
   "type": "Feature",
   "geometry": {
    "type": "Polygon",
    "coordinates": [
     [
      [
       -118.0862442183077,
       34.196649169140734
      ],
      [
       -118.08511505942819,
       34.198342748325274
      ],
      [
       -118.08630068024644,
       34.199960110841204
      ],
      [
       -118.08861547224754,
       34.19988386954722
      ],
      [
       -118.08974457528772,
       34.19819028302842
      ],
      [
       -118.0885589421689,
       34.19657294513766
      ],
      [
       -118.0862442183077,
       34.196649169140734
      ]
     ]
    ]
   },
   "properties": {
    "h3_cell": "8929a1c02a3ffff",
    "tract_geoid": "06037930400",
    "RPL_THEMES": 0.5737,
    "RPL_THEME1": 0.5002,
    "RPL_THEME2": 0.2688,
    "RPL_THEME3": 0.4527,
    "RPL_THEME4": 0.8606,
    "n_structures": 1,
    "n_destroyed": 1,
    "destroyed_rate": 1.0,
    "uncertainty": {
     "svi_vintage": "2022 (pre-fire); tract-level rank attached to a tile is a downscaling approximation",
     "svi_missing": false,
     "n_unassessed": 0,
     "low_n": true,
     "source": "DINS field survey; rates undefined where all points inaccessible"
    }
   }
  },
  {
   "type": "Feature",
   "geometry": {
    "type": "Polygon",
    "coordinates": [
     [
      [
       -118.08618775970957,
       34.19333816329171
      ],
      [
       -118.08505863322941,
       34.19503176590395
      ],
      [
       -118.0862442183077,
       34.196649169140734
      ],
      [
       -118.0885589421689,
       34.19657294513766
      ],
      [
       -118.0896880128132,
       34.19487933518988
      ],
      [
       -118.08850241543493,
       34.193261956580514
      ],
      [
       -118.08618775970957,
       34.19333816329171
      ]
     ]
    ]
   },
   "properties": {
    "h3_cell": "8929a1c02b3ffff",
    "tract_geoid": "06037930400",
    "RPL_THEMES": 0.5737,
    "RPL_THEME1": 0.5002,
    "RPL_THEME2": 0.2688,
    "RPL_THEME3": 0.4527,
    "RPL_THEME4": 0.8606,
    "n_structures": 4,
    "n_destroyed": 0,
    "destroyed_rate": 0.0,
    "uncertainty": {
     "svi_vintage": "2022 (pre-fire); tract-level rank attached to a tile is a downscaling approximation",
     "svi_missing": false,
     "n_unassessed": 0,
     "low_n": false,
     "source": "DINS field survey; rates undefined where all points inaccessible"
    }
   }
  },
  {
   "type": "Feature",
   "geometry": {
    "type": "Polygon",
    "coordinates": [
     [
      [
       -118.09956362012375,
       34.16307928140594
      ],
      [
       -118.09843507316431,
       34.16477317039019
      ],
      [
       -118.09962045724095,
       34.166390759812806
      ],
      [
       -118.10193440053162,
       34.16631443559648
      ],
      [
       -118.10306289165406,
       34.164620539284265
      ],
      [
       -118.1018774953256,
       34.16300297451614
      ],
      [
       -118.09956362012375,
       34.16307928140594
      ]
     ]
    ]
   },
   "properties": {
    "h3_cell": "8929a1c0403ffff",
    "tract_geoid": "06037462500",
    "RPL_THEMES": 0.1118,
    "RPL_THEME1": 0.1226,
    "RPL_THEME2": 0.2212,
    "RPL_THEME3": 0.423,
    "RPL_THEME4": 0.1269,
    "n_structures": 62,
    "n_destroyed": 3,
    "destroyed_rate": 0.0484,
    "uncertainty": {
     "svi_vintage": "2022 (pre-fire); tract-level rank attached to a tile is a downscaling approximation",
     "svi_missing": false,
     "n_unassessed": 0,
     "low_n": false,
     "source": "DINS field survey; rates undefined where all points inaccessible"
    }
   }
  },
  {
   "type": "Feature",
   "geometry": {
    "type": "Polygon",
    "coordinates": [
     [
      [
       -118.10306289165406,
       34.164620539284265
      ],
      [
       -118.10193440053162,
       34.16631443559648
      ],
      [
       -118.1031198325878,
       34.16793195972265
      ],
      [
       -118.10543376801044,
       34.167855562881314
      ],
      [
       -118.10656220328607,
       34.16616165924666
      ],
      [
       -118.10537675898861,
       34.16454415977559
      ],
      [
       -118.10306289165406,
       34.164620539284265
      ]
     ]
    ]
   },
   "properties": {
    "h3_cell": "8929a1c0407ffff",
    "tract_geoid": "06037462500",
    "RPL_THEMES": 0.1118,
    "RPL_THEME1": 0.1226,
    "RPL_THEME2": 0.2212,
    "RPL_THEME3": 0.423,
    "RPL_THEME4": 0.1269,
    "n_structures": 3,
    "n_destroyed": 0,
    "destroyed_rate": 0.0,
    "uncertainty": {
     "svi_vintage": "2022 (pre-fire); tract-level rank attached to a tile is a downscaling approximation",
     "svi_missing": false,
     "n_unassessed": 0,
     "low_n": false,
     "source": "DINS field survey; rates undefined where all points inaccessible"
    }
   }
  },
  {
   "type": "Feature",
   "geometry": {
    "type": "Polygon",
    "coordinates": [
     [
      [
       -118.09612112202319,
       34.164849421984044
      ],
      [
       -118.09499248686788,
       34.16654328031979
      ],
      [
       -118.09617785868166,
       34.16816089439405
      ],
      [
       -118.09849187791637,
       34.16808462548072
      ],
      [
       -118.09962045724095,
       34.166390759812806
      ],
      [
       -118.09843507316431,
       34.16477317039019
      ],
      [
       -118.09612112202319,
       34.164849421984044
      ]
     ]
    ]
   },
   "properties": {
    "h3_cell": "8929a1c040bffff",
    "tract_geoid": "06037462500",
    "RPL_THEMES": 0.1118,
    "RPL_THEME1": 0.1226,
    "RPL_THEME2": 0.2212,
    "RPL_THEME3": 0.423,
    "RPL_THEME4": 0.1269,
    "n_structures": 172,
    "n_destroyed": 23,
    "destroyed_rate": 0.1361,
    "uncertainty": {
     "svi_vintage": "2022 (pre-fire); tract-level rank attached to a tile is a downscaling approximation",
     "svi_missing": false,
     "n_unassessed": 3,
     "low_n": false,
     "source": "DINS field survey; rates undefined where all points inaccessible"
    }
   }
  },
  {
   "type": "Feature",
   "geometry": {
    "type": "Polygon",
    "coordinates": [
     [
      [
       -118.09962045724095,
       34.166390759812806
      ],
      [
       -118.09849187791637,
       34.16808462548072
      ],
      [
       -118.09967729772015,
       34.16970217425913
      ],
      [
       -118.10199130910368,
       34.16962583271718
      ],
      [
       -118.1031198325878,
       34.16793195972265
      ],
      [
       -118.10193440053162,
       34.16631443559648
      ],
      [
       -118.09962045724095,
       34.166390759812806
      ]
     ]
    ]
   },
   "properties": {
    "h3_cell": "8929a1c040fffff",
    "tract_geoid": "06037462500",
    "RPL_THEMES": 0.1118,
    "RPL_THEME1": 0.1226,
    "RPL_THEME2": 0.2212,
    "RPL_THEME3": 0.423,
    "RPL_THEME4": 0.1269,
    "n_structures": 154,
    "n_destroyed": 7,
    "destroyed_rate": 0.0458,
    "uncertainty": {
     "svi_vintage": "2022 (pre-fire); tract-level rank attached to a tile is a downscaling approximation",
     "svi_missing": false,
     "n_unassessed": 1,
     "low_n": false,
     "source": "DINS field survey; rates undefined where all points inaccessible"
    }
   }
  },
  {
   "type": "Feature",
   "geometry": {
    "type": "Polygon",
    "coordinates": [
     [
      [
       -118.09606438872054,
       34.161537885622224
      ],
      [
       -118.09493578593384,
       34.16323176727303
      ],
      [
       -118.09612112202319,
       34.164849421984044
      ],
      [
       -118.09843507316431,
       34.16477317039019
      ],
      [
       -118.09956362012375,
       34.16307928140594
      ],
      [
       -118.09837827177206,
       34.16146165134881
      ],
      [
       -118.09606438872054,
       34.161537885622224
      ]
     ]
    ]
   },
   "properties": {
    "h3_cell": "8929a1c041bffff",
    "tract_geoid": "06037462500",
    "RPL_THEMES": 0.1118,
    "RPL_THEME1": 0.1226,
    "RPL_THEME2": 0.2212,
    "RPL_THEME3": 0.423,
    "RPL_THEME4": 0.1269,
    "n_structures": 74,
    "n_destroyed": 3,
    "destroyed_rate": 0.0405,
    "uncertainty": {
     "svi_vintage": "2022 (pre-fire); tract-level rank attached to a tile is a downscaling approximation",
     "svi_missing": false,
     "n_unassessed": 0,
     "low_n": false,
     "source": "DINS field survey; rates undefined where all points inaccessible"
    }
   }
  },
  {
   "type": "Feature",
   "geometry": {
    "type": "Polygon",
    "coordinates": [
     [
      [
       -118.1031198325878,
       34.16793195972265
      ],
      [
       -118.10199130910368,
       34.16962583271718
      ],
      [
       -118.10317677688968,
       34.17124331619172
      ],
      [
       -118.10549078040442,
       34.17116690201867
      ],
      [
       -118.1066192480383,
       34.169473021702984
      ],
      [
       -118.10543376801044,
       34.167855562881314
      ],
      [
       -118.1031198325878,
       34.16793195972265
      ]
     ]
    ]
   },
   "properties": {
    "h3_cell": "8929a1c043bffff",
    "tract_geoid": "06037461300",
    "RPL_THEMES": 0.3898,
    "RPL_THEME1": 0.2363,
    "RPL_THEME2": 0.7218,
    "RPL_THEME3": 0.089,
    "RPL_THEME4": 0.5391,
    "n_structures": 6,
    "n_destroyed": 1,
    "destroyed_rate": 0.1667,
    "uncertainty": {
     "svi_vintage": "2022 (pre-fire); tract-level rank attached to a tile is a downscaling approximation",
     "svi_missing": false,
     "n_unassessed": 0,
     "low_n": false,
     "source": "DINS field survey; rates undefined where all points inaccessible"
    }
   }
  },
  {
   "type": "Feature",
   "geometry": {
    "type": "Polygon",
    "coordinates": [
     [
      [
       -118.08917910109935,
       34.16507792090874
      ],
      [
       -118.08805032193463,
       34.166771741240666
      ],
      [
       -118.08923563346605,
       34.16838944525089
      ],
      [
       -118.09154973644945,
       34.16831330428085
      ],
      [
       -118.09267845979957,
       34.166619476607075
      ],
      [
       -118.09149313598365,
       34.165001797245004
      ],
      [
       -118.08917910109935,
       34.16507792090874
      ]
     ]
    ]
   },
   "properties": {
    "h3_cell": "8929a1c0443ffff",
    "tract_geoid": "06037460001",
    "RPL_THEMES": 0.0029,
    "RPL_THEME1": 0.0114,
    "RPL_THEME2": 0.239,
    "RPL_THEME3": 0.1499,
    "RPL_THEME4": 0.0,
    "n_structures": 7,
    "n_destroyed": 0,
    "destroyed_rate": 0.0,
    "uncertainty": {
     "svi_vintage": "2022 (pre-fire); tract-level rank attached to a tile is a downscaling approximation",
     "svi_missing": false,
     "n_unassessed": 0,
     "low_n": false,
     "source": "DINS field survey; rates undefined where all points inaccessible"
    }
   }
  },
  {
   "type": "Feature",
   "geometry": {
    "type": "Polygon",
    "coordinates": [
     [
      [
       -118.09267845979957,
       34.166619476607075
      ],
      [
       -118.09154973644945,
       34.16831330428085
      ],
      [
       -118.09273509598927,
       34.169930943003884
      ],
      [
       -118.09504919115591,
       34.169854729404165
      ],
      [
       -118.09617785868166,
       34.16816089439405
      ],
      [
       -118.09499248686788,
       34.16654328031979
      ],
      [
       -118.09267845979957,
       34.166619476607075
      ]
     ]
    ]
   },
   "properties": {
    "h3_cell": "8929a1c0447ffff",
    "tract_geoid": "06037462500",
    "RPL_THEMES": 0.1118,
    "RPL_THEME1": 0.1226,
    "RPL_THEME2": 0.2212,
    "RPL_THEME3": 0.423,
    "RPL_THEME4": 0.1269,
    "n_structures": 30,
    "n_destroyed": 3,
    "destroyed_rate": 0.1,
    "uncertainty": {
     "svi_vintage": "2022 (pre-fire); tract-level rank attached to a tile is a downscaling approximation",
     "svi_missing": false,
     "n_unassessed": 0,
     "low_n": false,
     "source": "DINS field survey; rates undefined where all points inaccessible"
    }
   }
  },
  {
   "type": "Feature",
   "geometry": {
    "type": "Polygon",
    "coordinates": [
     [
      [
       -118.08573621115208,
       34.1668478095836
      ],
      [
       -118.0846073437999,
       34.16854159923586
      ],
      [
       -118.08579264303575,
       34.170159327891426
      ],
      [
       -118.08810682192215,
       34.17008324224921
      ],
      [
       -118.08923563346605,
       34.16838944525089
      ],
      [
       -118.08805032193463,
       34.166771741240666
      ],
      [
       -118.08573621115208,
       34.1668478095836
      ]
     ]
    ]
   },
   "properties": {
    "h3_cell": "8929a1c044bffff",
    "tract_geoid": "06037460001",
    "RPL_THEMES": 0.0029,
    "RPL_THEME1": 0.0114,
    "RPL_THEME2": 0.239,
    "RPL_THEME3": 0.1499,
    "RPL_THEME4": 0.0,
    "n_structures": 11,
    "n_destroyed": 0,
    "destroyed_rate": 0.0,
    "uncertainty": {
     "svi_vintage": "2022 (pre-fire); tract-level rank attached to a tile is a downscaling approximation",
     "svi_missing": false,
     "n_unassessed": 0,
     "low_n": false,
     "source": "DINS field survey; rates undefined where all points inaccessible"
    }
   }
  },
  {
   "type": "Feature",
   "geometry": {
    "type": "Polygon",
    "coordinates": [
     [
      [
       -118.08923563346605,
       34.16838944525089
      ],
      [
       -118.08810682192215,
       34.17008324224921
      ],
      [
       -118.08929216917689,
       34.1717009056182
      ],
      [
       -118.09160634026337,
       34.17162474734274
      ],
      [
       -118.09273509598927,
       34.169930943003884
      ],
      [
       -118.09154973644945,
       34.16831330428085
      ],
      [
       -118.08923563346605,
       34.16838944525089
      ]
     ]
    ]
   },
   "properties": {
    "h3_cell": "8929a1c044fffff",
    "tract_geoid": "06037462500",
    "RPL_THEMES": 0.1118,
    "RPL_THEME1": 0.1226,
    "RPL_THEME2": 0.2212,
    "RPL_THEME3": 0.423,
    "RPL_THEME4": 0.1269,
    "n_structures": 1,
    "n_destroyed": 0,
    "destroyed_rate": 0.0,
    "uncertainty": {
     "svi_vintage": "2022 (pre-fire); tract-level rank attached to a tile is a downscaling approximation",
     "svi_missing": false,
     "n_unassessed": 0,
     "low_n": true,
     "source": "DINS field survey; rates undefined where all points inaccessible"
    }
   }
  },
  {
   "type": "Feature",
   "geometry": {
    "type": "Polygon",
    "coordinates": [
     [
      [
       -118.09262182695986,
       34.16330794624691
      ],
      [
       -118.09149313598365,
       34.165001797245004
      ],
      [
       -118.09267845979957,
       34.166619476607075
      ],
      [
       -118.09499248686788,
       34.16654328031979
      ],
      [
       -118.09612112202319,
       34.164849421984044
      ],
      [
       -118.09493578593384,
       34.16323176727303
      ],
      [
       -118.09262182695986,
       34.16330794624691
      ]
     ]
    ]
   },
   "properties": {
    "h3_cell": "8929a1c0457ffff",
    "tract_geoid": "06037462500",
    "RPL_THEMES": 0.1118,
    "RPL_THEME1": 0.1226,
    "RPL_THEME2": 0.2212,
    "RPL_THEME3": 0.423,
    "RPL_THEME4": 0.1269,
    "n_structures": 159,
    "n_destroyed": 7,
    "destroyed_rate": 0.0449,
    "uncertainty": {
     "svi_vintage": "2022 (pre-fire); tract-level rank attached to a tile is a downscaling approximation",
     "svi_missing": false,
     "n_unassessed": 3,
     "low_n": false,
     "source": "DINS field survey; rates undefined where all points inaccessible"
    }
   }
  },
  {
   "type": "Feature",
   "geometry": {
    "type": "Polygon",
    "coordinates": [
     [
      [
       -118.08567978260639,
       34.163536227309656
      ],
      [
       -118.08455094763684,
       34.16523004029421
      ],
      [
       -118.08573621115208,
       34.1668478095836
      ],
      [
       -118.08805032193463,
       34.166771741240666
      ],
      [
       -118.08917910109935,
       34.16507792090874
      ],
      [
       -118.08799382528909,
       34.16346017626693
      ],
      [
       -118.08567978260639,
       34.163536227309656
      ]
     ]
    ]
   },
   "properties": {
    "h3_cell": "8929a1c045bffff",
    "tract_geoid": "06037460001",
    "RPL_THEMES": 0.0029,
    "RPL_THEME1": 0.0114,
    "RPL_THEME2": 0.239,
    "RPL_THEME3": 0.1499,
    "RPL_THEME4": 0.0,
    "n_structures": 1,
    "n_destroyed": 0,
    "destroyed_rate": 0.0,
    "uncertainty": {
     "svi_vintage": "2022 (pre-fire); tract-level rank attached to a tile is a downscaling approximation",
     "svi_missing": false,
     "n_unassessed": 0,
     "low_n": true,
     "source": "DINS field survey; rates undefined where all points inaccessible"
    }
   }
  },
  {
   "type": "Feature",
   "geometry": {
    "type": "Polygon",
    "coordinates": [
     [
      [
       -118.09623459869624,
       34.17147230283198
      ],
      [
       -118.09510589879821,
       34.173166114505854
      ],
      [
       -118.0962913420673,
       34.174783647277536
      ],
      [
       -118.09860549750121,
       34.174707343728
      ],
      [
       -118.09973414156165,
       34.17301352472462
      ],
      [
       -118.09854868602856,
       34.171396016600085
      ],
      [
       -118.09623459869624,
       34.17147230283198
      ]
     ]
    ]
   },
   "properties": {
    "h3_cell": "8929a1c0463ffff",
    "tract_geoid": "06037461300",
    "RPL_THEMES": 0.3898,
    "RPL_THEME1": 0.2363,
    "RPL_THEME2": 0.7218,
    "RPL_THEME3": 0.089,
    "RPL_THEME4": 0.5391,
    "n_structures": 104,
    "n_destroyed": 31,
    "destroyed_rate": 0.2981,
    "uncertainty": {
     "svi_vintage": "2022 (pre-fire); tract-level rank attached to a tile is a downscaling approximation",
     "svi_missing": false,
     "n_unassessed": 0,
     "low_n": false,
     "source": "DINS field survey; rates undefined where all points inaccessible"
    }
   }
  },
  {
   "type": "Feature",
   "geometry": {
    "type": "Polygon",
    "coordinates": [
     [
      [
       -118.09973414156165,
       34.17301352472462
      ],
      [
       -118.09860549750121,
       34.174707343728
      ],
      [
       -118.09979098876575,
       34.17632481118898
      ],
      [
       -118.10210513634695,
       34.17624843499862
      ],
      [
       -118.10323372456001,
       34.17455460867123
      ],
      [
       -118.102048221042,
       34.172937165857995
      ],
      [
       -118.09973414156165,
       34.17301352472462
      ]
     ]
    ]
   },
   "properties": {
    "h3_cell": "8929a1c0467ffff",
    "tract_geoid": "06037461300",
    "RPL_THEMES": 0.3898,
    "RPL_THEME1": 0.2363,
    "RPL_THEME2": 0.7218,
    "RPL_THEME3": 0.089,
    "RPL_THEME4": 0.5391,
    "n_structures": 26,
    "n_destroyed": 0,
    "destroyed_rate": 0.0,
    "uncertainty": {
     "svi_vintage": "2022 (pre-fire); tract-level rank attached to a tile is a downscaling approximation",
     "svi_missing": false,
     "n_unassessed": 1,
     "low_n": false,
     "source": "DINS field survey; rates undefined where all points inaccessible"
    }
   }
  },
  {
   "type": "Feature",
   "geometry": {
    "type": "Polygon",
    "coordinates": [
     [
      [
       -118.09279173552922,
       34.17324234541709
      ],
      [
       -118.09166294742573,
       34.1749361264104
      ],
      [
       -118.09284837841975,
       34.17655368382639
      ],
      [
       -118.0951626097951,
       34.17647743560458
      ],
      [
       -118.0962913420673,
       34.174783647277536
      ],
      [
       -118.09510589879821,
       34.173166114505854
      ],
      [
       -118.09279173552922,
       34.17324234541709
      ]
     ]
    ]
   },
   "properties": {
    "h3_cell": "8929a1c046bffff",
    "tract_geoid": "06037462500",
    "RPL_THEMES": 0.1118,
    "RPL_THEME1": 0.1226,
    "RPL_THEME2": 0.2212,
    "RPL_THEME3": 0.423,
    "RPL_THEME4": 0.1269,
    "n_structures": 13,
    "n_destroyed": 1,
    "destroyed_rate": 0.0769,
    "uncertainty": {
     "svi_vintage": "2022 (pre-fire); tract-level rank attached to a tile is a downscaling approximation",
     "svi_missing": false,
     "n_unassessed": 0,
     "low_n": false,
     "source": "DINS field survey; rates undefined where all points inaccessible"
    }
   }
  },
  {
   "type": "Feature",
   "geometry": {
    "type": "Polygon",
    "coordinates": [
     [
      [
       -118.0962913420673,
       34.174783647277536
      ],
      [
       -118.0951626097951,
       34.17647743560458
      ],
      [
       -118.09634808879508,
       34.17809492771046
      ],
      [
       -118.09866231233458,
       34.178018606844226
      ],
      [
       -118.09979098876575,
       34.17632481118898
      ],
      [
       -118.09860549750121,
       34.174707343728
      ],
      [
       -118.0962913420673,
       34.174783647277536
      ]
     ]
    ]
   },
   "properties": {
    "h3_cell": "8929a1c046fffff",
    "tract_geoid": "06037460101",
    "RPL_THEMES": 0.077,
    "RPL_THEME1": 0.1199,
    "RPL_THEME2": 0.2494,
    "RPL_THEME3": 0.1802,
    "RPL_THEME4": 0.0895,
    "n_structures": 53,
    "n_destroyed": 4,
    "destroyed_rate": 0.0755,
    "uncertainty": {
     "svi_vintage": "2022 (pre-fire); tract-level rank attached to a tile is a downscaling approximation",
     "svi_missing": false,
     "n_unassessed": 0,
     "low_n": false,
     "source": "DINS field survey; rates undefined where all points inaccessible"
    }
   }
  },
  {
   "type": "Feature",
   "geometry": {
    "type": "Polygon",
    "coordinates": [
     [
      [
       -118.09617785868166,
       34.16816089439405
      ],
      [
       -118.09504919115591,
       34.169854729404165
      ],
      [
       -118.09623459869624,
       34.17147230283198
      ],
      [
       -118.09854868602856,
       34.171396016600085
      ],
      [
       -118.09967729772015,
       34.16970217425913
      ],
      [
       -118.09849187791637,
       34.16808462548072
      ],
      [
       -118.09617785868166,
       34.16816089439405
      ]
     ]
    ]
   },
   "properties": {
    "h3_cell": "8929a1c0473ffff",
    "tract_geoid": "06037461300",
    "RPL_THEMES": 0.3898,
    "RPL_THEME1": 0.2363,
    "RPL_THEME2": 0.7218,
    "RPL_THEME3": 0.089,
    "RPL_THEME4": 0.5391,
    "n_structures": 83,
    "n_destroyed": 15,
    "destroyed_rate": 0.1807,
    "uncertainty": {
     "svi_vintage": "2022 (pre-fire); tract-level rank attached to a tile is a downscaling approximation",
     "svi_missing": false,
     "n_unassessed": 0,
     "low_n": false,
     "source": "DINS field survey; rates undefined where all points inaccessible"
    }
   }
  },
  {
   "type": "Feature",
   "geometry": {
    "type": "Polygon",
    "coordinates": [
     [
      [
       -118.09967729772015,
       34.16970217425913
      ],
      [
       -118.09854868602856,
       34.171396016600085
      ],
      [
       -118.09973414156165,
       34.17301352472462
      ],
      [
       -118.102048221042,
       34.172937165857995
      ],
      [
       -118.10317677688968,
       34.17124331619172
      ],
      [
       -118.10199130910368,
       34.16962583271718
      ],
      [
       -118.09967729772015,
       34.16970217425913
      ]
     ]
    ]
   },
   "properties": {
    "h3_cell": "8929a1c0477ffff",
    "tract_geoid": "06037461300",
    "RPL_THEMES": 0.3898,
    "RPL_THEME1": 0.2363,
    "RPL_THEME2": 0.7218,
    "RPL_THEME3": 0.089,
    "RPL_THEME4": 0.5391,
    "n_structures": 84,
    "n_destroyed": 1,
    "destroyed_rate": 0.012,
    "uncertainty": {
     "svi_vintage": "2022 (pre-fire); tract-level rank attached to a tile is a downscaling approximation",
     "svi_missing": false,
     "n_unassessed": 1,
     "low_n": false,
     "source": "DINS field survey; rates undefined where all points inaccessible"
    }
   }
  },
  {
   "type": "Feature",
   "geometry": {
    "type": "Polygon",
    "coordinates": [
     [
      [
       -118.09273509598927,
       34.169930943003884
      ],
      [
       -118.09160634026337,
       34.17162474734274
      ],
      [
       -118.09279173552922,
       34.17324234541709
      ],
      [
       -118.09510589879821,
       34.173166114505854
      ],
      [
       -118.09623459869624,
       34.17147230283198
      ],
      [
       -118.09504919115591,
       34.169854729404165
      ],
      [
       -118.09273509598927,
       34.169930943003884
      ]
     ]
    ]
   },
   "properties": {
    "h3_cell": "8929a1c047bffff",
    "tract_geoid": "06037462500",
    "RPL_THEMES": 0.1118,
    "RPL_THEME1": 0.1226,
    "RPL_THEME2": 0.2212,
    "RPL_THEME3": 0.423,
    "RPL_THEME4": 0.1269,
    "n_structures": 3,
    "n_destroyed": 2,
    "destroyed_rate": 0.6667,
    "uncertainty": {
     "svi_vintage": "2022 (pre-fire); tract-level rank attached to a tile is a downscaling approximation",
     "svi_missing": false,
     "n_unassessed": 0,
     "low_n": false,
     "source": "DINS field survey; rates undefined where all points inaccessible"
    }
   }
  },
  {
   "type": "Feature",
   "geometry": {
    "type": "Polygon",
    "coordinates": [
     [
      [
       -118.09256519746985,
       34.15999635194372
      ],
      [
       -118.0914365388657,
       34.16169022625553
      ],
      [
       -118.09262182695986,
       34.16330794624691
      ],
      [
       -118.09493578593384,
       34.16323176727303
      ],
      [
       -118.09606438872054,
       34.161537885622224
      ],
      [
       -118.09487908835351,
       34.15992019028411
      ],
      [
       -118.09256519746985,
       34.15999635194372
      ]
     ]
    ]
   },
   "properties": {
    "h3_cell": "8929a1c04cfffff",
    "tract_geoid": "06037462500",
    "RPL_THEMES": 0.1118,
    "RPL_THEME1": 0.1226,
    "RPL_THEME2": 0.2212,
    "RPL_THEME3": 0.423,
    "RPL_THEME4": 0.1269,
    "n_structures": 3,
    "n_destroyed": 0,
    "destroyed_rate": 0.0,
    "uncertainty": {
     "svi_vintage": "2022 (pre-fire); tract-level rank attached to a tile is a downscaling approximation",
     "svi_missing": false,
     "n_unassessed": 0,
     "low_n": false,
     "source": "DINS field survey; rates undefined where all points inaccessible"
    }
   }
  },
  {
   "type": "Feature",
   "geometry": {
    "type": "Polygon",
    "coordinates": [
     [
      [
       -118.12755891379022,
       34.17540548219518
      ],
      [
       -118.12643081380057,
       34.17709942964873
      ],
      [
       -118.12761658149417,
       34.178716496474856
      ],
      [
       -118.12993046134787,
       34.17863959118795
      ],
      [
       -118.13105850542232,
       34.176945636450576
      ],
      [
       -118.1298727255611,
       34.175328594283734
      ],
      [
       -118.12755891379022,
       34.17540548219518
      ]
     ]
    ]
   },
   "properties": {
    "h3_cell": "8929a1c0507ffff",
    "tract_geoid": "06037461300",
    "RPL_THEMES": 0.3898,
    "RPL_THEME1": 0.2363,
    "RPL_THEME2": 0.7218,
    "RPL_THEME3": 0.089,
    "RPL_THEME4": 0.5391,
    "n_structures": 31,
    "n_destroyed": 0,
    "destroyed_rate": 0.0,
    "uncertainty": {
     "svi_vintage": "2022 (pre-fire); tract-level rank attached to a tile is a downscaling approximation",
     "svi_missing": false,
     "n_unassessed": 0,
     "low_n": false,
     "source": "DINS field survey; rates undefined where all points inaccessible"
    }
   }
  },
  {
   "type": "Feature",
   "geometry": {
    "type": "Polygon",
    "coordinates": [
     [
      [
       -118.1206173103683,
       34.175635890118386
      ],
      [
       -118.11948906623314,
       34.17732979966344
      ],
      [
       -118.12067477381282,
       34.178946956498095
      ],
      [
       -118.12298873771962,
       34.17887017913163
      ],
      [
       -118.12411692595569,
       34.17717626229301
      ],
      [
       -118.1229312061868,
       34.17555913011423
      ],
      [
       -118.1206173103683,
       34.175635890118386
      ]
     ]
    ]
   },
   "properties": {
    "h3_cell": "8929a1c050bffff",
    "tract_geoid": "06037461300",
    "RPL_THEMES": 0.3898,
    "RPL_THEME1": 0.2363,
    "RPL_THEME2": 0.7218,
    "RPL_THEME3": 0.089,
    "RPL_THEME4": 0.5391,
    "n_structures": 7,
    "n_destroyed": 0,
    "destroyed_rate": 0.0,
    "uncertainty": {
     "svi_vintage": "2022 (pre-fire); tract-level rank attached to a tile is a downscaling approximation",
     "svi_missing": false,
     "n_unassessed": 0,
     "low_n": false,
     "source": "DINS field survey; rates undefined where all points inaccessible"
    }
   }
  },
  {
   "type": "Feature",
   "geometry": {
    "type": "Polygon",
    "coordinates": [
     [
      [
       -118.12411692595569,
       34.17717626229301
      ],
      [
       -118.12298873771962,
       34.17887017913163
      ],
      [
       -118.12417449323456,
       34.18048727061422
      ],
      [
       -118.126488449167,
       34.18041042060153
      ],
      [
       -118.12761658149417,
       34.178716496474856
      ],
      [
       -118.12643081380057,
       34.17709942964873
      ],
      [
       -118.12411692595569,
       34.17717626229301
      ]
     ]
    ]
   },
   "properties": {
    "h3_cell": "8929a1c050fffff",
    "tract_geoid": "06037461200",
    "RPL_THEMES": 0.0538,
    "RPL_THEME1": 0.099,
    "RPL_THEME2": 0.0988,
    "RPL_THEME3": 0.2444,
    "RPL_THEME4": 0.1166,
    "n_structures": 3,
    "n_destroyed": 0,
    "destroyed_rate": 0.0,
    "uncertainty": {
     "svi_vintage": "2022 (pre-fire); tract-level rank attached to a tile is a downscaling approximation",
     "svi_missing": false,
     "n_unassessed": 0,
     "low_n": false,
     "source": "DINS field survey; rates undefined where all points inaccessible"
    }
   }
  },
  {
   "type": "Feature",
   "geometry": {
    "type": "Polygon",
    "coordinates": [
     [
      [
       -118.13111627695837,
       34.180256592653414
      ],
      [
       -118.1299882005498,
       34.18195052406262
      ],
      [
       -118.13117405191176,
       34.18356748481703
      ],
      [
       -118.13348799184264,
       34.18349048950437
      ],
      [
       -118.13461601232278,
       34.18179655081813
      ],
      [
       -118.1334301488032,
       34.18017961472138
      ],
      [
       -118.13111627695837,
       34.180256592653414
      ]
     ]
    ]
   },
   "properties": {
    "h3_cell": "8929a1c0523ffff",
    "tract_geoid": "06037461100",
    "RPL_THEMES": 0.4817,
    "RPL_THEME1": 0.3377,
    "RPL_THEME2": 0.5248,
    "RPL_THEME3": 0.4965,
    "RPL_THEME4": 0.6448,
    "n_structures": 191,
    "n_destroyed": 105,
    "destroyed_rate": 0.5497,
    "uncertainty": {
     "svi_vintage": "2022 (pre-fire); tract-level rank attached to a tile is a downscaling approximation",
     "svi_missing": false,
     "n_unassessed": 0,
     "low_n": false,
     "source": "DINS field survey; rates undefined where all points inaccessible"
    }
   }
  },
  {
   "type": "Feature",
   "geometry": {
    "type": "Polygon",
    "coordinates": [
     [
      [
       -118.13461601232278,
       34.18179655081813
      ],
      [
       -118.13348799184264,
       34.18349048950437
      ],
      [
       -118.13467389111635,
       34.18510738488266
      ],
      [
       -118.13698782302005,
       34.18503031691626
      ],
      [
       -118.13811578756201,
       34.18333637095851
      ],
      [
       -118.13692987614121,
       34.18171950023847
      ],
      [
       -118.13461601232278,
       34.18179655081813
      ]
     ]
    ]
   },
   "properties": {
    "h3_cell": "8929a1c0527ffff",
    "tract_geoid": "06037461100",
    "RPL_THEMES": 0.4817,
    "RPL_THEME1": 0.3377,
    "RPL_THEME2": 0.5248,
    "RPL_THEME3": 0.4965,
    "RPL_THEME4": 0.6448,
    "n_structures": 122,
    "n_destroyed": 50,
    "destroyed_rate": 0.4098,
    "uncertainty": {
     "svi_vintage": "2022 (pre-fire); tract-level rank attached to a tile is a downscaling approximation",
     "svi_missing": false,
     "n_unassessed": 0,
     "low_n": false,
     "source": "DINS field survey; rates undefined where all points inaccessible"
    }
   }
  },
  {
   "type": "Feature",
   "geometry": {
    "type": "Polygon",
    "coordinates": [
     [
      [
       -118.12767425260934,
       34.18202744672404
      ],
      [
       -118.12654608794281,
       34.183721347513256
      ],
      [
       -118.12773192713605,
       34.18533833292246
      ],
      [
       -118.13004594316732,
       34.185261392887455
      ],
      [
       -118.13117405191176,
       34.18356748481703
      ],
      [
       -118.1299882005498,
       34.18195052406262
      ],
      [
       -118.12767425260934,
       34.18202744672404
      ]
     ]
    ]
   },
   "properties": {
    "h3_cell": "8929a1c052bffff",
    "tract_geoid": "06037461200",
    "RPL_THEMES": 0.0538,
    "RPL_THEME1": 0.099,
    "RPL_THEME2": 0.0988,
    "RPL_THEME3": 0.2444,
    "RPL_THEME4": 0.1166,
    "n_structures": 122,
    "n_destroyed": 83,
    "destroyed_rate": 0.6803,
    "uncertainty": {
     "svi_vintage": "2022 (pre-fire); tract-level rank attached to a tile is a downscaling approximation",
     "svi_missing": false,
     "n_unassessed": 0,
     "low_n": false,
     "source": "DINS field survey; rates undefined where all points inaccessible"
    }
   }
  },
  {
   "type": "Feature",
   "geometry": {
    "type": "Polygon",
    "coordinates": [
     [
      [
       -118.13117405191176,
       34.18356748481703
      ],
      [
       -118.13004594316732,
       34.185261392887455
      ],
      [
       -118.13123183028284,
       34.186878312921145
      ],
      [
       -118.13354583830376,
       34.1868013002288
      ],
      [
       -118.13467389111635,
       34.18510738488266
      ],
      [
       -118.13348799184264,
       34.18349048950437
      ],
      [
       -118.13117405191176,
       34.18356748481703
      ]
     ]
    ]
   },
   "properties": {
    "h3_cell": "8929a1c052fffff",
    "tract_geoid": "06037461100",
    "RPL_THEMES": 0.4817,
    "RPL_THEME1": 0.3377,
    "RPL_THEME2": 0.5248,
    "RPL_THEME3": 0.4965,
    "RPL_THEME4": 0.6448,
    "n_structures": 95,
    "n_destroyed": 45,
    "destroyed_rate": 0.4737,
    "uncertainty": {
     "svi_vintage": "2022 (pre-fire); tract-level rank attached to a tile is a downscaling approximation",
     "svi_missing": false,
     "n_unassessed": 0,
     "low_n": false,
     "source": "DINS field survey; rates undefined where all points inaccessible"
    }
   }
  },
  {
   "type": "Feature",
   "geometry": {
    "type": "Polygon",
    "coordinates": [
     [
      [
       -118.13105850542232,
       34.176945636450576
      ],
      [
       -118.12993046134787,
       34.17863959118795
      ],
      [
       -118.13111627695837,
       34.180256592653414
      ],
      [
       -118.1334301488032,
       34.18017961472138
      ],
      [
       -118.13455813695273,
       34.178485652705646
      ],
      [
       -118.13337230918516,
       34.17686867590009
      ],
      [
       -118.13105850542232,
       34.176945636450576
      ]
     ]
    ]
   },
   "properties": {
    "h3_cell": "8929a1c0533ffff",
    "tract_geoid": "06037461100",
    "RPL_THEMES": 0.4817,
    "RPL_THEME1": 0.3377,
    "RPL_THEME2": 0.5248,
    "RPL_THEME3": 0.4965,
    "RPL_THEME4": 0.6448,
    "n_structures": 120,
    "n_destroyed": 5,
    "destroyed_rate": 0.0417,
    "uncertainty": {
     "svi_vintage": "2022 (pre-fire); tract-level rank attached to a tile is a downscaling approximation",
     "svi_missing": false,
     "n_unassessed": 0,
     "low_n": false,
     "source": "DINS field survey; rates undefined where all points inaccessible"
    }
   }
  },
  {
   "type": "Feature",
   "geometry": {
    "type": "Polygon",
    "coordinates": [
     [
      [
       -118.13455813695273,
       34.178485652705646
      ],
      [
       -118.1334301488032,
       34.18017961472138
      ],
      [
       -118.13461601232278,
       34.18179655081813
      ],
      [
       -118.13692987614121,
       34.18171950023847
      ],
      [
       -118.13805780835604,
       34.18002553094992
      ],
      [
       -118.13687193268993,
       34.17840861951365
      ],
      [
       -118.13455813695273,
       34.178485652705646
      ]
     ]
    ]
   },
   "properties": {
    "h3_cell": "8929a1c0537ffff",
    "tract_geoid": "06037461100",
    "RPL_THEMES": 0.4817,
    "RPL_THEME1": 0.3377,
    "RPL_THEME2": 0.5248,
    "RPL_THEME3": 0.4965,
    "RPL_THEME4": 0.6448,
    "n_structures": 250,
    "n_destroyed": 77,
    "destroyed_rate": 0.308,
    "uncertainty": {
     "svi_vintage": "2022 (pre-fire); tract-level rank attached to a tile is a downscaling approximation",
     "svi_missing": false,
     "n_unassessed": 0,
     "low_n": false,
     "source": "DINS field survey; rates undefined where all points inaccessible"
    }
   }
  },
  {
   "type": "Feature",
   "geometry": {
    "type": "Polygon",
    "coordinates": [
     [
      [
       -118.12761658149417,
       34.178716496474856
      ],
      [
       -118.126488449167,
       34.18041042060153
      ],
      [
       -118.12767425260934,
       34.18202744672404
      ],
      [
       -118.1299882005498,
       34.18195052406262
      ],
      [
       -118.13111627695837,
       34.180256592653414
      ],
      [
       -118.12993046134787,
       34.17863959118795
      ],
      [
       -118.12761658149417,
       34.178716496474856
      ]
     ]
    ]
   },
   "properties": {
    "h3_cell": "8929a1c053bffff",
    "tract_geoid": "06037461200",
    "RPL_THEMES": 0.0538,
    "RPL_THEME1": 0.099,
    "RPL_THEME2": 0.0988,
    "RPL_THEME3": 0.2444,
    "RPL_THEME4": 0.1166,
    "n_structures": 202,
    "n_destroyed": 106,
    "destroyed_rate": 0.5248,
    "uncertainty": {
     "svi_vintage": "2022 (pre-fire); tract-level rank attached to a tile is a downscaling approximation",
     "svi_missing": false,
     "n_unassessed": 0,
     "low_n": false,
     "source": "DINS field survey; rates undefined where all points inaccessible"
    }
   }
  },
  {
   "type": "Feature",
   "geometry": {
    "type": "Polygon",
    "coordinates": [
     [
      [
       -118.11717509436953,
       34.1774065043862
      ],
      [
       -118.1160467619953,
       34.179100383298646
      ],
      [
       -118.11723245737471,
       34.180717564786306
      ],
      [
       -118.11954649733137,
       34.1806408427083
      ],
      [
       -118.12067477381282,
       34.178946956498095
      ],
      [
       -118.11948906623314,
       34.17732979966344
      ],
      [
       -118.11717509436953,
       34.1774065043862
      ]
     ]
    ]
   },
   "properties": {
    "h3_cell": "8929a1c0547ffff",
    "tract_geoid": "06037461200",
    "RPL_THEMES": 0.0538,
    "RPL_THEME1": 0.099,
    "RPL_THEME2": 0.0988,
    "RPL_THEME3": 0.2444,
    "RPL_THEME4": 0.1166,
    "n_structures": 97,
    "n_destroyed": 7,
    "destroyed_rate": 0.0722,
    "uncertainty": {
     "svi_vintage": "2022 (pre-fire); tract-level rank attached to a tile is a downscaling approximation",
     "svi_missing": false,
     "n_unassessed": 0,
     "low_n": false,
     "source": "DINS field survey; rates undefined where all points inaccessible"
    }
   }
  },
  {
   "type": "Feature",
   "geometry": {
    "type": "Polygon",
    "coordinates": [
     [
      [
       -118.1137327140987,
       34.17917703272934
      ],
      [
       -118.11260429348641,
       34.180870880995705
      ],
      [
       -118.11378997665446,
       34.182488087133535
      ],
      [
       -118.1161040926489,
       34.18241142035463
      ],
      [
       -118.11723245737471,
       34.180717564786306
      ],
      [
       -118.1160467619953,
       34.179100383298646
      ],
      [
       -118.1137327140987,
       34.17917703272934
      ]
     ]
    ]
   },
   "properties": {
    "h3_cell": "8929a1c054fffff",
    "tract_geoid": "06037461200",
    "RPL_THEMES": 0.0538,
    "RPL_THEME1": 0.099,
    "RPL_THEME2": 0.0988,
    "RPL_THEME3": 0.2444,
    "RPL_THEME4": 0.1166,
    "n_structures": 123,
    "n_destroyed": 6,
    "destroyed_rate": 0.0488,
    "uncertainty": {
     "svi_vintage": "2022 (pre-fire); tract-level rank attached to a tile is a downscaling approximation",
     "svi_missing": false,
     "n_unassessed": 0,
     "low_n": false,
     "source": "DINS field survey; rates undefined where all points inaccessible"
    }
   }
  },
  {
   "type": "Feature",
   "geometry": {
    "type": "Polygon",
    "coordinates": [
     [
      [
       -118.12073224065657,
       34.18225795884451
      ],
      [
       -118.11960393182699,
       34.183951821709286
      ],
      [
       -118.12078971089981,
       34.18556889713739
      ],
      [
       -118.12310381099527,
       34.18549208504913
      ],
      [
       -118.12423206391881,
       34.18379821489341
      ],
      [
       -118.12304627265569,
       34.182181164116685
      ],
      [
       -118.12073224065657,
       34.18225795884451
      ]
     ]
    ]
   },
   "properties": {
    "h3_cell": "8929a1c0563ffff",
    "tract_geoid": "06037461200",
    "RPL_THEMES": 0.0538,
    "RPL_THEME1": 0.099,
    "RPL_THEME2": 0.0988,
    "RPL_THEME3": 0.2444,
    "RPL_THEME4": 0.1166,
    "n_structures": 82,
    "n_destroyed": 49,
    "destroyed_rate": 0.5976,
    "uncertainty": {
     "svi_vintage": "2022 (pre-fire); tract-level rank attached to a tile is a downscaling approximation",
     "svi_missing": false,
     "n_unassessed": 0,
     "low_n": false,
     "source": "DINS field survey; rates undefined where all points inaccessible"
    }
   }
  },
  {
   "type": "Feature",
   "geometry": {
    "type": "Polygon",
    "coordinates": [
     [
      [
       -118.12423206391881,
       34.18379821489341
      ],
      [
       -118.12310381099527,
       34.18549208504913
      ],
      [
       -118.12428963800873,
       34.18710909511031
      ],
      [
       -118.1266037301283,
       34.18703221036361
      ],
      [
       -118.12773192713605,
       34.18533833292246
      ],
      [
       -118.12654608794281,
       34.183721347513256
      ],
      [
       -118.12423206391881,
       34.18379821489341
      ]
     ]
    ]
   },
   "properties": {
    "h3_cell": "8929a1c0567ffff",
    "tract_geoid": "06037461200",
    "RPL_THEMES": 0.0538,
    "RPL_THEME1": 0.099,
    "RPL_THEME2": 0.0988,
    "RPL_THEME3": 0.2444,
    "RPL_THEME4": 0.1166,
    "n_structures": 153,
    "n_destroyed": 78,
    "destroyed_rate": 0.5098,
    "uncertainty": {
     "svi_vintage": "2022 (pre-fire); tract-level rank attached to a tile is a downscaling approximation",
     "svi_missing": false,
     "n_unassessed": 0,
     "low_n": false,
     "source": "DINS field survey; rates undefined where all points inaccessible"
    }
   }
  },
  {
   "type": "Feature",
   "geometry": {
    "type": "Polygon",
    "coordinates": [
     [
      [
       -118.11728982377323,
       34.18402856114161
      ],
      [
       -118.11616142669399,
       34.18572239335521
      ],
      [
       -118.11734719356542,
       34.187339493431836
      ],
      [
       -118.11966136972026,
       34.18726273664613
      ],
      [
       -118.12078971089981,
       34.18556889713739
      ],
      [
       -118.11960393182699,
       34.183951821709286
      ],
      [
       -118.11728982377323,
       34.18402856114161
      ]
     ]
    ]
   },
   "properties": {
    "h3_cell": "8929a1c056bffff",
    "tract_geoid": "06037461200",
    "RPL_THEMES": 0.0538,
    "RPL_THEME1": 0.099,
    "RPL_THEME2": 0.0988,
    "RPL_THEME3": 0.2444,
    "RPL_THEME4": 0.1166,
    "n_structures": 93,
    "n_destroyed": 48,
    "destroyed_rate": 0.5161,
    "uncertainty": {
     "svi_vintage": "2022 (pre-fire); tract-level rank attached to a tile is a downscaling approximation",
     "svi_missing": false,
     "n_unassessed": 0,
     "low_n": false,
     "source": "DINS field survey; rates undefined where all points inaccessible"
    }
   }
  },
  {
   "type": "Feature",
   "geometry": {
    "type": "Polygon",
    "coordinates": [
     [
      [
       -118.12078971089981,
       34.18556889713739
      ],
      [
       -118.11966136972026,
       34.18726273664613
      ],
      [
       -118.12084718454288,
       34.188879771356426
      ],
      [
       -118.12316135273866,
       34.188802941908676
      ],
      [
       -118.12428963800873,
       34.18710909511031
      ],
      [
       -118.12310381099527,
       34.18549208504913
      ],
      [
       -118.12078971089981,
       34.18556889713739
      ]
     ]
    ]
   },
   "properties": {
    "h3_cell": "8929a1c056fffff",
    "tract_geoid": "06037460101",
    "RPL_THEMES": 0.077,
    "RPL_THEME1": 0.1199,
    "RPL_THEME2": 0.2494,
    "RPL_THEME3": 0.1802,
    "RPL_THEME4": 0.0895,
    "n_structures": 129,
    "n_destroyed": 62,
    "destroyed_rate": 0.4806,
    "uncertainty": {
     "svi_vintage": "2022 (pre-fire); tract-level rank attached to a tile is a downscaling approximation",
     "svi_missing": false,
     "n_unassessed": 0,
     "low_n": false,
     "source": "DINS field survey; rates undefined where all points inaccessible"
    }
   }
  },
  {
   "type": "Feature",
   "geometry": {
    "type": "Polygon",
    "coordinates": [
     [
      [
       -118.12067477381282,
       34.178946956498095
      ],
      [
       -118.11954649733137,
       34.1806408427083
      ],
      [
       -118.12073224065657,
       34.18225795884451
      ],
      [
       -118.12304627265569,
       34.182181164116685
      ],
      [
       -118.12417449323456,
       34.18048727061422
      ],
      [
       -118.12298873771962,
       34.17887017913163
      ],
      [
       -118.12067477381282,
       34.178946956498095
      ]
     ]
    ]
   },
   "properties": {
    "h3_cell": "8929a1c0573ffff",
    "tract_geoid": "06037461200",
    "RPL_THEMES": 0.0538,
    "RPL_THEME1": 0.099,
    "RPL_THEME2": 0.0988,
    "RPL_THEME3": 0.2444,
    "RPL_THEME4": 0.1166,
    "n_structures": 40,
    "n_destroyed": 0,
    "destroyed_rate": 0.0,
    "uncertainty": {
     "svi_vintage": "2022 (pre-fire); tract-level rank attached to a tile is a downscaling approximation",
     "svi_missing": false,
     "n_unassessed": 0,
     "low_n": false,
     "source": "DINS field survey; rates undefined where all points inaccessible"
    }
   }
  },
  {
   "type": "Feature",
   "geometry": {
    "type": "Polygon",
    "coordinates": [
     [
      [
       -118.12417449323456,
       34.18048727061422
      ],
      [
       -118.12304627265569,
       34.182181164116685
      ],
      [
       -118.12423206391881,
       34.18379821489341
      ],
      [
       -118.12654608794281,
       34.183721347513256
      ],
      [
       -118.12767425260934,
       34.18202744672404
      ],
      [
       -118.126488449167,
       34.18041042060153
      ],
      [
       -118.12417449323456,
       34.18048727061422
      ]
     ]
    ]
   },
   "properties": {
    "h3_cell": "8929a1c0577ffff",
    "tract_geoid": "06037461200",
    "RPL_THEMES": 0.0538,
    "RPL_THEME1": 0.099,
    "RPL_THEME2": 0.0988,
    "RPL_THEME3": 0.2444,
    "RPL_THEME4": 0.1166,
    "n_structures": 177,
    "n_destroyed": 27,
    "destroyed_rate": 0.1525,
    "uncertainty": {
     "svi_vintage": "2022 (pre-fire); tract-level rank attached to a tile is a downscaling approximation",
     "svi_missing": false,
     "n_unassessed": 0,
     "low_n": false,
     "source": "DINS field survey; rates undefined where all points inaccessible"
    }
   }
  },
  {
   "type": "Feature",
   "geometry": {
    "type": "Polygon",
    "coordinates": [
     [
      [
       -118.11723245737471,
       34.180717564786306
      ],
      [
       -118.1161040926489,
       34.18241142035463
      ],
      [
       -118.11728982377323,
       34.18402856114161
      ],
      [
       -118.11960393182699,
       34.183951821709286
      ],
      [
       -118.12073224065657,
       34.18225795884451
      ],
      [
       -118.11954649733137,
       34.1806408427083
      ],
      [
       -118.11723245737471,
       34.180717564786306
      ]
     ]
    ]
   },
   "properties": {
    "h3_cell": "8929a1c057bffff",
    "tract_geoid": "06037461200",
    "RPL_THEMES": 0.0538,
    "RPL_THEME1": 0.099,
    "RPL_THEME2": 0.0988,
    "RPL_THEME3": 0.2444,
    "RPL_THEME4": 0.1166,
    "n_structures": 20,
    "n_destroyed": 3,
    "destroyed_rate": 0.15,
    "uncertainty": {
     "svi_vintage": "2022 (pre-fire); tract-level rank attached to a tile is a downscaling approximation",
     "svi_missing": false,
     "n_unassessed": 0,
     "low_n": false,
     "source": "DINS field survey; rates undefined where all points inaccessible"
    }
   }
  },
  {
   "type": "Feature",
   "geometry": {
    "type": "Polygon",
    "coordinates": [
     [
      [
       -118.13794186023193,
       34.17340365884369
      ],
      [
       -118.13681399266585,
       34.17509767476206
      ],
      [
       -118.13799983257945,
       34.17671462690489
      ],
      [
       -118.14031355219686,
       34.17663753846357
      ],
      [
       -118.14144136382541,
       34.17494351527525
      ],
      [
       -118.14025551177687,
       34.17332658779801
      ],
      [
       -118.13794186023193,
       34.17340365884369
      ]
     ]
    ]
   },
   "properties": {
    "h3_cell": "8929a1c05a7ffff",
    "tract_geoid": "06037461501",
    "RPL_THEMES": 0.5742,
    "RPL_THEME1": 0.4619,
    "RPL_THEME2": 0.4897,
    "RPL_THEME3": 0.6268,
    "RPL_THEME4": 0.723,
    "n_structures": 3,
    "n_destroyed": 0,
    "destroyed_rate": 0.0,
    "uncertainty": {
     "svi_vintage": "2022 (pre-fire); tract-level rank attached to a tile is a downscaling approximation",
     "svi_missing": false,
     "n_unassessed": 0,
     "low_n": false,
     "source": "DINS field survey; rates undefined where all points inaccessible"
    }
   }
  },
  {
   "type": "Feature",
   "geometry": {
    "type": "Polygon",
    "coordinates": [
     [
      [
       -118.13450026500594,
       34.17517469056547
      ],
      [
       -118.13337230918516,
       34.17686867590009
      ],
      [
       -118.13455813695273,
       34.178485652705646
      ],
      [
       -118.13687193268993,
       34.17840861951365
      ],
      [
       -118.13799983257945,
       34.17671462690489
      ],
      [
       -118.13681399266585,
       34.17509767476206
      ],
      [
       -118.13450026500594,
       34.17517469056547
      ]
     ]
    ]
   },
   "properties": {
    "h3_cell": "8929a1c05afffff",
    "tract_geoid": "06037461501",
    "RPL_THEMES": 0.5742,
    "RPL_THEME1": 0.4619,
    "RPL_THEME2": 0.4897,
    "RPL_THEME3": 0.6268,
    "RPL_THEME4": 0.723,
    "n_structures": 170,
    "n_destroyed": 27,
    "destroyed_rate": 0.1588,
    "uncertainty": {
     "svi_vintage": "2022 (pre-fire); tract-level rank attached to a tile is a downscaling approximation",
     "svi_missing": false,
     "n_unassessed": 0,
     "low_n": false,
     "source": "DINS field survey; rates undefined where all points inaccessible"
    }
   }
  },
  {
   "type": "Feature",
   "geometry": {
    "type": "Polygon",
    "coordinates": [
     [
      [
       -118.07546268729553,
       34.175468459552015
      ],
      [
       -118.07433352298669,
       34.17716213371363
      ],
      [
       -118.0755188209905,
       34.17877989563785
      ],
      [
       -118.07783329563522,
       34.17870395876573
      ],
      [
       -118.07896240415135,
       34.177010277246794
      ],
      [
       -118.0777770938182,
       34.17539253995711
      ],
      [
       -118.07546268729553,
       34.175468459552015
      ]
     ]
    ]
   },
   "properties": {
    "h3_cell": "8929a1c0603ffff",
    "tract_geoid": "06037460002",
    "RPL_THEMES": 0.099,
    "RPL_THEME1": 0.0491,
    "RPL_THEME2": 0.3292,
    "RPL_THEME3": 0.3539,
    "RPL_THEME4": 0.14,
    "n_structures": 23,
    "n_destroyed": 1,
    "destroyed_rate": 0.0435,
    "uncertainty": {
     "svi_vintage": "2022 (pre-fire); tract-level rank attached to a tile is a downscaling approximation",
     "svi_missing": false,
     "n_unassessed": 0,
     "low_n": false,
     "source": "DINS field survey; rates undefined where all points inaccessible"
    }
   }
  },
  {
   "type": "Feature",
   "geometry": {
    "type": "Polygon",
    "coordinates": [
     [
      [
       -118.07896240415135,
       34.177010277246794
      ],
      [
       -118.07783329563522,
       34.17870395876573
      ],
      [
       -118.07901864169219,
       34.18032165539778
      ],
      [
       -118.0813331085869,
       34.18024564587553
      ],
      [
       -118.08246216130051,
       34.17855195700479
      ],
      [
       -118.0812768029247,
       34.176934285007896
      ],
      [
       -118.07896240415135,
       34.177010277246794
      ]
     ]
    ]
   },
   "properties": {
    "h3_cell": "8929a1c0607ffff",
    "tract_geoid": "06037460001",
    "RPL_THEMES": 0.0029,
    "RPL_THEME1": 0.0114,
    "RPL_THEME2": 0.239,
    "RPL_THEME3": 0.1499,
    "RPL_THEME4": 0.0,
    "n_structures": 8,
    "n_destroyed": 0,
    "destroyed_rate": 0.0,
    "uncertainty": {
     "svi_vintage": "2022 (pre-fire); tract-level rank attached to a tile is a downscaling approximation",
     "svi_missing": false,
     "n_unassessed": 0,
     "low_n": false,
     "source": "DINS field survey; rates undefined where all points inaccessible"
    }
   }
  },
  {
   "type": "Feature",
   "geometry": {
    "type": "Polygon",
    "coordinates": [
     [
      [
       -118.0755188209905,
       34.17877989563785
      ],
      [
       -118.07438962427939,
       34.1804735464181
      ],
      [
       -118.07557495800641,
       34.182091267682445
      ],
      [
       -118.07788950077725,
       34.18201531353403
      ],
      [
       -118.07901864169219,
       34.18032165539778
      ],
      [
       -118.07783329563522,
       34.17870395876573
      ],
      [
       -118.0755188209905,
       34.17877989563785
      ]
     ]
    ]
   },
   "properties": {
    "h3_cell": "8929a1c060fffff",
    "tract_geoid": "06037930400",
    "RPL_THEMES": 0.5737,
    "RPL_THEME1": 0.5002,
    "RPL_THEME2": 0.2688,
    "RPL_THEME3": 0.4527,
    "RPL_THEME4": 0.8606,
    "n_structures": 2,
    "n_destroyed": 0,
    "destroyed_rate": 0.0,
    "uncertainty": {
     "svi_vintage": "2022 (pre-fire); tract-level rank attached to a tile is a downscaling approximation",
     "svi_missing": false,
     "n_unassessed": 0,
     "low_n": true,
     "source": "DINS field survey; rates undefined where all points inaccessible"
    }
   }
  },
  {
   "type": "Feature",
   "geometry": {
    "type": "Polygon",
    "coordinates": [
     [
      [
       -118.07540655692124,
       34.17215695944518
      ],
      [
       -118.07427742501284,
       34.17385065697757
      ],
      [
       -118.07546268729553,
       34.175468459552015
      ],
      [
       -118.0777770938182,
       34.17539253995711
      ],
      [
       -118.07890616993735,
       34.1736988350661
      ],
      [
       -118.07772089532587,
       34.17208105712842
      ],
      [
       -118.07540655692124,
       34.17215695944518
      ]
     ]
    ]
   },
   "properties": {
    "h3_cell": "8929a1c0613ffff",
    "tract_geoid": "06037460002",
    "RPL_THEMES": 0.099,
    "RPL_THEME1": 0.0491,
    "RPL_THEME2": 0.3292,
    "RPL_THEME3": 0.3539,
    "RPL_THEME4": 0.14,
    "n_structures": 24,
    "n_destroyed": 4,
    "destroyed_rate": 0.1667,
    "uncertainty": {
     "svi_vintage": "2022 (pre-fire); tract-level rank attached to a tile is a downscaling approximation",
     "svi_missing": false,
     "n_unassessed": 0,
     "low_n": false,
     "source": "DINS field survey; rates undefined where all points inaccessible"
    }
   }
  },
  {
   "type": "Feature",
   "geometry": {
    "type": "Polygon",
    "coordinates": [
     [
      [
       -118.07890616993735,
       34.1736988350661
      ],
      [
       -118.0777770938182,
       34.17539253995711
      ],
      [
       -118.07896240415135,
       34.177010277246794
      ],
      [
       -118.0812768029247,
       34.176934285007896
      ],
      [
       -118.0824058232448,
       34.17524057276376
      ],
      [
       -118.08122050059337,
       34.17362286011146
      ],
      [
       -118.07890616993735,
       34.1736988350661
      ]
     ]
    ]
   },
   "properties": {
    "h3_cell": "8929a1c0617ffff",
    "tract_geoid": "06037460001",
    "RPL_THEMES": 0.0029,
    "RPL_THEME1": 0.0114,
    "RPL_THEME2": 0.239,
    "RPL_THEME3": 0.1499,
    "RPL_THEME4": 0.0,
    "n_structures": 29,
    "n_destroyed": 2,
    "destroyed_rate": 0.069,
    "uncertainty": {
     "svi_vintage": "2022 (pre-fire); tract-level rank attached to a tile is a downscaling approximation",
     "svi_missing": false,
     "n_unassessed": 0,
     "low_n": false,
     "source": "DINS field survey; rates undefined where all points inaccessible"
    }
   }
  },
  {
   "type": "Feature",
   "geometry": {
    "type": "Polygon",
    "coordinates": [
     [
      [
       -118.07196301075845,
       34.173926503931014
      ],
      [
       -118.0708337906667,
       34.175620170729815
      ],
      [
       -118.0720190406095,
       34.17723799793818
      ],
      [
       -118.07433352298669,
       34.17716213371363
      ],
      [
       -118.07546268729553,
       34.175468459552015
      ],
      [
       -118.07427742501284,
       34.17385065697757
      ],
      [
       -118.07196301075845,
       34.173926503931014
      ]
     ]
    ]
   },
   "properties": {
    "h3_cell": "8929a1c061bffff",
    "tract_geoid": "06037460002",
    "RPL_THEMES": 0.099,
    "RPL_THEME1": 0.0491,
    "RPL_THEME2": 0.3292,
    "RPL_THEME3": 0.3539,
    "RPL_THEME4": 0.14,
    "n_structures": 31,
    "n_destroyed": 12,
    "destroyed_rate": 0.3871,
    "uncertainty": {
     "svi_vintage": "2022 (pre-fire); tract-level rank attached to a tile is a downscaling approximation",
     "svi_missing": false,
     "n_unassessed": 0,
     "low_n": false,
     "source": "DINS field survey; rates undefined where all points inaccessible"
    }
   }
  },
  {
   "type": "Feature",
   "geometry": {
    "type": "Polygon",
    "coordinates": [
     [
      [
       -118.0825185026892,
       34.18186327720734
      ],
      [
       -118.08138941758023,
       34.183556942694096
      ],
      [
       -118.0825748474112,
       34.185174533351145
      ],
      [
       -118.08488937466284,
       34.185098433887745
      ],
      [
       -118.08601840395607,
       34.183404761055996
      ],
      [
       -118.08483296181623,
       34.18178719503246
      ],
      [
       -118.0825185026892,
       34.18186327720734
      ]
     ]
    ]
   },
   "properties": {
    "h3_cell": "8929a1c0623ffff",
    "tract_geoid": "06037460001",
    "RPL_THEMES": 0.0029,
    "RPL_THEME1": 0.0114,
    "RPL_THEME2": 0.239,
    "RPL_THEME3": 0.1499,
    "RPL_THEME4": 0.0,
    "n_structures": 2,
    "n_destroyed": 0,
    "destroyed_rate": 0.0,
    "uncertainty": {
     "svi_vintage": "2022 (pre-fire); tract-level rank attached to a tile is a downscaling approximation",
     "svi_missing": false,
     "n_unassessed": 0,
     "low_n": true,
     "source": "DINS field survey; rates undefined where all points inaccessible"
    }
   }
  },
  {
   "type": "Feature",
   "geometry": {
    "type": "Polygon",
    "coordinates": [
     [
      [
       -118.08601840395607,
       34.183404761055996
      ],
      [
       -118.08488937466284,
       34.185098433887745
      ],
      [
       -118.08607485253407,
       34.18671595922908
      ],
      [
       -118.08838937199968,
       34.18663978710438
      ],
      [
       -118.08951834546744,
       34.18494610693315
      ],
      [
       -118.08833285529785,
       34.18332860622593
      ],
      [
       -118.08601840395607,
       34.183404761055996
      ]
     ]
    ]
   },
   "properties": {
    "h3_cell": "8929a1c0627ffff",
    "tract_geoid": "06037460001",
    "RPL_THEMES": 0.0029,
    "RPL_THEME1": 0.0114,
    "RPL_THEME2": 0.239,
    "RPL_THEME3": 0.1499,
    "RPL_THEME4": 0.0,
    "n_structures": 1,
    "n_destroyed": 0,
    "destroyed_rate": 0.0,
    "uncertainty": {
     "svi_vintage": "2022 (pre-fire); tract-level rank attached to a tile is a downscaling approximation",
     "svi_missing": false,
     "n_unassessed": 0,
     "low_n": true,
     "source": "DINS field survey; rates undefined where all points inaccessible"
    }
   }
  },
  {
   "type": "Feature",
   "geometry": {
    "type": "Polygon",
    "coordinates": [
     [
      [
       -118.08246216130051,
       34.17855195700479
      ],
      [
       -118.0813331085869,
       34.18024564587553
      ],
      [
       -118.0825185026892,
       34.18186327720734
      ],
      [
       -118.08483296181623,
       34.18178719503246
      ],
      [
       -118.08596195871756,
       34.18009349881541
      ],
      [
       -118.08477655230692,
       34.17847589211936
      ],
      [
       -118.08246216130051,
       34.17855195700479
      ]
     ]
    ]
   },
   "properties": {
    "h3_cell": "8929a1c0633ffff",
    "tract_geoid": "06037460001",
    "RPL_THEMES": 0.0029,
    "RPL_THEME1": 0.0114,
    "RPL_THEME2": 0.239,
    "RPL_THEME3": 0.1499,
    "RPL_THEME4": 0.0,
    "n_structures": 20,
    "n_destroyed": 0,
    "destroyed_rate": 0.0,
    "uncertainty": {
     "svi_vintage": "2022 (pre-fire); tract-level rank attached to a tile is a downscaling approximation",
     "svi_missing": false,
     "n_unassessed": 0,
     "low_n": false,
     "source": "DINS field survey; rates undefined where all points inaccessible"
    }
   }
  },
  {
   "type": "Feature",
   "geometry": {
    "type": "Polygon",
    "coordinates": [
     [
      [
       -118.08596195871756,
       34.18009349881541
      ],
      [
       -118.08483296181623,
       34.18178719503246
      ],
      [
       -118.08601840395607,
       34.183404761055996
      ],
      [
       -118.08833285529785,
       34.18332860622593
      ],
      [
       -118.08946179637712,
       34.181634902668094
      ],
      [
       -118.08827634193949,
       34.180017361280925
      ],
      [
       -118.08596195871756,
       34.18009349881541
      ]
     ]
    ]
   },
   "properties": {
    "h3_cell": "8929a1c0637ffff",
    "tract_geoid": "06037460001",
    "RPL_THEMES": 0.0029,
    "RPL_THEME1": 0.0114,
    "RPL_THEME2": 0.239,
    "RPL_THEME3": 0.1499,
    "RPL_THEME4": 0.0,
    "n_structures": 36,
    "n_destroyed": 2,
    "destroyed_rate": 0.0556,
    "uncertainty": {
     "svi_vintage": "2022 (pre-fire); tract-level rank attached to a tile is a downscaling approximation",
     "svi_missing": false,
     "n_unassessed": 0,
     "low_n": false,
     "source": "DINS field survey; rates undefined where all points inaccessible"
    }
   }
  },
  {
   "type": "Feature",
   "geometry": {
    "type": "Polygon",
    "coordinates": [
     [
      [
       -118.07901864169219,
       34.18032165539778
      ],
      [
       -118.07788950077725,
       34.18201531353403
      ],
      [
       -118.07907488256016,
       34.18363296949874
      ],
      [
       -118.08138941758023,
       34.183556942694096
      ],
      [
       -118.0825185026892,
       34.18186327720734
      ],
      [
       -118.0813331085869,
       34.18024564587553
      ],
      [
       -118.07901864169219,
       34.18032165539778
      ]
     ]
    ]
   },
   "properties": {
    "h3_cell": "8929a1c063bffff",
    "tract_geoid": "06037460001",
    "RPL_THEMES": 0.0029,
    "RPL_THEME1": 0.0114,
    "RPL_THEME2": 0.239,
    "RPL_THEME3": 0.1499,
    "RPL_THEME4": 0.0,
    "n_structures": 24,
    "n_destroyed": 0,
    "destroyed_rate": 0.0,
    "uncertainty": {
     "svi_vintage": "2022 (pre-fire); tract-level rank attached to a tile is a downscaling approximation",
     "svi_missing": false,
     "n_unassessed": 1,
     "low_n": false,
     "source": "DINS field survey; rates undefined where all points inaccessible"
    }
   }
  },
  {
   "type": "Feature",
   "geometry": {
    "type": "Polygon",
    "coordinates": [
     [
      [
       -118.06501960091137,
       34.17415378876187
      ],
      [
       -118.0638902368705,
       34.17584741744106
      ],
      [
       -118.065075426383,
       34.17746533455597
      ],
      [
       -118.06738999230059,
       34.177389598361025
      ],
      [
       -118.06851930057464,
       34.17569596230932
      ],
      [
       -118.06733409870066,
       34.17407806982486
      ],
      [
       -118.06501960091137,
       34.17415378876187
      ]
     ]
    ]
   },
   "properties": {
    "h3_cell": "8929a1c0653ffff",
    "tract_geoid": "06037460001",
    "RPL_THEMES": 0.0029,
    "RPL_THEME1": 0.0114,
    "RPL_THEME2": 0.239,
    "RPL_THEME3": 0.1499,
    "RPL_THEME4": 0.0,
    "n_structures": 15,
    "n_destroyed": 4,
    "destroyed_rate": 0.2667,
    "uncertainty": {
     "svi_vintage": "2022 (pre-fire); tract-level rank attached to a tile is a downscaling approximation",
     "svi_missing": false,
     "n_unassessed": 0,
     "low_n": false,
     "source": "DINS field survey; rates undefined where all points inaccessible"
    }
   }
  },
  {
   "type": "Feature",
   "geometry": {
    "type": "Polygon",
    "coordinates": [
     [
      [
       -118.06851930057464,
       34.17569596230932
      ],
      [
       -118.06738999230059,
       34.177389598361025
      ],
      [
       -118.06857522989242,
       34.179007450200466
      ],
      [
       -118.07088978811203,
       34.17893164135692
      ],
      [
       -118.0720190406095,
       34.17723799793818
      ],
      [
       -118.0708337906667,
       34.175620170729815
      ],
      [
       -118.06851930057464,
       34.17569596230932
      ]
     ]
    ]
   },
   "properties": {
    "h3_cell": "8929a1c0657ffff",
    "tract_geoid": "06037460001",
    "RPL_THEMES": 0.0029,
    "RPL_THEME1": 0.0114,
    "RPL_THEME2": 0.239,
    "RPL_THEME3": 0.1499,
    "RPL_THEME4": 0.0,
    "n_structures": 2,
    "n_destroyed": 0,
    "destroyed_rate": 0.0,
    "uncertainty": {
     "svi_vintage": "2022 (pre-fire); tract-level rank attached to a tile is a downscaling approximation",
     "svi_missing": false,
     "n_unassessed": 0,
     "low_n": true,
     "source": "DINS field survey; rates undefined where all points inaccessible"
    }
   }
  },
  {
   "type": "Feature",
   "geometry": {
    "type": "Polygon",
    "coordinates": [
     [
      [
       -118.0787937114887,
       34.16707575869658
      ],
      [
       -118.0776647001579,
       34.16876951029995
      ],
      [
       -118.0788499390499,
       34.17038732887594
      ],
      [
       -118.0811642015926,
       34.17031137120648
      ],
      [
       -118.08229315713122,
       34.168617612247374
      ],
      [
       -118.08110790592208,
       34.166999818313265
      ],
      [
       -118.0787937114887,
       34.16707575869658
      ]
     ]
    ]
   },
   "properties": {
    "h3_cell": "8929a1c0683ffff",
    "tract_geoid": "06037460001",
    "RPL_THEMES": 0.0029,
    "RPL_THEME1": 0.0114,
    "RPL_THEME2": 0.239,
    "RPL_THEME3": 0.1499,
    "RPL_THEME4": 0.0,
    "n_structures": 24,
    "n_destroyed": 0,
    "destroyed_rate": 0.0,
    "uncertainty": {
     "svi_vintage": "2022 (pre-fire); tract-level rank attached to a tile is a downscaling approximation",
     "svi_missing": false,
     "n_unassessed": 0,
     "low_n": false,
     "source": "DINS field survey; rates undefined where all points inaccessible"
    }
   }
  },
  {
   "type": "Feature",
   "geometry": {
    "type": "Polygon",
    "coordinates": [
     [
      [
       -118.08229315713122,
       34.168617612247374
      ],
      [
       -118.0811642015926,
       34.17031137120648
      ],
      [
       -118.08234948852181,
       34.17192912450454
      ],
      [
       -118.08466374329906,
       34.17185309420079
      ],
      [
       -118.08579264303575,
       34.170159327891426
      ],
      [
       -118.0846073437999,
       34.16854159923586
      ],
      [
       -118.08229315713122,
       34.168617612247374
      ]
     ]
    ]
   },
   "properties": {
    "h3_cell": "8929a1c0687ffff",
    "tract_geoid": "06037460001",
    "RPL_THEMES": 0.0029,
    "RPL_THEME1": 0.0114,
    "RPL_THEME2": 0.239,
    "RPL_THEME3": 0.1499,
    "RPL_THEME4": 0.0,
    "n_structures": 3,
    "n_destroyed": 0,
    "destroyed_rate": 0.0,
    "uncertainty": {
     "svi_vintage": "2022 (pre-fire); tract-level rank attached to a tile is a downscaling approximation",
     "svi_missing": false,
     "n_unassessed": 0,
     "low_n": false,
     "source": "DINS field survey; rates undefined where all points inaccessible"
    }
   }
  },
  {
   "type": "Feature",
   "geometry": {
    "type": "Polygon",
    "coordinates": [
     [
      [
       -118.07535042986738,
       34.168845395337655
      ],
      [
       -118.07422133035753,
       34.170539116230195
      ],
      [
       -118.07540655692124,
       34.17215695944518
      ],
      [
       -118.07772089532587,
       34.17208105712842
      ],
      [
       -118.0788499390499,
       34.17038732887594
      ],
      [
       -118.0776647001579,
       34.16876951029995
      ],
      [
       -118.07535042986738,
       34.168845395337655
      ]
     ]
    ]
   },
   "properties": {
    "h3_cell": "8929a1c068bffff",
    "tract_geoid": "06037460002",
    "RPL_THEMES": 0.099,
    "RPL_THEME1": 0.0491,
    "RPL_THEME2": 0.3292,
    "RPL_THEME3": 0.3539,
    "RPL_THEME4": 0.14,
    "n_structures": 55,
    "n_destroyed": 2,
    "destroyed_rate": 0.0364,
    "uncertainty": {
     "svi_vintage": "2022 (pre-fire); tract-level rank attached to a tile is a downscaling approximation",
     "svi_missing": false,
     "n_unassessed": 0,
     "low_n": false,
     "source": "DINS field survey; rates undefined where all points inaccessible"
    }
   }
  },
  {
   "type": "Feature",
   "geometry": {
    "type": "Polygon",
    "coordinates": [
     [
      [
       -118.0788499390499,
       34.17038732887594
      ],
      [
       -118.07772089532587,
       34.17208105712842
      ],
      [
       -118.07890616993735,
       34.1736988350661
      ],
      [
       -118.08122050059337,
       34.17362286011146
      ],
      [
       -118.08234948852181,
       34.17192912450454
      ],
      [
       -118.0811642015926,
       34.17031137120648
      ],
      [
       -118.0788499390499,
       34.17038732887594
      ]
     ]
    ]
   },
   "properties": {
    "h3_cell": "8929a1c068fffff",
    "tract_geoid": "06037460001",
    "RPL_THEMES": 0.0029,
    "RPL_THEME1": 0.0114,
    "RPL_THEME2": 0.239,
    "RPL_THEME3": 0.1499,
    "RPL_THEME4": 0.0,
    "n_structures": 26,
    "n_destroyed": 0,
    "destroyed_rate": 0.0,
    "uncertainty": {
     "svi_vintage": "2022 (pre-fire); tract-level rank attached to a tile is a downscaling approximation",
     "svi_missing": false,
     "n_unassessed": 0,
     "low_n": false,
     "source": "DINS field survey; rates undefined where all points inaccessible"
    }
   }
  },
  {
   "type": "Feature",
   "geometry": {
    "type": "Polygon",
    "coordinates": [
     [
      [
       -118.07873748725348,
       34.163764124548344
      ],
      [
       -118.07760850831407,
       34.16545789949198
      ],
      [
       -118.0787937114887,
       34.16707575869658
      ],
      [
       -118.08110790592208,
       34.166999818313265
      ],
      [
       -118.08223682907274,
       34.16530603601255
      ],
      [
       -118.08105161358151,
       34.16368820145206
      ],
      [
       -118.07873748725348,
       34.163764124548344
      ]
     ]
    ]
   },
   "properties": {
    "h3_cell": "8929a1c0693ffff",
    "tract_geoid": "06037460001",
    "RPL_THEMES": 0.0029,
    "RPL_THEME1": 0.0114,
    "RPL_THEME2": 0.239,
    "RPL_THEME3": 0.1499,
    "RPL_THEME4": 0.0,
    "n_structures": 13,
    "n_destroyed": 0,
    "destroyed_rate": 0.0,
    "uncertainty": {
     "svi_vintage": "2022 (pre-fire); tract-level rank attached to a tile is a downscaling approximation",
     "svi_missing": false,
     "n_unassessed": 0,
     "low_n": false,
     "source": "DINS field survey; rates undefined where all points inaccessible"
    }
   }
  },
  {
   "type": "Feature",
   "geometry": {
    "type": "Polygon",
    "coordinates": [
     [
      [
       -118.08223682907274,
       34.16530603601255
      ],
      [
       -118.08110790592208,
       34.166999818313265
      ],
      [
       -118.08229315713122,
       34.168617612247374
      ],
      [
       -118.0846073437999,
       34.16854159923586
      ],
      [
       -118.08573621115208,
       34.1668478095836
      ],
      [
       -118.08455094763684,
       34.16523004029421
      ],
      [
       -118.08223682907274,
       34.16530603601255
      ]
     ]
    ]
   },
   "properties": {
    "h3_cell": "8929a1c0697ffff",
    "tract_geoid": "06037460001",
    "RPL_THEMES": 0.0029,
    "RPL_THEME1": 0.0114,
    "RPL_THEME2": 0.239,
    "RPL_THEME3": 0.1499,
    "RPL_THEME4": 0.0,
    "n_structures": 18,
    "n_destroyed": 0,
    "destroyed_rate": 0.0,
    "uncertainty": {
     "svi_vintage": "2022 (pre-fire); tract-level rank attached to a tile is a downscaling approximation",
     "svi_missing": false,
     "n_unassessed": 1,
     "low_n": false,
     "source": "DINS field survey; rates undefined where all points inaccessible"
    }
   }
  },
  {
   "type": "Feature",
   "geometry": {
    "type": "Polygon",
    "coordinates": [
     [
      [
       -118.0752943061336,
       34.16553376724968
      ],
      [
       -118.07416523902046,
       34.16722751149179
      ],
      [
       -118.07535042986738,
       34.168845395337655
      ],
      [
       -118.0776647001579,
       34.16876951029995
      ],
      [
       -118.0787937114887,
       34.16707575869658
      ],
      [
       -118.07760850831407,
       34.16545789949198
      ],
      [
       -118.0752943061336,
       34.16553376724968
      ]
     ]
    ]
   },
   "properties": {
    "h3_cell": "8929a1c069bffff",
    "tract_geoid": "06037460002",
    "RPL_THEMES": 0.099,
    "RPL_THEME1": 0.0491,
    "RPL_THEME2": 0.3292,
    "RPL_THEME3": 0.3539,
    "RPL_THEME4": 0.14,
    "n_structures": 11,
    "n_destroyed": 0,
    "destroyed_rate": 0.0,
    "uncertainty": {
     "svi_vintage": "2022 (pre-fire); tract-level rank attached to a tile is a downscaling approximation",
     "svi_missing": false,
     "n_unassessed": 0,
     "low_n": false,
     "source": "DINS field survey; rates undefined where all points inaccessible"
    }
   }
  },
  {
   "type": "Feature",
   "geometry": {
    "type": "Polygon",
    "coordinates": [
     [
      [
       -118.08584907825768,
       34.17347078221286
      ],
      [
       -118.08472014613466,
       34.17516452516872
      ],
      [
       -118.0859055168182,
       34.17678217252761
      ],
      [
       -118.08821983192426,
       34.1767060522896
      ],
      [
       -118.08934870823215,
       34.175012301990336
      ],
      [
       -118.08816332525191,
       34.173394679272285
      ],
      [
       -118.08584907825768,
       34.17347078221286
      ]
     ]
    ]
   },
   "properties": {
    "h3_cell": "8929a1c06a3ffff",
    "tract_geoid": "06037460001",
    "RPL_THEMES": 0.0029,
    "RPL_THEME1": 0.0114,
    "RPL_THEME2": 0.239,
    "RPL_THEME3": 0.1499,
    "RPL_THEME4": 0.0,
    "n_structures": 8,
    "n_destroyed": 0,
    "destroyed_rate": 0.0,
    "uncertainty": {
     "svi_vintage": "2022 (pre-fire); tract-level rank attached to a tile is a downscaling approximation",
     "svi_missing": false,
     "n_unassessed": 0,
     "low_n": false,
     "source": "DINS field survey; rates undefined where all points inaccessible"
    }
   }
  },
  {
   "type": "Feature",
   "geometry": {
    "type": "Polygon",
    "coordinates": [
     [
      [
       -118.08934870823215,
       34.175012301990336
      ],
      [
       -118.08821983192426,
       34.1767060522896
      ],
      [
       -118.08940525063213,
       34.178323634347066
      ],
      [
       -118.09171955793681,
       34.17824744146358
      ],
      [
       -118.09284837841975,
       34.17655368382639
      ],
      [
       -118.09166294742573,
       34.1749361264104
      ],
      [
       -118.08934870823215,
       34.175012301990336
      ]
     ]
    ]
   },
   "properties": {
    "h3_cell": "8929a1c06a7ffff",
    "tract_geoid": "06037460001",
    "RPL_THEMES": 0.0029,
    "RPL_THEME1": 0.0114,
    "RPL_THEME2": 0.239,
    "RPL_THEME3": 0.1499,
    "RPL_THEME4": 0.0,
    "n_structures": 17,
    "n_destroyed": 0,
    "destroyed_rate": 0.0,
    "uncertainty": {
     "svi_vintage": "2022 (pre-fire); tract-level rank attached to a tile is a downscaling approximation",
     "svi_missing": false,
     "n_unassessed": 0,
     "low_n": false,
     "source": "DINS field survey; rates undefined where all points inaccessible"
    }
   }
  },
  {
   "type": "Feature",
   "geometry": {
    "type": "Polygon",
    "coordinates": [
     [
      [
       -118.0859055168182,
       34.17678217252761
      ],
      [
       -118.08477655230692,
       34.17847589211936
      ],
      [
       -118.08596195871756,
       34.18009349881541
      ],
      [
       -118.08827634193949,
       34.180017361280925
      ],
      [
       -118.08940525063213,
       34.178323634347066
      ],
      [
       -118.08821983192426,
       34.1767060522896
      ],
      [
       -118.0859055168182,
       34.17678217252761
      ]
     ]
    ]
   },
   "properties": {
    "h3_cell": "8929a1c06afffff",
    "tract_geoid": "06037460001",
    "RPL_THEMES": 0.0029,
    "RPL_THEME1": 0.0114,
    "RPL_THEME2": 0.239,
    "RPL_THEME3": 0.1499,
    "RPL_THEME4": 0.0,
    "n_structures": 11,
    "n_destroyed": 0,
    "destroyed_rate": 0.0,
    "uncertainty": {
     "svi_vintage": "2022 (pre-fire); tract-level rank attached to a tile is a downscaling approximation",
     "svi_missing": false,
     "n_unassessed": 0,
     "low_n": false,
     "source": "DINS field survey; rates undefined where all points inaccessible"
    }
   }
  },
  {
   "type": "Feature",
   "geometry": {
    "type": "Polygon",
    "coordinates": [
     [
      [
       -118.08579264303575,
       34.170159327891426
      ],
      [
       -118.08466374329906,
       34.17185309420079
      ],
      [
       -118.08584907825768,
       34.17347078221286
      ],
      [
       -118.08816332525191,
       34.173394679272285
      ],
      [
       -118.08929216917689,
       34.1717009056182
      ],
      [
       -118.08810682192215,
       34.17008324224921
      ],
      [
       -118.08579264303575,
       34.170159327891426
      ]
     ]
    ]
   },
   "properties": {
    "h3_cell": "8929a1c06b3ffff",
    "tract_geoid": "06037460001",
    "RPL_THEMES": 0.0029,
    "RPL_THEME1": 0.0114,
    "RPL_THEME2": 0.239,
    "RPL_THEME3": 0.1499,
    "RPL_THEME4": 0.0,
    "n_structures": 18,
    "n_destroyed": 0,
    "destroyed_rate": 0.0,
    "uncertainty": {
     "svi_vintage": "2022 (pre-fire); tract-level rank attached to a tile is a downscaling approximation",
     "svi_missing": false,
     "n_unassessed": 0,
     "low_n": false,
     "source": "DINS field survey; rates undefined where all points inaccessible"
    }
   }
  },
  {
   "type": "Feature",
   "geometry": {
    "type": "Polygon",
    "coordinates": [
     [
      [
       -118.08929216917689,
       34.1717009056182
      ],
      [
       -118.08816332525191,
       34.173394679272285
      ],
      [
       -118.08934870823215,
       34.175012301990336
      ],
      [
       -118.09166294742573,
       34.1749361264104
      ],
      [
       -118.09279173552922,
       34.17324234541709
      ],
      [
       -118.09160634026337,
       34.17162474734274
      ],
      [
       -118.08929216917689,
       34.1717009056182
      ]
     ]
    ]
   },
   "properties": {
    "h3_cell": "8929a1c06b7ffff",
    "tract_geoid": "06037460001",
    "RPL_THEMES": 0.0029,
    "RPL_THEME1": 0.0114,
    "RPL_THEME2": 0.239,
    "RPL_THEME3": 0.1499,
    "RPL_THEME4": 0.0,
    "n_structures": 22,
    "n_destroyed": 0,
    "destroyed_rate": 0.0,
    "uncertainty": {
     "svi_vintage": "2022 (pre-fire); tract-level rank attached to a tile is a downscaling approximation",
     "svi_missing": false,
     "n_unassessed": 0,
     "low_n": false,
     "source": "DINS field survey; rates undefined where all points inaccessible"
    }
   }
  },
  {
   "type": "Feature",
   "geometry": {
    "type": "Polygon",
    "coordinates": [
     [
      [
       -118.08234948852181,
       34.17192912450454
      ],
      [
       -118.08122050059337,
       34.17362286011146
      ],
      [
       -118.0824058232448,
       34.17524057276376
      ],
      [
       -118.08472014613466,
       34.17516452516872
      ],
      [
       -118.08584907825768,
       34.17347078221286
      ],
      [
       -118.08466374329906,
       34.17185309420079
      ],
      [
       -118.08234948852181,
       34.17192912450454
      ]
     ]
    ]
   },
   "properties": {
    "h3_cell": "8929a1c06bbffff",
    "tract_geoid": "06037460001",
    "RPL_THEMES": 0.0029,
    "RPL_THEME1": 0.0114,
    "RPL_THEME2": 0.239,
    "RPL_THEME3": 0.1499,
    "RPL_THEME4": 0.0,
    "n_structures": 10,
    "n_destroyed": 0,
    "destroyed_rate": 0.0,
    "uncertainty": {
     "svi_vintage": "2022 (pre-fire); tract-level rank attached to a tile is a downscaling approximation",
     "svi_missing": false,
     "n_unassessed": 0,
     "low_n": false,
     "source": "DINS field survey; rates undefined where all points inaccessible"
    }
   }
  },
  {
   "type": "Feature",
   "geometry": {
    "type": "Polygon",
    "coordinates": [
     [
      [
       -118.06840745186483,
       34.16907279447598
      ],
      [
       -118.06727820840726,
       34.17076647727458
      ],
      [
       -118.06846337456557,
       34.172384410394386
      ],
      [
       -118.07077779653405,
       34.17230863607987
      ],
      [
       -118.07190698422195,
       34.170614945911616
      ],
      [
       -118.0707218057138,
       34.16899703742737
      ],
      [
       -118.06840745186483,
       34.16907279447598
      ]
     ]
    ]
   },
   "properties": {
    "h3_cell": "8929a1c06c3ffff",
    "tract_geoid": "06037460002",
    "RPL_THEMES": 0.099,
    "RPL_THEME1": 0.0491,
    "RPL_THEME2": 0.3292,
    "RPL_THEME3": 0.3539,
    "RPL_THEME4": 0.14,
    "n_structures": 98,
    "n_destroyed": 13,
    "destroyed_rate": 0.1327,
    "uncertainty": {
     "svi_vintage": "2022 (pre-fire); tract-level rank attached to a tile is a downscaling approximation",
     "svi_missing": false,
     "n_unassessed": 0,
     "low_n": false,
     "source": "DINS field survey; rates undefined where all points inaccessible"
    }
   }
  },
  {
   "type": "Feature",
   "geometry": {
    "type": "Polygon",
    "coordinates": [
     [
      [
       -118.07190698422195,
       34.170614945911616
      ],
      [
       -118.07077779653405,
       34.17230863607987
      ],
      [
       -118.07196301075845,
       34.173926503931014
      ],
      [
       -118.07427742501284,
       34.17385065697757
      ],
      [
       -118.07540655692124,
       34.17215695944518
      ],
      [
       -118.07422133035753,
       34.170539116230195
      ],
      [
       -118.07190698422195,
       34.170614945911616
      ]
     ]
    ]
   },
   "properties": {
    "h3_cell": "8929a1c06c7ffff",
    "tract_geoid": "06037460002",
    "RPL_THEMES": 0.099,
    "RPL_THEME1": 0.0491,
    "RPL_THEME2": 0.3292,
    "RPL_THEME3": 0.3539,
    "RPL_THEME4": 0.14,
    "n_structures": 100,
    "n_destroyed": 10,
    "destroyed_rate": 0.1,
    "uncertainty": {
     "svi_vintage": "2022 (pre-fire); tract-level rank attached to a tile is a downscaling approximation",
     "svi_missing": false,
     "n_unassessed": 0,
     "low_n": false,
     "source": "DINS field survey; rates undefined where all points inaccessible"
    }
   }
  },
  {
   "type": "Feature",
   "geometry": {
    "type": "Polygon",
    "coordinates": [
     [
      [
       -118.06496377874221,
       34.170842178952746
      ],
      [
       -118.06383444711399,
       34.17253583100938
      ],
      [
       -118.06501960091137,
       34.17415378876187
      ],
      [
       -118.06733409870066,
       34.17407806982486
      ],
      [
       -118.06846337456557,
       34.172384410394386
      ],
      [
       -118.06727820840726,
       34.17076647727458
      ],
      [
       -118.06496377874221,
       34.170842178952746
      ]
     ]
    ]
   },
   "properties": {
    "h3_cell": "8929a1c06cbffff",
    "tract_geoid": "06037460002",
    "RPL_THEMES": 0.099,
    "RPL_THEME1": 0.0491,
    "RPL_THEME2": 0.3292,
    "RPL_THEME3": 0.3539,
    "RPL_THEME4": 0.14,
    "n_structures": 56,
    "n_destroyed": 6,
    "destroyed_rate": 0.1091,
    "uncertainty": {
     "svi_vintage": "2022 (pre-fire); tract-level rank attached to a tile is a downscaling approximation",
     "svi_missing": false,
     "n_unassessed": 1,
     "low_n": false,
     "source": "DINS field survey; rates undefined where all points inaccessible"
    }
   }
  },
  {
   "type": "Feature",
   "geometry": {
    "type": "Polygon",
    "coordinates": [
     [
      [
       -118.06846337456557,
       34.172384410394386
      ],
      [
       -118.06733409870066,
       34.17407806982486
      ],
      [
       -118.06851930057464,
       34.17569596230932
      ],
      [
       -118.0708337906667,
       34.175620170729815
      ],
      [
       -118.07196301075845,
       34.173926503931014
      ],
      [
       -118.07077779653405,
       34.17230863607987
      ],
      [
       -118.06846337456557,
       34.172384410394386
      ]
     ]
    ]
   },
   "properties": {
    "h3_cell": "8929a1c06cfffff",
    "tract_geoid": "06037460002",
    "RPL_THEMES": 0.099,
    "RPL_THEME1": 0.0491,
    "RPL_THEME2": 0.3292,
    "RPL_THEME3": 0.3539,
    "RPL_THEME4": 0.14,
    "n_structures": 86,
    "n_destroyed": 33,
    "destroyed_rate": 0.3837,
    "uncertainty": {
     "svi_vintage": "2022 (pre-fire); tract-level rank attached to a tile is a downscaling approximation",
     "svi_missing": false,
     "n_unassessed": 0,
     "low_n": false,
     "source": "DINS field survey; rates undefined where all points inaccessible"
    }
   }
  },
  {
   "type": "Feature",
   "geometry": {
    "type": "Polygon",
    "coordinates": [
     [
      [
       -118.0683515324722,
       34.165761114574366
      ],
      [
       -118.06722232142008,
       34.167454820730505
      ],
      [
       -118.06840745186483,
       34.16907279447598
      ],
      [
       -118.0707218057138,
       34.16899703742737
      ],
      [
       -118.07185096099968,
       34.16730332390027
      ],
      [
       -118.07066581820563,
       34.16568537479257
      ],
      [
       -118.0683515324722,
       34.165761114574366
      ]
     ]
    ]
   },
   "properties": {
    "h3_cell": "8929a1c06d3ffff",
    "tract_geoid": "06037460002",
    "RPL_THEMES": 0.099,
    "RPL_THEME1": 0.0491,
    "RPL_THEME2": 0.3292,
    "RPL_THEME3": 0.3539,
    "RPL_THEME4": 0.14,
    "n_structures": 20,
    "n_destroyed": 0,
    "destroyed_rate": 0.0,
    "uncertainty": {
     "svi_vintage": "2022 (pre-fire); tract-level rank attached to a tile is a downscaling approximation",
     "svi_missing": false,
     "n_unassessed": 0,
     "low_n": false,
     "source": "DINS field survey; rates undefined where all points inaccessible"
    }
   }
  },
  {
   "type": "Feature",
   "geometry": {
    "type": "Polygon",
    "coordinates": [
     [
      [
       -118.07185096099968,
       34.16730332390027
      ],
      [
       -118.0707218057138,
       34.16899703742737
      ],
      [
       -118.07190698422195,
       34.170614945911616
      ],
      [
       -118.07422133035753,
       34.170539116230195
      ],
      [
       -118.07535042986738,
       34.168845395337655
      ],
      [
       -118.07416523902046,
       34.16722751149179
      ],
      [
       -118.07185096099968,
       34.16730332390027
      ]
     ]
    ]
   },
   "properties": {
    "h3_cell": "8929a1c06d7ffff",
    "tract_geoid": "06037460002",
    "RPL_THEMES": 0.099,
    "RPL_THEME1": 0.0491,
    "RPL_THEME2": 0.3292,
    "RPL_THEME3": 0.3539,
    "RPL_THEME4": 0.14,
    "n_structures": 62,
    "n_destroyed": 1,
    "destroyed_rate": 0.0161,
    "uncertainty": {
     "svi_vintage": "2022 (pre-fire); tract-level rank attached to a tile is a downscaling approximation",
     "svi_missing": false,
     "n_unassessed": 0,
     "low_n": false,
     "source": "DINS field survey; rates undefined where all points inaccessible"
    }
   }
  },
  {
   "type": "Feature",
   "geometry": {
    "type": "Polygon",
    "coordinates": [
     [
      [
       -118.06490795987531,
       34.167530505148875
      ],
      [
       -118.06377866065783,
       34.16922418057233
      ],
      [
       -118.06496377874221,
       34.170842178952746
      ],
      [
       -118.06727820840726,
       34.17076647727458
      ],
      [
       -118.06840745186483,
       34.16907279447598
      ],
      [
       -118.06722232142008,
       34.167454820730505
      ],
      [
       -118.06490795987531,
       34.167530505148875
      ]
     ]
    ]
   },
   "properties": {
    "h3_cell": "8929a1c06dbffff",
    "tract_geoid": "06037430501",
    "RPL_THEMES": 0.045,
    "RPL_THEME1": 0.0544,
    "RPL_THEME2": 0.2155,
    "RPL_THEME3": 0.2641,
    "RPL_THEME4": 0.0671,
    "n_structures": 26,
    "n_destroyed": 1,
    "destroyed_rate": 0.0385,
    "uncertainty": {
     "svi_vintage": "2022 (pre-fire); tract-level rank attached to a tile is a downscaling approximation",
     "svi_missing": false,
     "n_unassessed": 0,
     "low_n": false,
     "source": "DINS field survey; rates undefined where all points inaccessible"
    }
   }
  },
  {
   "type": "Feature",
   "geometry": {
    "type": "Polygon",
    "coordinates": [
     [
      [
       -118.15246572672334,
       34.20935656917998
      ],
      [
       -118.15133779211315,
       34.211050403929896
      ],
      [
       -118.1525241454789,
       34.21266672757119
      ],
      [
       -118.15483844555528,
       34.21258919181462
      ],
      [
       -118.15596632415769,
       34.21089534982863
      ],
      [
       -118.15477995869429,
       34.20927905083509
      ],
      [
       -118.15246572672334,
       34.20935656917998
      ]
     ]
    ]
   },
   "properties": {
    "h3_cell": "8929a1c0c07ffff",
    "tract_geoid": "06037460301",
    "RPL_THEMES": 0.3106,
    "RPL_THEME1": 0.1741,
    "RPL_THEME2": 0.308,
    "RPL_THEME3": 0.4965,
    "RPL_THEME4": 0.5297,
    "n_structures": 8,
    "n_destroyed": 1,
    "destroyed_rate": 0.125,
    "uncertainty": {
     "svi_vintage": "2022 (pre-fire); tract-level rank attached to a tile is a downscaling approximation",
     "svi_missing": false,
     "n_unassessed": 0,
     "low_n": false,
     "source": "DINS field survey; rates undefined where all points inaccessible"
    }
   }
  },
  {
   "type": "Feature",
   "geometry": {
    "type": "Polygon",
    "coordinates": [
     [
      [
       -118.1489068576293,
       34.20450736955872
      ],
      [
       -118.14777889934895,
       34.206201220465324
      ],
      [
       -118.14896516904813,
       34.207817650373364
      ],
      [
       -118.15127940913813,
       34.2077402047252
      ],
      [
       -118.15240731142394,
       34.2060463465757
      ],
      [
       -118.15122102961706,
       34.204429941317066
      ],
      [
       -118.1489068576293,
       34.20450736955872
      ]
     ]
    ]
   },
   "properties": {
    "h3_cell": "8929a1c0c13ffff",
    "tract_geoid": "06037460301",
    "RPL_THEMES": 0.3106,
    "RPL_THEME1": 0.1741,
    "RPL_THEME2": 0.308,
    "RPL_THEME3": 0.4965,
    "RPL_THEME4": 0.5297,
    "n_structures": 5,
    "n_destroyed": 4,
    "destroyed_rate": 0.8,
    "uncertainty": {
     "svi_vintage": "2022 (pre-fire); tract-level rank attached to a tile is a downscaling approximation",
     "svi_missing": false,
     "n_unassessed": 0,
     "low_n": false,
     "source": "DINS field survey; rates undefined where all points inaccessible"
    }
   }
  },
  {
   "type": "Feature",
   "geometry": {
    "type": "Polygon",
    "coordinates": [
     [
      [
       -118.15240731142394,
       34.2060463465757
      ],
      [
       -118.15127940913813,
       34.2077402047252
      ],
      [
       -118.15246572672334,
       34.20935656917998
      ],
      [
       -118.15477995869429,
       34.20927905083509
      ],
      [
       -118.1559078049758,
       34.207585185448195
      ],
      [
       -118.15472147529344,
       34.20596884564339
      ],
      [
       -118.15240731142394,
       34.2060463465757
      ]
     ]
    ]
   },
   "properties": {
    "h3_cell": "8929a1c0c17ffff",
    "tract_geoid": "06037460301",
    "RPL_THEMES": 0.3106,
    "RPL_THEME1": 0.1741,
    "RPL_THEME2": 0.308,
    "RPL_THEME3": 0.4965,
    "RPL_THEME4": 0.5297,
    "n_structures": 29,
    "n_destroyed": 8,
    "destroyed_rate": 0.2759,
    "uncertainty": {
     "svi_vintage": "2022 (pre-fire); tract-level rank attached to a tile is a downscaling approximation",
     "svi_missing": false,
     "n_unassessed": 0,
     "low_n": false,
     "source": "DINS field survey; rates undefined where all points inaccessible"
    }
   }
  },
  {
   "type": "Feature",
   "geometry": {
    "type": "Polygon",
    "coordinates": [
     [
      [
       -118.14546465115751,
       34.20627859341923
      ],
      [
       -118.14433660456108,
       34.20797241368042
      ],
      [
       -118.14552286214155,
       34.209588868235016
      ],
      [
       -118.14783717843993,
       34.20951147788167
      ],
      [
       -118.14896516904813,
       34.207817650373364
      ],
      [
       -118.14777889934895,
       34.206201220465324
      ],
      [
       -118.14546465115751,
       34.20627859341923
      ]
     ]
    ]
   },
   "properties": {
    "h3_cell": "8929a1c0c1bffff",
    "tract_geoid": "06037460301",
    "RPL_THEMES": 0.3106,
    "RPL_THEME1": 0.1741,
    "RPL_THEME2": 0.308,
    "RPL_THEME3": 0.4965,
    "RPL_THEME4": 0.5297,
    "n_structures": 28,
    "n_destroyed": 20,
    "destroyed_rate": 0.7143,
    "uncertainty": {
     "svi_vintage": "2022 (pre-fire); tract-level rank attached to a tile is a downscaling approximation",
     "svi_missing": false,
     "n_unassessed": 0,
     "low_n": false,
     "source": "DINS field survey; rates undefined where all points inaccessible"
    }
   }
  },
  {
   "type": "Feature",
   "geometry": {
    "type": "Polygon",
    "coordinates": [
     [
      [
       -118.1525825676909,
       34.215976821729036
      ],
      [
       -118.15145456842642,
       34.21767060964799
      ],
      [
       -118.15264099335968,
       34.21928685163332
      ],
      [
       -118.15495542965893,
       34.21920928105625
      ],
      [
       -118.15608337290872,
       34.21751548590382
      ],
      [
       -118.1548969358767,
       34.21589926856175
      ],
      [
       -118.1525825676909,
       34.215976821729036
      ]
     ]
    ]
   },
   "properties": {
    "h3_cell": "8929a1c0c2bffff",
    "tract_geoid": "06037930400",
    "RPL_THEMES": 0.5737,
    "RPL_THEME1": 0.5002,
    "RPL_THEME2": 0.2688,
    "RPL_THEME3": 0.4527,
    "RPL_THEME4": 0.8606,
    "n_structures": 4,
    "n_destroyed": 2,
    "destroyed_rate": 0.5,
    "uncertainty": {
     "svi_vintage": "2022 (pre-fire); tract-level rank attached to a tile is a downscaling approximation",
     "svi_missing": false,
     "n_unassessed": 0,
     "low_n": false,
     "source": "DINS field survey; rates undefined where all points inaccessible"
    }
   }
  },
  {
   "type": "Feature",
   "geometry": {
    "type": "Polygon",
    "coordinates": [
     [
      [
       -118.15596632415769,
       34.21089534982863
      ],
      [
       -118.15483844555528,
       34.21258919181462
      ],
      [
       -118.1560248468019,
       34.21420544998725
      ],
      [
       -118.15833913874083,
       34.21412784152536
      ],
      [
       -118.1594669613257,
       34.21243399230879
      ],
      [
       -118.15828054799196,
       34.21081775878449
      ],
      [
       -118.15596632415769,
       34.21089534982863
      ]
     ]
    ]
   },
   "properties": {
    "h3_cell": "8929a1c0c33ffff",
    "tract_geoid": "06037460301",
    "RPL_THEMES": 0.3106,
    "RPL_THEME1": 0.1741,
    "RPL_THEME2": 0.308,
    "RPL_THEME3": 0.4965,
    "RPL_THEME4": 0.5297,
    "n_structures": 51,
    "n_destroyed": 11,
    "destroyed_rate": 0.22,
    "uncertainty": {
     "svi_vintage": "2022 (pre-fire); tract-level rank attached to a tile is a downscaling approximation",
     "svi_missing": false,
     "n_unassessed": 1,
     "low_n": false,
     "source": "DINS field survey; rates undefined where all points inaccessible"
    }
   }
  },
  {
   "type": "Feature",
   "geometry": {
    "type": "Polygon",
    "coordinates": [
     [
      [
       -118.1525241454789,
       34.21266672757119
      ],
      [
       -118.1513961785425,
       34.2143605389109
      ],
      [
       -118.1525825676909,
       34.215976821729036
      ],
      [
       -118.1548969358767,
       34.21589926856175
      ],
      [
       -118.1560248468019,
       34.21420544998725
      ],
      [
       -118.15483844555528,
       34.21258919181462
      ],
      [
       -118.1525241454789,
       34.21266672757119
      ]
     ]
    ]
   },
   "properties": {
    "h3_cell": "8929a1c0c3bffff",
    "tract_geoid": "06037460301",
    "RPL_THEMES": 0.3106,
    "RPL_THEME1": 0.1741,
    "RPL_THEME2": 0.308,
    "RPL_THEME3": 0.4965,
    "RPL_THEME4": 0.5297,
    "n_structures": 1,
    "n_destroyed": 0,
    "destroyed_rate": 0.0,
    "uncertainty": {
     "svi_vintage": "2022 (pre-fire); tract-level rank attached to a tile is a downscaling approximation",
     "svi_missing": false,
     "n_unassessed": 0,
     "low_n": true,
     "source": "DINS field survey; rates undefined where all points inaccessible"
    }
   }
  },
  {
   "type": "Feature",
   "geometry": {
    "type": "Polygon",
    "coordinates": [
     [
      [
       -118.13857974470402,
       34.209820783284634
      ],
      [
       -118.13745152147838,
       34.211514542214566
      ],
      [
       -118.1386377547881,
       34.2131310460538
      ],
      [
       -118.14095222346715,
       34.21305376632201
      ],
      [
       -118.14208039071718,
       34.21136000013655
      ],
      [
       -118.14089414526654,
       34.20974352093822
      ],
      [
       -118.13857974470402,
       34.209820783284634
      ]
     ]
    ]
   },
   "properties": {
    "h3_cell": "8929a1c0c43ffff",
    "tract_geoid": "06037460301",
    "RPL_THEMES": 0.3106,
    "RPL_THEME1": 0.1741,
    "RPL_THEME2": 0.308,
    "RPL_THEME3": 0.4965,
    "RPL_THEME4": 0.5297,
    "n_structures": 6,
    "n_destroyed": 3,
    "destroyed_rate": 0.75,
    "uncertainty": {
     "svi_vintage": "2022 (pre-fire); tract-level rank attached to a tile is a downscaling approximation",
     "svi_missing": false,
     "n_unassessed": 2,
     "low_n": false,
     "source": "DINS field survey; rates undefined where all points inaccessible"
    }
   }
  },
  {
   "type": "Feature",
   "geometry": {
    "type": "Polygon",
    "coordinates": [
     [
      [
       -118.14208039071718,
       34.21136000013655
      ],
      [
       -118.14095222346715,
       34.21305376632201
      ],
      [
       -118.14213850469454,
       34.21467020470977
      ],
      [
       -118.14445296530506,
       34.21459285227039
      ],
      [
       -118.14558107656968,
       34.212899078834916
      ],
      [
       -118.14439478321192,
       34.211282665088646
      ],
      [
       -118.14208039071718,
       34.21136000013655
      ]
     ]
    ]
   },
   "properties": {
    "h3_cell": "8929a1c0c47ffff",
    "tract_geoid": "06037460301",
    "RPL_THEMES": 0.3106,
    "RPL_THEME1": 0.1741,
    "RPL_THEME2": 0.308,
    "RPL_THEME3": 0.4965,
    "RPL_THEME4": 0.5297,
    "n_structures": 2,
    "n_destroyed": 0,
    "destroyed_rate": 0.0,
    "uncertainty": {
     "svi_vintage": "2022 (pre-fire); tract-level rank attached to a tile is a downscaling approximation",
     "svi_missing": false,
     "n_unassessed": 0,
     "low_n": true,
     "source": "DINS field survey; rates undefined where all points inaccessible"
    }
   }
  },
  {
   "type": "Feature",
   "geometry": {
    "type": "Polygon",
    "coordinates": [
     [
      [
       -118.13852173805205,
       34.20651045629675
      ],
      [
       -118.13739354716833,
       34.20820423864224
      ],
      [
       -118.13857974470402,
       34.209820783284634
      ],
      [
       -118.14089414526654,
       34.20974352093822
      ],
      [
       -118.14202228017807,
       34.2080497313359
      ],
      [
       -118.14083607050203,
       34.206433211336645
      ],
      [
       -118.13852173805205,
       34.20651045629675
      ]
     ]
    ]
   },
   "properties": {
    "h3_cell": "8929a1c0c53ffff",
    "tract_geoid": "06037460200",
    "RPL_THEMES": 0.4498,
    "RPL_THEME1": 0.3732,
    "RPL_THEME2": 0.6798,
    "RPL_THEME3": 0.5579,
    "RPL_THEME4": 0.3451,
    "n_structures": 33,
    "n_destroyed": 22,
    "destroyed_rate": 0.7097,
    "uncertainty": {
     "svi_vintage": "2022 (pre-fire); tract-level rank attached to a tile is a downscaling approximation",
     "svi_missing": false,
     "n_unassessed": 2,
     "low_n": false,
     "source": "DINS field survey; rates undefined where all points inaccessible"
    }
   }
  },
  {
   "type": "Feature",
   "geometry": {
    "type": "Polygon",
    "coordinates": [
     [
      [
       -118.14202228017807,
       34.2080497313359
      ],
      [
       -118.14089414526654,
       34.20974352093822
      ],
      [
       -118.14208039071718,
       34.21136000013655
      ],
      [
       -118.14439478321192,
       34.211282665088646
      ],
      [
       -118.14552286214155,
       34.209588868235016
      ],
      [
       -118.14433660456108,
       34.20797241368042
      ],
      [
       -118.14202228017807,
       34.2080497313359
      ]
     ]
    ]
   },
   "properties": {
    "h3_cell": "8929a1c0c57ffff",
    "tract_geoid": "06037460301",
    "RPL_THEMES": 0.3106,
    "RPL_THEME1": 0.1741,
    "RPL_THEME2": 0.308,
    "RPL_THEME3": 0.4965,
    "RPL_THEME4": 0.5297,
    "n_structures": 17,
    "n_destroyed": 11,
    "destroyed_rate": 0.6471,
    "uncertainty": {
     "svi_vintage": "2022 (pre-fire); tract-level rank attached to a tile is a downscaling approximation",
     "svi_missing": false,
     "n_unassessed": 0,
     "low_n": false,
     "source": "DINS field survey; rates undefined where all points inaccessible"
    }
   }
  },
  {
   "type": "Feature",
   "geometry": {
    "type": "Polygon",
    "coordinates": [
     [
      [
       -118.14563929444225,
       34.21620922519867
      ],
      [
       -118.14451115084078,
       34.217902975205405
      ],
      [
       -118.14569751575958,
       34.21951930730606
      ],
      [
       -118.14801203640296,
       34.219441864759936
      ],
      [
       -118.1491401240058,
       34.21774810751001
      ],
      [
       -118.14795374696665,
       34.21613180004921
      ],
      [
       -118.14563929444225,
       34.21620922519867
      ]
     ]
    ]
   },
   "properties": {
    "h3_cell": "8929a1c0c63ffff",
    "tract_geoid": "06037930400",
    "RPL_THEMES": 0.5737,
    "RPL_THEME1": 0.5002,
    "RPL_THEME2": 0.2688,
    "RPL_THEME3": 0.4527,
    "RPL_THEME4": 0.8606,
    "n_structures": 10,
    "n_destroyed": 5,
    "destroyed_rate": 0.5,
    "uncertainty": {
     "svi_vintage": "2022 (pre-fire); tract-level rank attached to a tile is a downscaling approximation",
     "svi_missing": false,
     "n_unassessed": 0,
     "low_n": false,
     "source": "DINS field survey; rates undefined where all points inaccessible"
    }
   }
  },
  {
   "type": "Feature",
   "geometry": {
    "type": "Polygon",
    "coordinates": [
     [
      [
       -118.1421966221105,
       34.217980345035336
      ],
      [
       -118.141068390178,
       34.21967406435533
      ],
      [
       -118.14225474296535,
       34.221290421092995
      ],
      [
       -118.1445693398194,
       34.22121303387345
      ],
      [
       -118.14569751575958,
       34.21951930730606
      ],
      [
       -118.14451115084078,
       34.217902975205405
      ],
      [
       -118.1421966221105,
       34.217980345035336
      ]
     ]
    ]
   },
   "properties": {
    "h3_cell": "8929a1c0c6bffff",
    "tract_geoid": "06037930400",
    "RPL_THEMES": 0.5737,
    "RPL_THEME1": 0.5002,
    "RPL_THEME2": 0.2688,
    "RPL_THEME3": 0.4527,
    "RPL_THEME4": 0.8606,
    "n_structures": 1,
    "n_destroyed": 0,
    "destroyed_rate": 0.0,
    "uncertainty": {
     "svi_vintage": "2022 (pre-fire); tract-level rank attached to a tile is a downscaling approximation",
     "svi_missing": false,
     "n_unassessed": 0,
     "low_n": true,
     "source": "DINS field survey; rates undefined where all points inaccessible"
    }
   }
  },
  {
   "type": "Feature",
   "geometry": {
    "type": "Polygon",
    "coordinates": [
     [
      [
       -118.14558107656968,
       34.212899078834916
      ],
      [
       -118.14445296530506,
       34.21459285227039
      ],
      [
       -118.14563929444225,
       34.21620922519867
      ],
      [
       -118.14795374696665,
       34.21613180004921
      ],
      [
       -118.14908180223607,
       34.21443801936925
      ],
      [
       -118.14789546097906,
       34.21282167108304
      ],
      [
       -118.14558107656968,
       34.212899078834916
      ]
     ]
    ]
   },
   "properties": {
    "h3_cell": "8929a1c0c73ffff",
    "tract_geoid": "06037460301",
    "RPL_THEMES": 0.3106,
    "RPL_THEME1": 0.1741,
    "RPL_THEME2": 0.308,
    "RPL_THEME3": 0.4965,
    "RPL_THEME4": 0.5297,
    "n_structures": 3,
    "n_destroyed": 0,
    "destroyed_rate": 0.0,
    "uncertainty": {
     "svi_vintage": "2022 (pre-fire); tract-level rank attached to a tile is a downscaling approximation",
     "svi_missing": false,
     "n_unassessed": 0,
     "low_n": false,
     "source": "DINS field survey; rates undefined where all points inaccessible"
    }
   }
  },
  {
   "type": "Feature",
   "geometry": {
    "type": "Polygon",
    "coordinates": [
     [
      [
       -118.14908180223607,
       34.21443801936925
      ],
      [
       -118.14795374696665,
       34.21613180004921
      ],
      [
       -118.1491401240058,
       34.21774810751001
      ],
      [
       -118.15145456842642,
       34.21767060964799
      ],
      [
       -118.1525825676909,
       34.215976821729036
      ],
      [
       -118.1513961785425,
       34.2143605389109
      ],
      [
       -118.14908180223607,
       34.21443801936925
      ]
     ]
    ]
   },
   "properties": {
    "h3_cell": "8929a1c0c77ffff",
    "tract_geoid": "06037930400",
    "RPL_THEMES": 0.5737,
    "RPL_THEME1": 0.5002,
    "RPL_THEME2": 0.2688,
    "RPL_THEME3": 0.4527,
    "RPL_THEME4": 0.8606,
    "n_structures": 7,
    "n_destroyed": 3,
    "destroyed_rate": 0.4286,
    "uncertainty": {
     "svi_vintage": "2022 (pre-fire); tract-level rank attached to a tile is a downscaling approximation",
     "svi_missing": false,
     "n_unassessed": 0,
     "low_n": false,
     "source": "DINS field survey; rates undefined where all points inaccessible"
    }
   }
  },
  {
   "type": "Feature",
   "geometry": {
    "type": "Polygon",
    "coordinates": [
     [
      [
       -118.14213850469454,
       34.21467020470977
      ],
      [
       -118.14101030510423,
       34.2163639474678
      ],
      [
       -118.1421966221105,
       34.217980345035336
      ],
      [
       -118.14451115084078,
       34.217902975205405
      ],
      [
       -118.14563929444225,
       34.21620922519867
      ],
      [
       -118.14445296530506,
       34.21459285227039
      ],
      [
       -118.14213850469454,
       34.21467020470977
      ]
     ]
    ]
   },
   "properties": {
    "h3_cell": "8929a1c0c7bffff",
    "tract_geoid": "06037930400",
    "RPL_THEMES": 0.5737,
    "RPL_THEME1": 0.5002,
    "RPL_THEME2": 0.2688,
    "RPL_THEME3": 0.4527,
    "RPL_THEME4": 0.8606,
    "n_structures": 1,
    "n_destroyed": 1,
    "destroyed_rate": 1.0,
    "uncertainty": {
     "svi_vintage": "2022 (pre-fire); tract-level rank attached to a tile is a downscaling approximation",
     "svi_missing": false,
     "n_unassessed": 0,
     "low_n": true,
     "source": "DINS field survey; rates undefined where all points inaccessible"
    }
   }
  },
  {
   "type": "Feature",
   "geometry": {
    "type": "Polygon",
    "coordinates": [
     [
      [
       -118.15229049119232,
       34.19942570880879
      ],
      [
       -118.15116265354973,
       34.20111961372572
      ],
      [
       -118.15234889958037,
       34.20273605977855
      ],
      [
       -118.15466299535244,
       34.20265857625978
      ],
      [
       -118.15579077699768,
       34.200964664102834
      ],
      [
       -118.15460451887095,
       34.19934824270448
      ],
      [
       -118.15229049119232,
       34.19942570880879
      ]
     ]
    ]
   },
   "properties": {
    "h3_cell": "8929a1c0c83ffff",
    "tract_geoid": "06037460301",
    "RPL_THEMES": 0.3106,
    "RPL_THEME1": 0.1741,
    "RPL_THEME2": 0.308,
    "RPL_THEME3": 0.4965,
    "RPL_THEME4": 0.5297,
    "n_structures": 223,
    "n_destroyed": 209,
    "destroyed_rate": 0.9372,
    "uncertainty": {
     "svi_vintage": "2022 (pre-fire); tract-level rank attached to a tile is a downscaling approximation",
     "svi_missing": false,
     "n_unassessed": 0,
     "low_n": false,
     "source": "DINS field survey; rates undefined where all points inaccessible"
    }
   }
  },
  {
   "type": "Feature",
   "geometry": {
    "type": "Polygon",
    "coordinates": [
     [
      [
       -118.15579077699768,
       34.200964664102834
      ],
      [
       -118.15466299535244,
       34.20265857625978
      ],
      [
       -118.15584928925588,
       34.20427495686617
      ],
      [
       -118.15816337689282,
       34.20419740066039
      ],
      [
       -118.1592911025309,
       34.202503481268955
      ],
      [
       -118.15810479654195,
       34.200887125317614
      ],
      [
       -118.15579077699768,
       34.200964664102834
      ]
     ]
    ]
   },
   "properties": {
    "h3_cell": "8929a1c0c87ffff",
    "tract_geoid": "06037460301",
    "RPL_THEMES": 0.3106,
    "RPL_THEME1": 0.1741,
    "RPL_THEME2": 0.308,
    "RPL_THEME3": 0.4965,
    "RPL_THEME4": 0.5297,
    "n_structures": 31,
    "n_destroyed": 28,
    "destroyed_rate": 0.9032,
    "uncertainty": {
     "svi_vintage": "2022 (pre-fire); tract-level rank attached to a tile is a downscaling approximation",
     "svi_missing": false,
     "n_unassessed": 0,
     "low_n": false,
     "source": "DINS field survey; rates undefined where all points inaccessible"
    }
   }
  },
  {
   "type": "Feature",
   "geometry": {
    "type": "Polygon",
    "coordinates": [
     [
      [
       -118.14884854966016,
       34.201197024559946
      ],
      [
       -118.14772062370578,
       34.20289089885424
      ],
      [
       -118.1489068576293,
       34.20450736955872
      ],
      [
       -118.15122102961706,
       34.204429941317066
      ],
      [
       -118.15234889958037,
       34.20273605977855
      ],
      [
       -118.15116265354973,
       34.20111961372572
      ],
      [
       -118.14884854966016,
       34.201197024559946
      ]
     ]
    ]
   },
   "properties": {
    "h3_cell": "8929a1c0c8bffff",
    "tract_geoid": "06037460301",
    "RPL_THEMES": 0.3106,
    "RPL_THEME1": 0.1741,
    "RPL_THEME2": 0.308,
    "RPL_THEME3": 0.4965,
    "RPL_THEME4": 0.5297,
    "n_structures": 116,
    "n_destroyed": 90,
    "destroyed_rate": 0.7759,
    "uncertainty": {
     "svi_vintage": "2022 (pre-fire); tract-level rank attached to a tile is a downscaling approximation",
     "svi_missing": false,
     "n_unassessed": 0,
     "low_n": false,
     "source": "DINS field survey; rates undefined where all points inaccessible"
    }
   }
  },
  {
   "type": "Feature",
   "geometry": {
    "type": "Polygon",
    "coordinates": [
     [
      [
       -118.15234889958037,
       34.20273605977855
      ],
      [
       -118.15122102961706,
       34.204429941317066
      ],
      [
       -118.15240731142394,
       34.2060463465757
      ],
      [
       -118.15472147529344,
       34.20596884564339
      ],
      [
       -118.15584928925588,
       34.20427495686617
      ],
      [
       -118.15466299535244,
       34.20265857625978
      ],
      [
       -118.15234889958037,
       34.20273605977855
      ]
     ]
    ]
   },
   "properties": {
    "h3_cell": "8929a1c0c8fffff",
    "tract_geoid": "06037460301",
    "RPL_THEMES": 0.3106,
    "RPL_THEME1": 0.1741,
    "RPL_THEME2": 0.308,
    "RPL_THEME3": 0.4965,
    "RPL_THEME4": 0.5297,
    "n_structures": 29,
    "n_destroyed": 27,
    "destroyed_rate": 0.931,
    "uncertainty": {
     "svi_vintage": "2022 (pre-fire); tract-level rank attached to a tile is a downscaling approximation",
     "svi_missing": false,
     "n_unassessed": 0,
     "low_n": false,
     "source": "DINS field survey; rates undefined where all points inaccessible"
    }
   }
  },
  {
   "type": "Feature",
   "geometry": {
    "type": "Polygon",
    "coordinates": [
     [
      [
       -118.15223208625949,
       34.19611529368664
      ],
      [
       -118.15110428093574,
       34.197809221971404
      ],
      [
       -118.15229049119232,
       34.19942570880879
      ],
      [
       -118.15460451887095,
       34.19934824270448
      ],
      [
       -118.15573226820084,
       34.197654307178375
      ],
      [
       -118.15454604584873,
       34.19603784499774
      ],
      [
       -118.15223208625949,
       34.19611529368664
      ]
     ]
    ]
   },
   "properties": {
    "h3_cell": "8929a1c0c93ffff",
    "tract_geoid": "06037460301",
    "RPL_THEMES": 0.3106,
    "RPL_THEME1": 0.1741,
    "RPL_THEME2": 0.308,
    "RPL_THEME3": 0.4965,
    "RPL_THEME4": 0.5297,
    "n_structures": 229,
    "n_destroyed": 186,
    "destroyed_rate": 0.8122,
    "uncertainty": {
     "svi_vintage": "2022 (pre-fire); tract-level rank attached to a tile is a downscaling approximation",
     "svi_missing": false,
     "n_unassessed": 0,
     "low_n": false,
     "source": "DINS field survey; rates undefined where all points inaccessible"
    }
   }
  },
  {
   "type": "Feature",
   "geometry": {
    "type": "Polygon",
    "coordinates": [
     [
      [
       -118.15573226820084,
       34.197654307178375
      ],
      [
       -118.15460451887095,
       34.19934824270448
      ],
      [
       -118.15579077699768,
       34.200964664102834
      ],
      [
       -118.15810479654195,
       34.200887125317614
      ],
      [
       -118.15923248986813,
       34.199193182555724
      ],
      [
       -118.15804621965644,
       34.19757678581467
      ],
      [
       -118.15573226820084,
       34.197654307178375
      ]
     ]
    ]
   },
   "properties": {
    "h3_cell": "8929a1c0c97ffff",
    "tract_geoid": "06037460301",
    "RPL_THEMES": 0.3106,
    "RPL_THEME1": 0.1741,
    "RPL_THEME2": 0.308,
    "RPL_THEME3": 0.4965,
    "RPL_THEME4": 0.5297,
    "n_structures": 139,
    "n_destroyed": 102,
    "destroyed_rate": 0.7338,
    "uncertainty": {
     "svi_vintage": "2022 (pre-fire); tract-level rank attached to a tile is a downscaling approximation",
     "svi_missing": false,
     "n_unassessed": 0,
     "low_n": false,
     "source": "DINS field survey; rates undefined where all points inaccessible"
    }
   }
  },
  {
   "type": "Feature",
   "geometry": {
    "type": "Polygon",
    "coordinates": [
     [
      [
       -118.14879024514036,
       34.197886615397294
      ],
      [
       -118.14766235151014,
       34.199580513068696
      ],
      [
       -118.14884854966016,
       34.201197024559946
      ],
      [
       -118.15116265354973,
       34.20111961372572
      ],
      [
       -118.15229049119232,
       34.19942570880879
      ],
      [
       -118.15110428093574,
       34.197809221971404
      ],
      [
       -118.14879024514036,
       34.197886615397294
      ]
     ]
    ]
   },
   "properties": {
    "h3_cell": "8929a1c0c9bffff",
    "tract_geoid": "06037460301",
    "RPL_THEMES": 0.3106,
    "RPL_THEME1": 0.1741,
    "RPL_THEME2": 0.308,
    "RPL_THEME3": 0.4965,
    "RPL_THEME4": 0.5297,
    "n_structures": 187,
    "n_destroyed": 136,
    "destroyed_rate": 0.7273,
    "uncertainty": {
     "svi_vintage": "2022 (pre-fire); tract-level rank attached to a tile is a downscaling approximation",
     "svi_missing": false,
     "n_unassessed": 0,
     "low_n": false,
     "source": "DINS field survey; rates undefined where all points inaccessible"
    }
   }
  },
  {
   "type": "Feature",
   "geometry": {
    "type": "Polygon",
    "coordinates": [
     [
      [
       -118.15934971866125,
       34.20581371581236
      ],
      [
       -118.15822196070941,
       34.20750761182277
      ],
      [
       -118.1594083382594,
       34.20912388616573
      ],
      [
       -118.16172248583952,
       34.20904623984469
      ],
      [
       -118.16285018777097,
       34.20735233660661
      ],
      [
       -118.16166379814545,
       34.20573608691706
      ],
      [
       -118.15934971866125,
       34.20581371581236
      ]
     ]
    ]
   },
   "properties": {
    "h3_cell": "8929a1c0ca3ffff",
    "tract_geoid": "06037460301",
    "RPL_THEMES": 0.3106,
    "RPL_THEME1": 0.1741,
    "RPL_THEME2": 0.308,
    "RPL_THEME3": 0.4965,
    "RPL_THEME4": 0.5297,
    "n_structures": 64,
    "n_destroyed": 3,
    "destroyed_rate": 0.0469,
    "uncertainty": {
     "svi_vintage": "2022 (pre-fire); tract-level rank attached to a tile is a downscaling approximation",
     "svi_missing": false,
     "n_unassessed": 0,
     "low_n": false,
     "source": "DINS field survey; rates undefined where all points inaccessible"
    }
   }
  },
  {
   "type": "Feature",
   "geometry": {
    "type": "Polygon",
    "coordinates": [
     [
      [
       -118.16285018777097,
       34.20735233660661
      ],
      [
       -118.16172248583952,
       34.20904623984469
      ],
      [
       -118.16290891124932,
       34.21066244871781
      ],
      [
       -118.16522305065831,
       34.210584729698674
      ],
      [
       -118.16635069655965,
       34.208890819238455
      ],
      [
       -118.16516425908488,
       34.20727463501932
      ],
      [
       -118.16285018777097,
       34.20735233660661
      ]
     ]
    ]
   },
   "properties": {
    "h3_cell": "8929a1c0ca7ffff",
    "tract_geoid": "06037460301",
    "RPL_THEMES": 0.3106,
    "RPL_THEME1": 0.1741,
    "RPL_THEME2": 0.308,
    "RPL_THEME3": 0.4965,
    "RPL_THEME4": 0.5297,
    "n_structures": 1,
    "n_destroyed": 0,
    "destroyed_rate": 0.0,
    "uncertainty": {
     "svi_vintage": "2022 (pre-fire); tract-level rank attached to a tile is a downscaling approximation",
     "svi_missing": false,
     "n_unassessed": 0,
     "low_n": true,
     "source": "DINS field survey; rates undefined where all points inaccessible"
    }
   }
  },
  {
   "type": "Feature",
   "geometry": {
    "type": "Polygon",
    "coordinates": [
     [
      [
       -118.1559078049758,
       34.207585185448195
      ],
      [
       -118.15477995869429,
       34.20927905083509
      ],
      [
       -118.15596632415769,
       34.21089534982863
      ],
      [
       -118.15828054799196,
       34.21081775878449
      ],
      [
       -118.1594083382594,
       34.20912388616573
      ],
      [
       -118.15822196070941,
       34.20750761182277
      ],
      [
       -118.1559078049758,
       34.207585185448195
      ]
     ]
    ]
   },
   "properties": {
    "h3_cell": "8929a1c0cabffff",
    "tract_geoid": "06037460301",
    "RPL_THEMES": 0.3106,
    "RPL_THEME1": 0.1741,
    "RPL_THEME2": 0.308,
    "RPL_THEME3": 0.4965,
    "RPL_THEME4": 0.5297,
    "n_structures": 82,
    "n_destroyed": 17,
    "destroyed_rate": 0.2125,
    "uncertainty": {
     "svi_vintage": "2022 (pre-fire); tract-level rank attached to a tile is a downscaling approximation",
     "svi_missing": false,
     "n_unassessed": 2,
     "low_n": false,
     "source": "DINS field survey; rates undefined where all points inaccessible"
    }
   }
  },
  {
   "type": "Feature",
   "geometry": {
    "type": "Polygon",
    "coordinates": [
     [
      [
       -118.1594083382594,
       34.20912388616573
      ],
      [
       -118.15828054799196,
       34.21081775878449
      ],
      [
       -118.1594669613257,
       34.21243399230879
      ],
      [
       -118.16178117700572,
       34.212356328562954
      ],
      [
       -118.16290891124932,
       34.21066244871781
      ],
      [
       -118.16172248583952,
       34.20904623984469
      ],
      [
       -118.1594083382594,
       34.20912388616573
      ]
     ]
    ]
   },
   "properties": {
    "h3_cell": "8929a1c0cafffff",
    "tract_geoid": "06037460301",
    "RPL_THEMES": 0.3106,
    "RPL_THEME1": 0.1741,
    "RPL_THEME2": 0.308,
    "RPL_THEME3": 0.4965,
    "RPL_THEME4": 0.5297,
    "n_structures": 23,
    "n_destroyed": 4,
    "destroyed_rate": 0.1739,
    "uncertainty": {
     "svi_vintage": "2022 (pre-fire); tract-level rank attached to a tile is a downscaling approximation",
     "svi_missing": false,
     "n_unassessed": 0,
     "low_n": false,
     "source": "DINS field survey; rates undefined where all points inaccessible"
    }
   }
  },
  {
   "type": "Feature",
   "geometry": {
    "type": "Polygon",
    "coordinates": [
     [
      [
       -118.1592911025309,
       34.202503481268955
      ],
      [
       -118.15816337689282,
       34.20419740066039
      ],
      [
       -118.15934971866125,
       34.20581371581236
      ],
      [
       -118.16166379814545,
       34.20573608691706
      ],
      [
       -118.16279146776664,
       34.20404216029665
      ],
      [
       -118.16160511392326,
       34.202425869800315
      ],
      [
       -118.1592911025309,
       34.202503481268955
      ]
     ]
    ]
   },
   "properties": {
    "h3_cell": "8929a1c0cb3ffff",
    "tract_geoid": "06037460301",
    "RPL_THEMES": 0.3106,
    "RPL_THEME1": 0.1741,
    "RPL_THEME2": 0.308,
    "RPL_THEME3": 0.4965,
    "RPL_THEME4": 0.5297,
    "n_structures": 67,
    "n_destroyed": 13,
    "destroyed_rate": 0.194,
    "uncertainty": {
     "svi_vintage": "2022 (pre-fire); tract-level rank attached to a tile is a downscaling approximation",
     "svi_missing": false,
     "n_unassessed": 0,
     "low_n": false,
     "source": "DINS field survey; rates undefined where all points inaccessible"
    }
   }
  },
  {
   "type": "Feature",
   "geometry": {
    "type": "Polygon",
    "coordinates": [
     [
      [
       -118.16279146776664,
       34.20404216029665
      ],
      [
       -118.16166379814545,
       34.20573608691706
      ],
      [
       -118.16285018777097,
       34.20735233660661
      ],
      [
       -118.16516425908488,
       34.20727463501932
      ],
      [
       -118.1662918726794,
       34.20558070117544
      ],
      [
       -118.16510547098945,
       34.203964476142126
      ],
      [
       -118.16279146776664,
       34.20404216029665
      ]
     ]
    ]
   },
   "properties": {
    "h3_cell": "8929a1c0cb7ffff",
    "tract_geoid": "06037460301",
    "RPL_THEMES": 0.3106,
    "RPL_THEME1": 0.1741,
    "RPL_THEME2": 0.308,
    "RPL_THEME3": 0.4965,
    "RPL_THEME4": 0.5297,
    "n_structures": 2,
    "n_destroyed": 0,
    "destroyed_rate": 0.0,
    "uncertainty": {
     "svi_vintage": "2022 (pre-fire); tract-level rank attached to a tile is a downscaling approximation",
     "svi_missing": false,
     "n_unassessed": 0,
     "low_n": true,
     "source": "DINS field survey; rates undefined where all points inaccessible"
    }
   }
  },
  {
   "type": "Feature",
   "geometry": {
    "type": "Polygon",
    "coordinates": [
     [
      [
       -118.15584928925588,
       34.20427495686617
      ],
      [
       -118.15472147529344,
       34.20596884564339
      ],
      [
       -118.1559078049758,
       34.207585185448195
      ],
      [
       -118.15822196070941,
       34.20750761182277
      ],
      [
       -118.15934971866125,
       34.20581371581236
      ],
      [
       -118.15816337689282,
       34.20419740066039
      ],
      [
       -118.15584928925588,
       34.20427495686617
      ]
     ]
    ]
   },
   "properties": {
    "h3_cell": "8929a1c0cbbffff",
    "tract_geoid": "06037460301",
    "RPL_THEMES": 0.3106,
    "RPL_THEME1": 0.1741,
    "RPL_THEME2": 0.308,
    "RPL_THEME3": 0.4965,
    "RPL_THEME4": 0.5297,
    "n_structures": 50,
    "n_destroyed": 8,
    "destroyed_rate": 0.16,
    "uncertainty": {
     "svi_vintage": "2022 (pre-fire); tract-level rank attached to a tile is a downscaling approximation",
     "svi_missing": false,
     "n_unassessed": 0,
     "low_n": false,
     "source": "DINS field survey; rates undefined where all points inaccessible"
    }
   }
  },
  {
   "type": "Feature",
   "geometry": {
    "type": "Polygon",
    "coordinates": [
     [
      [
       -118.14190606941351,
       34.2014290011333
      ],
      [
       -118.14077799917337,
       34.20312283753754
      ],
      [
       -118.14196417307697,
       34.20473939832809
      ],
      [
       -118.14427842935221,
       34.20466209806594
      ],
      [
       -118.14540644361733,
       34.202968254407764
      ],
      [
       -118.144220257585,
       34.20135171826545
      ],
      [
       -118.14190606941351,
       34.2014290011333
      ]
     ]
    ]
   },
   "properties": {
    "h3_cell": "8929a1c0cc3ffff",
    "tract_geoid": "06037460200",
    "RPL_THEMES": 0.4498,
    "RPL_THEME1": 0.3732,
    "RPL_THEME2": 0.6798,
    "RPL_THEME3": 0.5579,
    "RPL_THEME4": 0.3451,
    "n_structures": 193,
    "n_destroyed": 175,
    "destroyed_rate": 0.9067,
    "uncertainty": {
     "svi_vintage": "2022 (pre-fire); tract-level rank attached to a tile is a downscaling approximation",
     "svi_missing": false,
     "n_unassessed": 0,
     "low_n": false,
     "source": "DINS field survey; rates undefined where all points inaccessible"
    }
   }
  },
  {
   "type": "Feature",
   "geometry": {
    "type": "Polygon",
    "coordinates": [
     [
      [
       -118.14540644361733,
       34.202968254407764
      ],
      [
       -118.14427842935221,
       34.20466209806594
      ],
      [
       -118.14546465115751,
       34.20627859341923
      ],
      [
       -118.14777889934895,
       34.206201220465324
      ],
      [
       -118.1489068576293,
       34.20450736955872
      ],
      [
       -118.14772062370578,
       34.20289089885424
      ],
      [
       -118.14540644361733,
       34.202968254407764
      ]
     ]
    ]
   },
   "properties": {
    "h3_cell": "8929a1c0cc7ffff",
    "tract_geoid": "06037460301",
    "RPL_THEMES": 0.3106,
    "RPL_THEME1": 0.1741,
    "RPL_THEME2": 0.308,
    "RPL_THEME3": 0.4965,
    "RPL_THEME4": 0.5297,
    "n_structures": 107,
    "n_destroyed": 86,
    "destroyed_rate": 0.8037,
    "uncertainty": {
     "svi_vintage": "2022 (pre-fire); tract-level rank attached to a tile is a downscaling approximation",
     "svi_missing": false,
     "n_unassessed": 0,
     "low_n": false,
     "source": "DINS field survey; rates undefined where all points inaccessible"
    }
   }
  },
  {
   "type": "Feature",
   "geometry": {
    "type": "Polygon",
    "coordinates": [
     [
      [
       -118.1384637348319,
       34.20320006511041
      ],
      [
       -118.13733557628827,
       34.20489387086085
      ],
      [
       -118.13852173805205,
       34.20651045629675
      ],
      [
       -118.14083607050203,
       34.206433211336645
      ],
      [
       -118.14196417307697,
       34.20473939832809
      ],
      [
       -118.14077799917337,
       34.20312283753754
      ],
      [
       -118.1384637348319,
       34.20320006511041
      ]
     ]
    ]
   },
   "properties": {
    "h3_cell": "8929a1c0ccbffff",
    "tract_geoid": "06037460200",
    "RPL_THEMES": 0.4498,
    "RPL_THEME1": 0.3732,
    "RPL_THEME2": 0.6798,
    "RPL_THEME3": 0.5579,
    "RPL_THEME4": 0.3451,
    "n_structures": 81,
    "n_destroyed": 71,
    "destroyed_rate": 0.8765,
    "uncertainty": {
     "svi_vintage": "2022 (pre-fire); tract-level rank attached to a tile is a downscaling approximation",
     "svi_missing": false,
     "n_unassessed": 0,
     "low_n": false,
     "source": "DINS field survey; rates undefined where all points inaccessible"
    }
   }
  },
  {
   "type": "Feature",
   "geometry": {
    "type": "Polygon",
    "coordinates": [
     [
      [
       -118.14196417307697,
       34.20473939832809
      ],
      [
       -118.14083607050203,
       34.206433211336645
      ],
      [
       -118.14202228017807,
       34.2080497313359
      ],
      [
       -118.14433660456108,
       34.20797241368042
      ],
      [
       -118.14546465115751,
       34.20627859341923
      ],
      [
       -118.14427842935221,
       34.20466209806594
      ],
      [
       -118.14196417307697,
       34.20473939832809
      ]
     ]
    ]
   },
   "properties": {
    "h3_cell": "8929a1c0ccfffff",
    "tract_geoid": "06037460301",
    "RPL_THEMES": 0.3106,
    "RPL_THEME1": 0.1741,
    "RPL_THEME2": 0.308,
    "RPL_THEME3": 0.4965,
    "RPL_THEME4": 0.5297,
    "n_structures": 166,
    "n_destroyed": 109,
    "destroyed_rate": 0.6566,
    "uncertainty": {
     "svi_vintage": "2022 (pre-fire); tract-level rank attached to a tile is a downscaling approximation",
     "svi_missing": false,
     "n_unassessed": 0,
     "low_n": false,
     "source": "DINS field survey; rates undefined where all points inaccessible"
    }
   }
  },
  {
   "type": "Feature",
   "geometry": {
    "type": "Polygon",
    "coordinates": [
     [
      [
       -118.14184796918744,
       34.19811853977183
      ],
      [
       -118.14071993128017,
       34.19981239956117
      ],
      [
       -118.14190606941351,
       34.2014290011333
      ],
      [
       -118.144220257585,
       34.20135171826545
      ],
      [
       -118.14534823952069,
       34.199657851220884
      ],
      [
       -118.14416208925917,
       34.198041274299214
      ],
      [
       -118.14184796918744,
       34.19811853977183
      ]
     ]
    ]
   },
   "properties": {
    "h3_cell": "8929a1c0cd3ffff",
    "tract_geoid": "06037460200",
    "RPL_THEMES": 0.4498,
    "RPL_THEME1": 0.3732,
    "RPL_THEME2": 0.6798,
    "RPL_THEME3": 0.5579,
    "RPL_THEME4": 0.3451,
    "n_structures": 187,
    "n_destroyed": 181,
    "destroyed_rate": 0.9679,
    "uncertainty": {
     "svi_vintage": "2022 (pre-fire); tract-level rank attached to a tile is a downscaling approximation",
     "svi_missing": false,
     "n_unassessed": 0,
     "low_n": false,
     "source": "DINS field survey; rates undefined where all points inaccessible"
    }
   }
  },
  {
   "type": "Feature",
   "geometry": {
    "type": "Polygon",
    "coordinates": [
     [
      [
       -118.14534823952069,
       34.199657851220884
      ],
      [
       -118.144220257585,
       34.20135171826545
      ],
      [
       -118.14540644361733,
       34.202968254407764
      ],
      [
       -118.14772062370578,
       34.20289089885424
      ],
      [
       -118.14884854966016,
       34.201197024559946
      ],
      [
       -118.14766235151014,
       34.199580513068696
      ],
      [
       -118.14534823952069,
       34.199657851220884
      ]
     ]
    ]
   },
   "properties": {
    "h3_cell": "8929a1c0cd7ffff",
    "tract_geoid": "06037460301",
    "RPL_THEMES": 0.3106,
    "RPL_THEME1": 0.1741,
    "RPL_THEME2": 0.308,
    "RPL_THEME3": 0.4965,
    "RPL_THEME4": 0.5297,
    "n_structures": 174,
    "n_destroyed": 148,
    "destroyed_rate": 0.8506,
    "uncertainty": {
     "svi_vintage": "2022 (pre-fire); tract-level rank attached to a tile is a downscaling approximation",
     "svi_missing": false,
     "n_unassessed": 0,
     "low_n": false,
     "source": "DINS field survey; rates undefined where all points inaccessible"
    }
   }
  },
  {
   "type": "Feature",
   "geometry": {
    "type": "Polygon",
    "coordinates": [
     [
      [
       -118.13840573504325,
       34.199889609745846
      ],
      [
       -118.13727760883783,
       34.201583438890644
      ],
      [
       -118.1384637348319,
       34.20320006511041
      ],
      [
       -118.14077799917337,
       34.20312283753754
      ],
      [
       -118.14190606941351,
       34.2014290011333
      ],
      [
       -118.14071993128017,
       34.19981239956117
      ],
      [
       -118.13840573504325,
       34.199889609745846
      ]
     ]
    ]
   },
   "properties": {
    "h3_cell": "8929a1c0cdbffff",
    "tract_geoid": "06037460200",
    "RPL_THEMES": 0.4498,
    "RPL_THEME1": 0.3732,
    "RPL_THEME2": 0.6798,
    "RPL_THEME3": 0.5579,
    "RPL_THEME4": 0.3451,
    "n_structures": 170,
    "n_destroyed": 152,
    "destroyed_rate": 0.8941,
    "uncertainty": {
     "svi_vintage": "2022 (pre-fire); tract-level rank attached to a tile is a downscaling approximation",
     "svi_missing": false,
     "n_unassessed": 0,
     "low_n": false,
     "source": "DINS field survey; rates undefined where all points inaccessible"
    }
   }
  },
  {
   "type": "Feature",
   "geometry": {
    "type": "Polygon",
    "coordinates": [
     [
      [
       -118.06218881881844,
       34.21234649129672
      ],
      [
       -118.0610590098831,
       34.214039831257836
      ],
      [
       -118.06224458002511,
       34.21565732532394
      ],
      [
       -118.06455997148399,
       34.21558145482576
      ],
      [
       -118.065689724621,
       34.21388810750234
      ],
      [
       -118.06450414210022,
       34.21227063803922
      ],
      [
       -118.06218881881844,
       34.21234649129672
      ]
     ]
    ]
   },
   "properties": {
    "h3_cell": "8929a1c11afffff",
    "tract_geoid": "06037930400",
    "RPL_THEMES": 0.5737,
    "RPL_THEME1": 0.5002,
    "RPL_THEME2": 0.2688,
    "RPL_THEME3": 0.4527,
    "RPL_THEME4": 0.8606,
    "n_structures": 2,
    "n_destroyed": 0,
    "destroyed_rate": 0.0,
    "uncertainty": {
     "svi_vintage": "2022 (pre-fire); tract-level rank attached to a tile is a downscaling approximation",
     "svi_missing": false,
     "n_unassessed": 0,
     "low_n": true,
     "source": "DINS field survey; rates undefined where all points inaccessible"
    }
   }
  },
  {
   "type": "Feature",
   "geometry": {
    "type": "Polygon",
    "coordinates": [
     [
      [
       -118.02685372470904,
       34.17705291164446
      ],
      [
       -118.02572355313805,
       34.17874631846208
      ],
      [
       -118.02690842741917,
       34.18036470953761
      ],
      [
       -118.02922348575471,
       34.180289669185164
      ],
      [
       -118.03035360164604,
       34.17859625494237
      ],
      [
       -118.02916871488425,
       34.17697788847701
      ],
      [
       -118.02685372470904,
       34.17705291164446
      ]
     ]
    ]
   },
   "properties": {
    "h3_cell": "8929a1c1403ffff",
    "tract_geoid": "06037430400",
    "RPL_THEMES": 0.1809,
    "RPL_THEME1": 0.0582,
    "RPL_THEME2": 0.6979,
    "RPL_THEME3": 0.5931,
    "RPL_THEME4": 0.1081,
    "n_structures": 1,
    "n_destroyed": 0,
    "destroyed_rate": 0.0,
    "uncertainty": {
     "svi_vintage": "2022 (pre-fire); tract-level rank attached to a tile is a downscaling approximation",
     "svi_missing": false,
     "n_unassessed": 0,
     "low_n": true,
     "source": "DINS field survey; rates undefined where all points inaccessible"
    }
   }
  },
  {
   "type": "Feature",
   "geometry": {
    "type": "Polygon",
    "coordinates": [
     [
      [
       -118.02340848731144,
       34.17882128615983
      ],
      [
       -118.02227822760366,
       34.180514662110866
      ],
      [
       -118.02346308939305,
       34.18213307779373
      ],
      [
       -118.02577822338472,
       34.18205809291804
      ],
      [
       -118.02690842741917,
       34.18036470953761
      ],
      [
       -118.02572355313805,
       34.17874631846208
      ],
      [
       -118.02340848731144,
       34.17882128615983
      ]
     ]
    ]
   },
   "properties": {
    "h3_cell": "8929a1c140bffff",
    "tract_geoid": "06037930400",
    "RPL_THEMES": 0.5737,
    "RPL_THEME1": 0.5002,
    "RPL_THEME2": 0.2688,
    "RPL_THEME3": 0.4527,
    "RPL_THEME4": 0.8606,
    "n_structures": 4,
    "n_destroyed": 0,
    "destroyed_rate": 0.0,
    "uncertainty": {
     "svi_vintage": "2022 (pre-fire); tract-level rank attached to a tile is a downscaling approximation",
     "svi_missing": false,
     "n_unassessed": 0,
     "low_n": false,
     "source": "DINS field survey; rates undefined where all points inaccessible"
    }
   }
  },
  {
   "type": "Feature",
   "geometry": {
    "type": "Polygon",
    "coordinates": [
     [
      [
       -118.02690842741917,
       34.18036470953761
      ],
      [
       -118.02577822338472,
       34.18205809291804
      ],
      [
       -118.02696313336614,
       34.18367644337007
      ],
      [
       -118.02927825986606,
       34.18360138583355
      ],
      [
       -118.03040840821737,
       34.18190799502925
      ],
      [
       -118.02922348575471,
       34.180289669185164
      ],
      [
       -118.02690842741917,
       34.18036470953761
      ]
     ]
    ]
   },
   "properties": {
    "h3_cell": "8929a1c140fffff",
    "tract_geoid": "06037930400",
    "RPL_THEMES": 0.5737,
    "RPL_THEME1": 0.5002,
    "RPL_THEME2": 0.2688,
    "RPL_THEME3": 0.4527,
    "RPL_THEME4": 0.8606,
    "n_structures": 1,
    "n_destroyed": 0,
    "destroyed_rate": 0.0,
    "uncertainty": {
     "svi_vintage": "2022 (pre-fire); tract-level rank attached to a tile is a downscaling approximation",
     "svi_missing": false,
     "n_unassessed": 0,
     "low_n": true,
     "source": "DINS field survey; rates undefined where all points inaccessible"
    }
   }
  },
  {
   "type": "Feature",
   "geometry": {
    "type": "Polygon",
    "coordinates": [
     [
      [
       -118.0267990252354,
       34.17374104971087
      ],
      [
       -118.02566888612603,
       34.17543447995508
      ],
      [
       -118.02685372470904,
       34.17705291164446
      ],
      [
       -118.02916871488425,
       34.17697788847701
      ],
      [
       -118.03029879831739,
       34.1752844508063
      ],
      [
       -118.02911394725433,
       34.17366604372934
      ],
      [
       -118.0267990252354,
       34.17374104971087
      ]
     ]
    ]
   },
   "properties": {
    "h3_cell": "8929a1c1413ffff",
    "tract_geoid": "06037430400",
    "RPL_THEMES": 0.1809,
    "RPL_THEME1": 0.0582,
    "RPL_THEME2": 0.6979,
    "RPL_THEME3": 0.5931,
    "RPL_THEME4": 0.1081,
    "n_structures": 19,
    "n_destroyed": 1,
    "destroyed_rate": 0.0526,
    "uncertainty": {
     "svi_vintage": "2022 (pre-fire); tract-level rank attached to a tile is a downscaling approximation",
     "svi_missing": false,
     "n_unassessed": 0,
     "low_n": false,
     "source": "DINS field survey; rates undefined where all points inaccessible"
    }
   }
  },
  {
   "type": "Feature",
   "geometry": {
    "type": "Polygon",
    "coordinates": [
     [
      [
       -118.02335388846046,
       34.175509430473966
      ],
      [
       -118.02222366121961,
       34.17720282986089
      ],
      [
       -118.02340848731144,
       34.17882128615983
      ],
      [
       -118.02572355313805,
       34.17874631846208
      ],
      [
       -118.02685372470904,
       34.17705291164446
      ],
      [
       -118.02566888612603,
       34.17543447995508
      ],
      [
       -118.02335388846046,
       34.175509430473966
      ]
     ]
    ]
   },
   "properties": {
    "h3_cell": "8929a1c141bffff",
    "tract_geoid": "06037430400",
    "RPL_THEMES": 0.1809,
    "RPL_THEME1": 0.0582,
    "RPL_THEME2": 0.6979,
    "RPL_THEME3": 0.5931,
    "RPL_THEME4": 0.1081,
    "n_structures": 26,
    "n_destroyed": 0,
    "destroyed_rate": 0.0,
    "uncertainty": {
     "svi_vintage": "2022 (pre-fire); tract-level rank attached to a tile is a downscaling approximation",
     "svi_missing": false,
     "n_unassessed": 0,
     "low_n": false,
     "source": "DINS field survey; rates undefined where all points inaccessible"
    }
   }
  },
  {
   "type": "Feature",
   "geometry": {
    "type": "Polygon",
    "coordinates": [
     [
      [
       -118.03396334336426,
       34.18676276081292
      ],
      [
       -118.03283321824742,
       34.18845613558515
      ],
      [
       -118.03401826029739,
       34.19007431490326
      ],
      [
       -118.03633343992774,
       34.18999909484199
      ],
      [
       -118.03746350933848,
       34.18830571265818
      ],
      [
       -118.03627845482774,
       34.186687557947025
      ],
      [
       -118.03396334336426,
       34.18676276081292
      ]
     ]
    ]
   },
   "properties": {
    "h3_cell": "8929a1c142fffff",
    "tract_geoid": "06037930400",
    "RPL_THEMES": 0.5737,
    "RPL_THEME1": 0.5002,
    "RPL_THEME2": 0.2688,
    "RPL_THEME3": 0.4527,
    "RPL_THEME4": 0.8606,
    "n_structures": 1,
    "n_destroyed": 0,
    "destroyed_rate": 0.0,
    "uncertainty": {
     "svi_vintage": "2022 (pre-fire); tract-level rank attached to a tile is a downscaling approximation",
     "svi_missing": false,
     "n_unassessed": 0,
     "low_n": true,
     "source": "DINS field survey; rates undefined where all points inaccessible"
    }
   }
  },
  {
   "type": "Feature",
   "geometry": {
    "type": "Polygon",
    "coordinates": [
     [
      [
       -118.01640872926886,
       34.175734025788294
      ],
      [
       -118.01527835824388,
       34.1774273868641
      ],
      [
       -118.01646312362581,
       34.179045932984394
      ],
      [
       -118.01877827254823,
       34.178971093422675
      ],
      [
       -118.0199085879195,
       34.177277724906496
      ],
      [
       -118.01872381002481,
       34.17565920339224
      ],
      [
       -118.01640872926886,
       34.175734025788294
      ]
     ]
    ]
   },
   "properties": {
    "h3_cell": "8929a1c1453ffff",
    "tract_geoid": "06037430400",
    "RPL_THEMES": 0.1809,
    "RPL_THEME1": 0.0582,
    "RPL_THEME2": 0.6979,
    "RPL_THEME3": 0.5931,
    "RPL_THEME4": 0.1081,
    "n_structures": 1,
    "n_destroyed": 0,
    "destroyed_rate": 0.0,
    "uncertainty": {
     "svi_vintage": "2022 (pre-fire); tract-level rank attached to a tile is a downscaling approximation",
     "svi_missing": false,
     "n_unassessed": 0,
     "low_n": true,
     "source": "DINS field survey; rates undefined where all points inaccessible"
    }
   }
  },
  {
   "type": "Feature",
   "geometry": {
    "type": "Polygon",
    "coordinates": [
     [
      [
       -118.0199085879195,
       34.177277724906496
      ],
      [
       -118.01877827254823,
       34.178971093422675
      ],
      [
       -118.01996308613778,
       34.180589574328295
      ],
      [
       -118.02227822760366,
       34.180514662110866
      ],
      [
       -118.02340848731144,
       34.17882128615983
      ],
      [
       -118.02222366121961,
       34.17720282986089
      ],
      [
       -118.0199085879195,
       34.177277724906496
      ]
     ]
    ]
   },
   "properties": {
    "h3_cell": "8929a1c1457ffff",
    "tract_geoid": "06037430400",
    "RPL_THEMES": 0.1809,
    "RPL_THEME1": 0.0582,
    "RPL_THEME2": 0.6979,
    "RPL_THEME3": 0.5931,
    "RPL_THEME4": 0.1081,
    "n_structures": 3,
    "n_destroyed": 0,
    "destroyed_rate": 0.0,
    "uncertainty": {
     "svi_vintage": "2022 (pre-fire); tract-level rank attached to a tile is a downscaling approximation",
     "svi_missing": false,
     "n_unassessed": 0,
     "low_n": false,
     "source": "DINS field survey; rates undefined where all points inaccessible"
    }
   }
  },
  {
   "type": "Feature",
   "geometry": {
    "type": "Polygon",
    "coordinates": [
     [
      [
       -118.02001758758087,
       34.18390135968661
      ],
      [
       -118.01888720726333,
       34.18559468130183
      ],
      [
       -118.02007209224905,
       34.18721308096116
      ],
      [
       -118.02238737005847,
       34.18713813440287
      ],
      [
       -118.02351769470563,
       34.1854448053554
      ],
      [
       -118.0223327972165,
       34.18382643029829
      ],
      [
       -118.02001758758087,
       34.18390135968661
      ]
     ]
    ]
   },
   "properties": {
    "h3_cell": "8929a1c147bffff",
    "tract_geoid": "06037430301",
    "RPL_THEMES": 0.0998,
    "RPL_THEME1": 0.0533,
    "RPL_THEME2": 0.4466,
    "RPL_THEME3": 0.3228,
    "RPL_THEME4": 0.102,
    "n_structures": 5,
    "n_destroyed": 0,
    "destroyed_rate": 0.0,
    "uncertainty": {
     "svi_vintage": "2022 (pre-fire); tract-level rank attached to a tile is a downscaling approximation",
     "svi_missing": false,
     "n_unassessed": 0,
     "low_n": false,
     "source": "DINS field survey; rates undefined where all points inaccessible"
    }
   }
  },
  {
   "type": "Feature",
   "geometry": {
    "type": "Polygon",
    "coordinates": [
     [
      [
       -118.03018920138702,
       34.16866065046776
      ],
      [
       -118.02905918286464,
       34.170354134962466
      ],
      [
       -118.03024399823116,
       34.17197258264133
      ],
      [
       -118.03255884459121,
       34.171897521207754
      ],
      [
       -118.03368880743446,
       34.17020402928944
      ],
      [
       -118.03250397959951,
       34.16858560622809
      ],
      [
       -118.03018920138702,
       34.16866065046776
      ]
     ]
    ]
   },
   "properties": {
    "h3_cell": "8929a1c1483ffff",
    "tract_geoid": "06037430501",
    "RPL_THEMES": 0.045,
    "RPL_THEME1": 0.0544,
    "RPL_THEME2": 0.2155,
    "RPL_THEME3": 0.2641,
    "RPL_THEME4": 0.0671,
    "n_structures": 49,
    "n_destroyed": 0,
    "destroyed_rate": 0.0,
    "uncertainty": {
     "svi_vintage": "2022 (pre-fire); tract-level rank attached to a tile is a downscaling approximation",
     "svi_missing": false,
     "n_unassessed": 0,
     "low_n": false,
     "source": "DINS field survey; rates undefined where all points inaccessible"
    }
   }
  },
  {
   "type": "Feature",
   "geometry": {
    "type": "Polygon",
    "coordinates": [
     [
      [
       -118.03368880743446,
       34.17020402928944
      ],
      [
       -118.03255884459121,
       34.171897521207754
      ],
      [
       -118.03374370812328,
       34.17351590366943
      ],
      [
       -118.03605854695923,
       34.173440769594414
      ],
      [
       -118.03718845411348,
       34.17174727025795
      ],
      [
       -118.0360035781235,
       34.17012891241445
      ],
      [
       -118.03368880743446,
       34.17020402928944
      ]
     ]
    ]
   },
   "properties": {
    "h3_cell": "8929a1c1487ffff",
    "tract_geoid": "06037430501",
    "RPL_THEMES": 0.045,
    "RPL_THEME1": 0.0544,
    "RPL_THEME2": 0.2155,
    "RPL_THEME3": 0.2641,
    "RPL_THEME4": 0.0671,
    "n_structures": 26,
    "n_destroyed": 0,
    "destroyed_rate": 0.0,
    "uncertainty": {
     "svi_vintage": "2022 (pre-fire); tract-level rank attached to a tile is a downscaling approximation",
     "svi_missing": false,
     "n_unassessed": 0,
     "low_n": false,
     "source": "DINS field survey; rates undefined where all points inaccessible"
    }
   }
  },
  {
   "type": "Feature",
   "geometry": {
    "type": "Polygon",
    "coordinates": [
     [
      [
       -118.02674432899806,
       34.17042912375714
      ],
      [
       -118.02561422234842,
       34.17212257741735
      ],
      [
       -118.0267990252354,
       34.17374104971087
      ],
      [
       -118.02911394725433,
       34.17366604372934
      ],
      [
       -118.03024399823116,
       34.17197258264133
      ],
      [
       -118.02905918286464,
       34.170354134962466
      ],
      [
       -118.02674432899806,
       34.17042912375714
      ]
     ]
    ]
   },
   "properties": {
    "h3_cell": "8929a1c148bffff",
    "tract_geoid": "06037430400",
    "RPL_THEMES": 0.1809,
    "RPL_THEME1": 0.0582,
    "RPL_THEME2": 0.6979,
    "RPL_THEME3": 0.5931,
    "RPL_THEME4": 0.1081,
    "n_structures": 22,
    "n_destroyed": 0,
    "destroyed_rate": 0.0,
    "uncertainty": {
     "svi_vintage": "2022 (pre-fire); tract-level rank attached to a tile is a downscaling approximation",
     "svi_missing": false,
     "n_unassessed": 0,
     "low_n": false,
     "source": "DINS field survey; rates undefined where all points inaccessible"
    }
   }
  },
  {
   "type": "Feature",
   "geometry": {
    "type": "Polygon",
    "coordinates": [
     [
      [
       -118.02668963599663,
       34.167117133803565
      ],
      [
       -118.0255595618049,
       34.168810610869144
      ],
      [
       -118.02674432899806,
       34.17042912375714
      ],
      [
       -118.02905918286464,
       34.170354134962466
      ],
      [
       -118.03018920138702,
       34.16866065046776
      ],
      [
       -118.02900442171496,
       34.16704216219665
      ],
      [
       -118.02668963599663,
       34.167117133803565
      ]
     ]
    ]
   },
   "properties": {
    "h3_cell": "8929a1c149bffff",
    "tract_geoid": "06037430400",
    "RPL_THEMES": 0.1809,
    "RPL_THEME1": 0.0582,
    "RPL_THEME2": 0.6979,
    "RPL_THEME3": 0.5931,
    "RPL_THEME4": 0.1081,
    "n_structures": 1,
    "n_destroyed": 0,
    "destroyed_rate": 0.0,
    "uncertainty": {
     "svi_vintage": "2022 (pre-fire); tract-level rank attached to a tile is a downscaling approximation",
     "svi_missing": false,
     "n_unassessed": 0,
     "low_n": true,
     "source": "DINS field survey; rates undefined where all points inaccessible"
    }
   }
  },
  {
   "type": "Feature",
   "geometry": {
    "type": "Polygon",
    "coordinates": [
     [
      [
       -118.03718845411348,
       34.17174727025795
      ],
      [
       -118.03605854695923,
       34.173440769594414
      ],
      [
       -118.03724345864904,
       34.17505908683082
      ],
      [
       -118.03955828994326,
       34.17498388011177
      ],
      [
       -118.04068814139872,
       34.1732903733627
      ],
      [
       -118.03950321726153,
       34.171672080745076
      ],
      [
       -118.03718845411348,
       34.17174727025795
      ]
     ]
    ]
   },
   "properties": {
    "h3_cell": "8929a1c14b3ffff",
    "tract_geoid": "06037430501",
    "RPL_THEMES": 0.045,
    "RPL_THEME1": 0.0544,
    "RPL_THEME2": 0.2155,
    "RPL_THEME3": 0.2641,
    "RPL_THEME4": 0.0671,
    "n_structures": 12,
    "n_destroyed": 1,
    "destroyed_rate": 0.0833,
    "uncertainty": {
     "svi_vintage": "2022 (pre-fire); tract-level rank attached to a tile is a downscaling approximation",
     "svi_missing": false,
     "n_unassessed": 0,
     "low_n": false,
     "source": "DINS field survey; rates undefined where all points inaccessible"
    }
   }
  },
  {
   "type": "Feature",
   "geometry": {
    "type": "Polygon",
    "coordinates": [
     [
      [
       -118.04068814139872,
       34.1732903733627
      ],
      [
       -118.03955828994326,
       34.17498388011177
      ],
      [
       -118.040743249783,
       34.17660213211484
      ],
      [
       -118.04305807351786,
       34.17652685274922
      ],
      [
       -118.04418786926477,
       34.174833338593025
      ],
      [
       -118.04300289698817,
       34.17321511120936
      ],
      [
       -118.04068814139872,
       34.1732903733627
      ]
     ]
    ]
   },
   "properties": {
    "h3_cell": "8929a1c14b7ffff",
    "tract_geoid": "06037430501",
    "RPL_THEMES": 0.045,
    "RPL_THEME1": 0.0544,
    "RPL_THEME2": 0.2155,
    "RPL_THEME3": 0.2641,
    "RPL_THEME4": 0.0671,
    "n_structures": 54,
    "n_destroyed": 2,
    "destroyed_rate": 0.037,
    "uncertainty": {
     "svi_vintage": "2022 (pre-fire); tract-level rank attached to a tile is a downscaling approximation",
     "svi_missing": false,
     "n_unassessed": 0,
     "low_n": false,
     "source": "DINS field survey; rates undefined where all points inaccessible"
    }
   }
  },
  {
   "type": "Feature",
   "geometry": {
    "type": "Polygon",
    "coordinates": [
     [
      [
       -118.02329929283985,
       34.17219751075643
      ],
      [
       -118.02216909806404,
       34.17389093356865
      ],
      [
       -118.02335388846046,
       34.175509430473966
      ],
      [
       -118.02566888612603,
       34.17543447995508
      ],
      [
       -118.0267990252354,
       34.17374104971087
      ],
      [
       -118.02561422234842,
       34.17212257741735
      ],
      [
       -118.02329929283985,
       34.17219751075643
      ]
     ]
    ]
   },
   "properties": {
    "h3_cell": "8929a1c14c7ffff",
    "tract_geoid": "06037430400",
    "RPL_THEMES": 0.1809,
    "RPL_THEME1": 0.0582,
    "RPL_THEME2": 0.6979,
    "RPL_THEME3": 0.5931,
    "RPL_THEME4": 0.1081,
    "n_structures": 11,
    "n_destroyed": 0,
    "destroyed_rate": 0.0,
    "uncertainty": {
     "svi_vintage": "2022 (pre-fire); tract-level rank attached to a tile is a downscaling approximation",
     "svi_missing": false,
     "n_unassessed": 0,
     "low_n": false,
     "source": "DINS field survey; rates undefined where all points inaccessible"
    }
   }
  },
  {
   "type": "Feature",
   "geometry": {
    "type": "Polygon",
    "coordinates": [
     [
      [
       -118.01985409292573,
       34.17396581144151
      ],
      [
       -118.01872381002481,
       34.17565920339224
      ],
      [
       -118.0199085879195,
       34.177277724906496
      ],
      [
       -118.02222366121961,
       34.17720282986089
      ],
      [
       -118.02335388846046,
       34.175509430473966
      ],
      [
       -118.02216909806404,
       34.17389093356865
      ],
      [
       -118.01985409292573,
       34.17396581144151
      ]
     ]
    ]
   },
   "properties": {
    "h3_cell": "8929a1c14cfffff",
    "tract_geoid": "06037430400",
    "RPL_THEMES": 0.1809,
    "RPL_THEME1": 0.0582,
    "RPL_THEME2": 0.6979,
    "RPL_THEME3": 0.5931,
    "RPL_THEME4": 0.1081,
    "n_structures": 32,
    "n_destroyed": 0,
    "destroyed_rate": 0.0,
    "uncertainty": {
     "svi_vintage": "2022 (pre-fire); tract-level rank attached to a tile is a downscaling approximation",
     "svi_missing": false,
     "n_unassessed": 0,
     "low_n": false,
     "source": "DINS field survey; rates undefined where all points inaccessible"
    }
   }
  },
  {
   "type": "Feature",
   "geometry": {
    "type": "Polygon",
    "coordinates": [
     [
      [
       -118.06585732991437,
       34.223820242745695
      ],
      [
       -118.06472747946154,
       34.22551351949184
      ],
      [
       -118.06591320495895,
       34.22713082588262
      ],
      [
       -118.06822879328189,
       34.227054830930165
      ],
      [
       -118.06935858791621,
       34.225361546831124
      ],
      [
       -118.0681728500489,
       34.223744265037226
      ],
      [
       -118.06585732991437,
       34.223820242745695
      ]
     ]
    ]
   },
   "properties": {
    "h3_cell": "8929a1c1c43ffff",
    "tract_geoid": "06037930400",
    "RPL_THEMES": 0.5737,
    "RPL_THEME1": 0.5002,
    "RPL_THEME2": 0.2688,
    "RPL_THEME3": 0.4527,
    "RPL_THEME4": 0.8606,
    "n_structures": 11,
    "n_destroyed": 2,
    "destroyed_rate": 0.1818,
    "uncertainty": {
     "svi_vintage": "2022 (pre-fire); tract-level rank attached to a tile is a downscaling approximation",
     "svi_missing": false,
     "n_unassessed": 0,
     "low_n": false,
     "source": "DINS field survey; rates undefined where all points inaccessible"
    }
   }
  },
  {
   "type": "Feature",
   "geometry": {
    "type": "Polygon",
    "coordinates": [
     [
      [
       -118.06591320495895,
       34.22713082588262
      ],
      [
       -118.06478332206378,
       34.22882407908186
      ],
      [
       -118.06596908331073,
       34.2304413446804
      ],
      [
       -118.06828473982613,
       34.23036533248488
      ],
      [
       -118.06941456689933,
       34.22867207193407
      ],
      [
       -118.06822879328189,
       34.227054830930165
      ],
      [
       -118.06591320495895,
       34.22713082588262
      ]
     ]
    ]
   },
   "properties": {
    "h3_cell": "8929a1c1c4fffff",
    "tract_geoid": "06037930400",
    "RPL_THEMES": 0.5737,
    "RPL_THEME1": 0.5002,
    "RPL_THEME2": 0.2688,
    "RPL_THEME3": 0.4527,
    "RPL_THEME4": 0.8606,
    "n_structures": 8,
    "n_destroyed": 0,
    "destroyed_rate": 0.0,
    "uncertainty": {
     "svi_vintage": "2022 (pre-fire); tract-level rank attached to a tile is a downscaling approximation",
     "svi_missing": false,
     "n_unassessed": 0,
     "low_n": false,
     "source": "DINS field survey; rates undefined where all points inaccessible"
    }
   }
  },
  {
   "type": "Feature",
   "geometry": {
    "type": "Polygon",
    "coordinates": [
     [
      [
       -118.06235611233919,
       34.22227880054905
      ],
      [
       -118.06122620607762,
       34.2239720699368
      ],
      [
       -118.06241188344721,
       34.22558944170645
      ],
      [
       -118.06472747946154,
       34.22551351949184
      ],
      [
       -118.06585732991437,
       34.223820242745695
      ],
      [
       -118.06467164016436,
       34.22220289557234
      ],
      [
       -118.06235611233919,
       34.22227880054905
      ]
     ]
    ]
   },
   "properties": {
    "h3_cell": "8929a1c1c5bffff",
    "tract_geoid": "06037930400",
    "RPL_THEMES": 0.5737,
    "RPL_THEME1": 0.5002,
    "RPL_THEME2": 0.2688,
    "RPL_THEME3": 0.4527,
    "RPL_THEME4": 0.8606,
    "n_structures": 1,
    "n_destroyed": 0,
    "destroyed_rate": 0.0,
    "uncertainty": {
     "svi_vintage": "2022 (pre-fire); tract-level rank attached to a tile is a downscaling approximation",
     "svi_missing": false,
     "n_unassessed": 0,
     "low_n": true,
     "source": "DINS field survey; rates undefined where all points inaccessible"
    }
   }
  },
  {
   "type": "Feature",
   "geometry": {
    "type": "Polygon",
    "coordinates": [
     [
      [
       -118.07291596924289,
       34.230213179850196
      ],
      [
       -118.0717861980014,
       34.2319064477471
      ],
      [
       -118.072972055486,
       34.23352358254902
      ],
      [
       -118.07528769656422,
       34.23344742485794
      ],
      [
       -118.0764174119641,
       34.23175414962044
      ],
      [
       -118.07523154213011,
       34.230137039414416
      ],
      [
       -118.07291596924289,
       34.230213179850196
      ]
     ]
    ]
   },
   "properties": {
    "h3_cell": "8929a1c1c63ffff",
    "tract_geoid": "06037930400",
    "RPL_THEMES": 0.5737,
    "RPL_THEME1": 0.5002,
    "RPL_THEME2": 0.2688,
    "RPL_THEME3": 0.4527,
    "RPL_THEME4": 0.8606,
    "n_structures": 3,
    "n_destroyed": 0,
    "destroyed_rate": 0.0,
    "uncertainty": {
     "svi_vintage": "2022 (pre-fire); tract-level rank attached to a tile is a downscaling approximation",
     "svi_missing": false,
     "n_unassessed": 0,
     "low_n": false,
     "source": "DINS field survey; rates undefined where all points inaccessible"
    }
   }
  },
  {
   "type": "Feature",
   "geometry": {
    "type": "Polygon",
    "coordinates": [
     [
      [
       -118.06941456689933,
       34.22867207193407
      ],
      [
       -118.06828473982613,
       34.23036533248488
      ],
      [
       -118.06947054919578,
       34.23198253268914
      ],
      [
       -118.0717861980014,
       34.2319064477471
      ],
      [
       -118.07291596924289,
       34.230213179850196
      ],
      [
       -118.07173014751324,
       34.22859600424121
      ],
      [
       -118.06941456689933,
       34.22867207193407
      ]
     ]
    ]
   },
   "properties": {
    "h3_cell": "8929a1c1c7bffff",
    "tract_geoid": "06037930400",
    "RPL_THEMES": 0.5737,
    "RPL_THEME1": 0.5002,
    "RPL_THEME2": 0.2688,
    "RPL_THEME3": 0.4527,
    "RPL_THEME4": 0.8606,
    "n_structures": 1,
    "n_destroyed": 0,
    "destroyed_rate": 0.0,
    "uncertainty": {
     "svi_vintage": "2022 (pre-fire); tract-level rank attached to a tile is a downscaling approximation",
     "svi_missing": false,
     "n_unassessed": 0,
     "low_n": true,
     "source": "DINS field survey; rates undefined where all points inaccessible"
    }
   }
  },
  {
   "type": "Feature",
   "geometry": {
    "type": "Polygon",
    "coordinates": [
     [
      [
       -118.14855706154887,
       34.18464433751265
      ],
      [
       -118.14742929719677,
       34.18633832858659
      ],
      [
       -118.14861535227422,
       34.187955003128394
      ],
      [
       -118.15092918381099,
       34.187877661933214
      ],
      [
       -118.15205689218935,
       34.186183663608496
      ],
      [
       -118.15087082500744,
       34.184567013729556
      ],
      [
       -118.14855706154887,
       34.18464433751265
      ]
     ]
    ]
   },
   "properties": {
    "h3_cell": "8929a1c2a03ffff",
    "tract_geoid": "06037461100",
    "RPL_THEMES": 0.4817,
    "RPL_THEME1": 0.3377,
    "RPL_THEME2": 0.5248,
    "RPL_THEME3": 0.4965,
    "RPL_THEME4": 0.6448,
    "n_structures": 42,
    "n_destroyed": 22,
    "destroyed_rate": 0.5238,
    "uncertainty": {
     "svi_vintage": "2022 (pre-fire); tract-level rank attached to a tile is a downscaling approximation",
     "svi_missing": false,
     "n_unassessed": 0,
     "low_n": false,
     "source": "DINS field survey; rates undefined where all points inaccessible"
    }
   }
  },
  {
   "type": "Feature",
   "geometry": {
    "type": "Polygon",
    "coordinates": [
     [
      [
       -118.15205689218935,
       34.186183663608496
      ],
      [
       -118.15092918381099,
       34.187877661933214
      ],
      [
       -118.15211528675832,
       34.189494271066245
      ],
      [
       -118.15442911018069,
       34.189416857210944
      ],
      [
       -118.15555676257553,
       34.187722851641
      ],
      [
       -118.1543706475343,
       34.1861062671714
      ],
      [
       -118.15205689218935,
       34.186183663608496
      ]
     ]
    ]
   },
   "properties": {
    "h3_cell": "8929a1c2a07ffff",
    "tract_geoid": "06037461000",
    "RPL_THEMES": 0.7329,
    "RPL_THEME1": 0.5631,
    "RPL_THEME2": 0.9323,
    "RPL_THEME3": 0.7561,
    "RPL_THEME4": 0.6179,
    "n_structures": 162,
    "n_destroyed": 71,
    "destroyed_rate": 0.4383,
    "uncertainty": {
     "svi_vintage": "2022 (pre-fire); tract-level rank attached to a tile is a downscaling approximation",
     "svi_missing": false,
     "n_unassessed": 0,
     "low_n": false,
     "source": "DINS field survey; rates undefined where all points inaccessible"
    }
   }
  },
  {
   "type": "Feature",
   "geometry": {
    "type": "Polygon",
    "coordinates": [
     [
      [
       -118.14511545756318,
       34.18641559712416
      ],
      [
       -118.14398760492683,
       34.18810955760837
      ],
      [
       -118.14517364788878,
       34.189726256810204
      ],
      [
       -118.14748755560534,
       34.189648970867594
      ],
      [
       -118.14861535227422,
       34.187955003128394
      ],
      [
       -118.14742929719677,
       34.18633832858659
      ],
      [
       -118.14511545756318,
       34.18641559712416
      ]
     ]
    ]
   },
   "properties": {
    "h3_cell": "8929a1c2a0bffff",
    "tract_geoid": "06037461100",
    "RPL_THEMES": 0.4817,
    "RPL_THEME1": 0.3377,
    "RPL_THEME2": 0.5248,
    "RPL_THEME3": 0.4965,
    "RPL_THEME4": 0.6448,
    "n_structures": 77,
    "n_destroyed": 73,
    "destroyed_rate": 0.9481,
    "uncertainty": {
     "svi_vintage": "2022 (pre-fire); tract-level rank attached to a tile is a downscaling approximation",
     "svi_missing": false,
     "n_unassessed": 0,
     "low_n": false,
     "source": "DINS field survey; rates undefined where all points inaccessible"
    }
   }
  },
  {
   "type": "Feature",
   "geometry": {
    "type": "Polygon",
    "coordinates": [
     [
      [
       -118.14861535227422,
       34.187955003128394
      ],
      [
       -118.14748755560534,
       34.189648970867594
      ],
      [
       -118.14867364644772,
       34.19126560466124
      ],
      [
       -118.15098754606667,
       34.19118824605491
      ],
      [
       -118.15211528675832,
       34.189494271066245
      ],
      [
       -118.15092918381099,
       34.187877661933214
      ],
      [
       -118.14861535227422,
       34.187955003128394
      ]
     ]
    ]
   },
   "properties": {
    "h3_cell": "8929a1c2a0fffff",
    "tract_geoid": "06037460302",
    "RPL_THEMES": 0.5553,
    "RPL_THEME1": 0.6532,
    "RPL_THEME2": 0.5893,
    "RPL_THEME3": 0.6003,
    "RPL_THEME4": 0.2972,
    "n_structures": 188,
    "n_destroyed": 163,
    "destroyed_rate": 0.867,
    "uncertainty": {
     "svi_vintage": "2022 (pre-fire); tract-level rank attached to a tile is a downscaling approximation",
     "svi_missing": false,
     "n_unassessed": 0,
     "low_n": false,
     "source": "DINS field survey; rates undefined where all points inaccessible"
    }
   }
  },
  {
   "type": "Feature",
   "geometry": {
    "type": "Polygon",
    "coordinates": [
     [
      [
       -118.14849877427137,
       34.181333607834276
      ],
      [
       -118.14737104223417,
       34.18302762223235
      ],
      [
       -118.14855706154887,
       34.18464433751265
      ],
      [
       -118.15087082500744,
       34.184567013729556
      ],
      [
       -118.15199850107437,
       34.18287299207939
      ],
      [
       -118.15081246965575,
       34.1812563014642
      ],
      [
       -118.14849877427137,
       34.181333607834276
      ]
     ]
    ]
   },
   "properties": {
    "h3_cell": "8929a1c2a13ffff",
    "tract_geoid": "06037461100",
    "RPL_THEMES": 0.4817,
    "RPL_THEME1": 0.3377,
    "RPL_THEME2": 0.5248,
    "RPL_THEME3": 0.4965,
    "RPL_THEME4": 0.6448,
    "n_structures": 19,
    "n_destroyed": 0,
    "destroyed_rate": 0.0,
    "uncertainty": {
     "svi_vintage": "2022 (pre-fire); tract-level rank attached to a tile is a downscaling approximation",
     "svi_missing": false,
     "n_unassessed": 0,
     "low_n": false,
     "source": "DINS field survey; rates undefined where all points inaccessible"
    }
   }
  },
  {
   "type": "Feature",
   "geometry": {
    "type": "Polygon",
    "coordinates": [
     [
      [
       -118.15199850107437,
       34.18287299207939
      ],
      [
       -118.15087082500744,
       34.184567013729556
      ],
      [
       -118.15205689218935,
       34.186183663608496
      ],
      [
       -118.1543706475343,
       34.1861062671714
      ],
      [
       -118.15549826762114,
       34.18441223827467
      ],
      [
       -118.15431218834588,
       34.18279561306142
      ],
      [
       -118.15199850107437,
       34.18287299207939
      ]
     ]
    ]
   },
   "properties": {
    "h3_cell": "8929a1c2a17ffff",
    "tract_geoid": "06037461000",
    "RPL_THEMES": 0.7329,
    "RPL_THEME1": 0.5631,
    "RPL_THEME2": 0.9323,
    "RPL_THEME3": 0.7561,
    "RPL_THEME4": 0.6179,
    "n_structures": 188,
    "n_destroyed": 76,
    "destroyed_rate": 0.4043,
    "uncertainty": {
     "svi_vintage": "2022 (pre-fire); tract-level rank attached to a tile is a downscaling approximation",
     "svi_missing": false,
     "n_unassessed": 0,
     "low_n": false,
     "source": "DINS field survey; rates undefined where all points inaccessible"
    }
   }
  },
  {
   "type": "Feature",
   "geometry": {
    "type": "Polygon",
    "coordinates": [
     [
      [
       -118.15561526099005,
       34.191033400927225
      ],
      [
       -118.1544875762854,
       34.192727383159806
      ],
      [
       -118.15567376286506,
       34.1943438861131
      ],
      [
       -118.15798764623605,
       34.19426638217182
      ],
      [
       -118.15911527494396,
       34.19257239270081
      ],
      [
       -118.1579290762804,
       34.190955914409315
      ],
      [
       -118.15561526099005,
       34.191033400927225
      ]
     ]
    ]
   },
   "properties": {
    "h3_cell": "8929a1c2a23ffff",
    "tract_geoid": "06037460302",
    "RPL_THEMES": 0.5553,
    "RPL_THEME1": 0.6532,
    "RPL_THEME2": 0.5893,
    "RPL_THEME3": 0.6003,
    "RPL_THEME4": 0.2972,
    "n_structures": 216,
    "n_destroyed": 170,
    "destroyed_rate": 0.787,
    "uncertainty": {
     "svi_vintage": "2022 (pre-fire); tract-level rank attached to a tile is a downscaling approximation",
     "svi_missing": false,
     "n_unassessed": 0,
     "low_n": false,
     "source": "DINS field survey; rates undefined where all points inaccessible"
    }
   }
  },
  {
   "type": "Feature",
   "geometry": {
    "type": "Polygon",
    "coordinates": [
     [
      [
       -118.15911527494396,
       34.19257239270081
      ],
      [
       -118.15798764623605,
       34.19426638217182
      ],
      [
       -118.15917388067258,
       34.195882819692926
      ],
      [
       -118.16148775589318,
       34.19580524308044
      ],
      [
       -118.1626153285946,
       34.19411124637652
      ],
      [
       -118.16142908208468,
       34.1924948335178
      ],
      [
       -118.15911527494396,
       34.19257239270081
      ]
     ]
    ]
   },
   "properties": {
    "h3_cell": "8929a1c2a27ffff",
    "tract_geoid": "06037460302",
    "RPL_THEMES": 0.5553,
    "RPL_THEME1": 0.6532,
    "RPL_THEME2": 0.5893,
    "RPL_THEME3": 0.6003,
    "RPL_THEME4": 0.2972,
    "n_structures": 121,
    "n_destroyed": 11,
    "destroyed_rate": 0.0924,
    "uncertainty": {
     "svi_vintage": "2022 (pre-fire); tract-level rank attached to a tile is a downscaling approximation",
     "svi_missing": false,
     "n_unassessed": 2,
     "low_n": false,
     "source": "DINS field survey; rates undefined where all points inaccessible"
    }
   }
  },
  {
   "type": "Feature",
   "geometry": {
    "type": "Polygon",
    "coordinates": [
     [
      [
       -118.15217368478162,
       34.19280481443239
      ],
      [
       -118.15104591177482,
       34.194498766074375
      ],
      [
       -118.15223208625949,
       34.19611529368664
      ],
      [
       -118.15454604584873,
       34.19603784499774
      ],
      [
       -118.15567376286506,
       34.1943438861131
      ],
      [
       -118.1544875762854,
       34.192727383159806
      ],
      [
       -118.15217368478162,
       34.19280481443239
      ]
     ]
    ]
   },
   "properties": {
    "h3_cell": "8929a1c2a2bffff",
    "tract_geoid": "06037460302",
    "RPL_THEMES": 0.5553,
    "RPL_THEME1": 0.6532,
    "RPL_THEME2": 0.5893,
    "RPL_THEME3": 0.6003,
    "RPL_THEME4": 0.2972,
    "n_structures": 255,
    "n_destroyed": 153,
    "destroyed_rate": 0.6,
    "uncertainty": {
     "svi_vintage": "2022 (pre-fire); tract-level rank attached to a tile is a downscaling approximation",
     "svi_missing": false,
     "n_unassessed": 0,
     "low_n": false,
     "source": "DINS field survey; rates undefined where all points inaccessible"
    }
   }
  },
  {
   "type": "Feature",
   "geometry": {
    "type": "Polygon",
    "coordinates": [
     [
      [
       -118.15567376286506,
       34.1943438861131
      ],
      [
       -118.15454604584873,
       34.19603784499774
      ],
      [
       -118.15573226820084,
       34.197654307178375
      ],
      [
       -118.15804621965644,
       34.19757678581467
      ],
      [
       -118.15917388067258,
       34.195882819692926
      ],
      [
       -118.15798764623605,
       34.19426638217182
      ],
      [
       -118.15567376286506,
       34.1943438861131
      ]
     ]
    ]
   },
   "properties": {
    "h3_cell": "8929a1c2a2fffff",
    "tract_geoid": "06037460302",
    "RPL_THEMES": 0.5553,
    "RPL_THEME1": 0.6532,
    "RPL_THEME2": 0.5893,
    "RPL_THEME3": 0.6003,
    "RPL_THEME4": 0.2972,
    "n_structures": 219,
    "n_destroyed": 156,
    "destroyed_rate": 0.7123,
    "uncertainty": {
     "svi_vintage": "2022 (pre-fire); tract-level rank attached to a tile is a downscaling approximation",
     "svi_missing": false,
     "n_unassessed": 0,
     "low_n": false,
     "source": "DINS field survey; rates undefined where all points inaccessible"
    }
   }
  },
  {
   "type": "Feature",
   "geometry": {
    "type": "Polygon",
    "coordinates": [
     [
      [
       -118.15555676257553,
       34.187722851641
      ],
      [
       -118.15442911018069,
       34.189416857210944
      ],
      [
       -118.15561526099005,
       34.191033400927225
      ],
      [
       -118.1579290762804,
       34.190955914409315
      ],
      [
       -118.15905667268196,
       34.18926190159962
      ],
      [
       -118.1578705097892,
       34.18764538254739
      ],
      [
       -118.15555676257553,
       34.187722851641
      ]
     ]
    ]
   },
   "properties": {
    "h3_cell": "8929a1c2a33ffff",
    "tract_geoid": "06037461000",
    "RPL_THEMES": 0.7329,
    "RPL_THEME1": 0.5631,
    "RPL_THEME2": 0.9323,
    "RPL_THEME3": 0.7561,
    "RPL_THEME4": 0.6179,
    "n_structures": 216,
    "n_destroyed": 178,
    "destroyed_rate": 0.8241,
    "uncertainty": {
     "svi_vintage": "2022 (pre-fire); tract-level rank attached to a tile is a downscaling approximation",
     "svi_missing": false,
     "n_unassessed": 0,
     "low_n": false,
     "source": "DINS field survey; rates undefined where all points inaccessible"
    }
   }
  },
  {
   "type": "Feature",
   "geometry": {
    "type": "Polygon",
    "coordinates": [
     [
      [
       -118.15905667268196,
       34.18926190159962
      ],
      [
       -118.1579290762804,
       34.190955914409315
      ],
      [
       -118.15911527494396,
       34.19257239270081
      ],
      [
       -118.16142908208468,
       34.1924948335178
      ],
      [
       -118.16255662248318,
       34.1908008134739
      ],
      [
       -118.1613704117468,
       34.18918435984703
      ],
      [
       -118.15905667268196,
       34.18926190159962
      ]
     ]
    ]
   },
   "properties": {
    "h3_cell": "8929a1c2a37ffff",
    "tract_geoid": "06037461000",
    "RPL_THEMES": 0.7329,
    "RPL_THEME1": 0.5631,
    "RPL_THEME2": 0.9323,
    "RPL_THEME3": 0.7561,
    "RPL_THEME4": 0.6179,
    "n_structures": 116,
    "n_destroyed": 9,
    "destroyed_rate": 0.0783,
    "uncertainty": {
     "svi_vintage": "2022 (pre-fire); tract-level rank attached to a tile is a downscaling approximation",
     "svi_missing": false,
     "n_unassessed": 1,
     "low_n": false,
     "source": "DINS field survey; rates undefined where all points inaccessible"
    }
   }
  },
  {
   "type": "Feature",
   "geometry": {
    "type": "Polygon",
    "coordinates": [
     [
      [
       -118.15211528675832,
       34.189494271066245
      ],
      [
       -118.15098754606667,
       34.19118824605491
      ],
      [
       -118.15217368478162,
       34.19280481443239
      ],
      [
       -118.1544875762854,
       34.192727383159806
      ],
      [
       -118.15561526099005,
       34.191033400927225
      ],
      [
       -118.15442911018069,
       34.189416857210944
      ],
      [
       -118.15211528675832,
       34.189494271066245
      ]
     ]
    ]
   },
   "properties": {
    "h3_cell": "8929a1c2a3bffff",
    "tract_geoid": "06037460302",
    "RPL_THEMES": 0.5553,
    "RPL_THEME1": 0.6532,
    "RPL_THEME2": 0.5893,
    "RPL_THEME3": 0.6003,
    "RPL_THEME4": 0.2972,
    "n_structures": 274,
    "n_destroyed": 224,
    "destroyed_rate": 0.8175,
    "uncertainty": {
     "svi_vintage": "2022 (pre-fire); tract-level rank attached to a tile is a downscaling approximation",
     "svi_missing": false,
     "n_unassessed": 0,
     "low_n": false,
     "source": "DINS field survey; rates undefined where all points inaccessible"
    }
   }
  },
  {
   "type": "Feature",
   "geometry": {
    "type": "Polygon",
    "coordinates": [
     [
      [
       -118.13817377019765,
       34.1866471469104
      ],
      [
       -118.13704577332673,
       34.18834106952675
      ],
      [
       -118.13823175626332,
       34.18995785878534
      ],
      [
       -118.14054574821073,
       34.1898807007708
      ],
      [
       -118.1416736891303,
       34.18818677088975
      ],
      [
       -118.14048769405659,
       34.186570006287766
      ],
      [
       -118.13817377019765,
       34.1866471469104
      ]
     ]
    ]
   },
   "properties": {
    "h3_cell": "8929a1c2a43ffff",
    "tract_geoid": "06037461100",
    "RPL_THEMES": 0.4817,
    "RPL_THEME1": 0.3377,
    "RPL_THEME2": 0.5248,
    "RPL_THEME3": 0.4965,
    "RPL_THEME4": 0.6448,
    "n_structures": 109,
    "n_destroyed": 43,
    "destroyed_rate": 0.3945,
    "uncertainty": {
     "svi_vintage": "2022 (pre-fire); tract-level rank attached to a tile is a downscaling approximation",
     "svi_missing": false,
     "n_unassessed": 0,
     "low_n": false,
     "source": "DINS field survey; rates undefined where all points inaccessible"
    }
   }
  },
  {
   "type": "Feature",
   "geometry": {
    "type": "Polygon",
    "coordinates": [
     [
      [
       -118.1416736891303,
       34.18818677088975
      ],
      [
       -118.14054574821073,
       34.1898807007708
      ],
      [
       -118.14173177904611,
       34.19149742462982
      ],
      [
       -118.14404576293039,
       34.191420193950414
      ],
      [
       -118.14517364788878,
       34.189726256810204
      ],
      [
       -118.14398760492683,
       34.18810955760837
      ],
      [
       -118.1416736891303,
       34.18818677088975
      ]
     ]
    ]
   },
   "properties": {
    "h3_cell": "8929a1c2a47ffff",
    "tract_geoid": "06037461100",
    "RPL_THEMES": 0.4817,
    "RPL_THEME1": 0.3377,
    "RPL_THEME2": 0.5248,
    "RPL_THEME3": 0.4965,
    "RPL_THEME4": 0.6448,
    "n_structures": 121,
    "n_destroyed": 107,
    "destroyed_rate": 0.8843,
    "uncertainty": {
     "svi_vintage": "2022 (pre-fire); tract-level rank attached to a tile is a downscaling approximation",
     "svi_missing": false,
     "n_unassessed": 0,
     "low_n": false,
     "source": "DINS field survey; rates undefined where all points inaccessible"
    }
   }
  },
  {
   "type": "Feature",
   "geometry": {
    "type": "Polygon",
    "coordinates": [
     [
      [
       -118.13473177333374,
       34.188418154878946
      ],
      [
       -118.13360368818687,
       34.19011204687441
      ],
      [
       -118.1347896589753,
       34.19172886078675
      ],
      [
       -118.13710372706151,
       34.191651758049694
      ],
      [
       -118.13823175626332,
       34.18995785878534
      ],
      [
       -118.13704577332673,
       34.18834106952675
      ],
      [
       -118.13473177333374,
       34.188418154878946
      ]
     ]
    ]
   },
   "properties": {
    "h3_cell": "8929a1c2a4bffff",
    "tract_geoid": "06037460200",
    "RPL_THEMES": 0.4498,
    "RPL_THEME1": 0.3732,
    "RPL_THEME2": 0.6798,
    "RPL_THEME3": 0.5579,
    "RPL_THEME4": 0.3451,
    "n_structures": 100,
    "n_destroyed": 50,
    "destroyed_rate": 0.5,
    "uncertainty": {
     "svi_vintage": "2022 (pre-fire); tract-level rank attached to a tile is a downscaling approximation",
     "svi_missing": false,
     "n_unassessed": 0,
     "low_n": false,
     "source": "DINS field survey; rates undefined where all points inaccessible"
    }
   }
  },
  {
   "type": "Feature",
   "geometry": {
    "type": "Polygon",
    "coordinates": [
     [
      [
       -118.13823175626332,
       34.18995785878534
      ],
      [
       -118.13710372706151,
       34.191651758049694
      ],
      [
       -118.13828974575927,
       34.19326850656306
      ],
      [
       -118.14060380579917,
       34.193191331157536
      ],
      [
       -118.14173177904611,
       34.19149742462982
      ],
      [
       -118.14054574821073,
       34.1898807007708
      ],
      [
       -118.13823175626332,
       34.18995785878534
      ]
     ]
    ]
   },
   "properties": {
    "h3_cell": "8929a1c2a4fffff",
    "tract_geoid": "06037460200",
    "RPL_THEMES": 0.4498,
    "RPL_THEME1": 0.3732,
    "RPL_THEME2": 0.6798,
    "RPL_THEME3": 0.5579,
    "RPL_THEME4": 0.3451,
    "n_structures": 129,
    "n_destroyed": 122,
    "destroyed_rate": 0.9457,
    "uncertainty": {
     "svi_vintage": "2022 (pre-fire); tract-level rank attached to a tile is a downscaling approximation",
     "svi_missing": false,
     "n_unassessed": 0,
     "low_n": false,
     "source": "DINS field survey; rates undefined where all points inaccessible"
    }
   }
  },
  {
   "type": "Feature",
   "geometry": {
    "type": "Polygon",
    "coordinates": [
     [
      [
       -118.13811578756201,
       34.18333637095851
      ],
      [
       -118.13698782302005,
       34.18503031691626
      ],
      [
       -118.13817377019765,
       34.1866471469104
      ],
      [
       -118.14048769405659,
       34.186570006287766
      ],
      [
       -118.14161560265062,
       34.18487605306402
      ],
      [
       -118.14042964333645,
       34.1832592477287
      ],
      [
       -118.13811578756201,
       34.18333637095851
      ]
     ]
    ]
   },
   "properties": {
    "h3_cell": "8929a1c2a53ffff",
    "tract_geoid": "06037461100",
    "RPL_THEMES": 0.4817,
    "RPL_THEME1": 0.3377,
    "RPL_THEME2": 0.5248,
    "RPL_THEME3": 0.4965,
    "RPL_THEME4": 0.6448,
    "n_structures": 86,
    "n_destroyed": 17,
    "destroyed_rate": 0.1977,
    "uncertainty": {
     "svi_vintage": "2022 (pre-fire); tract-level rank attached to a tile is a downscaling approximation",
     "svi_missing": false,
     "n_unassessed": 0,
     "low_n": false,
     "source": "DINS field survey; rates undefined where all points inaccessible"
    }
   }
  },
  {
   "type": "Feature",
   "geometry": {
    "type": "Polygon",
    "coordinates": [
     [
      [
       -118.14161560265062,
       34.18487605306402
      ],
      [
       -118.14048769405659,
       34.186570006287766
      ],
      [
       -118.1416736891303,
       34.18818677088975
      ],
      [
       -118.14398760492683,
       34.18810955760837
      ],
      [
       -118.14511545756318,
       34.18641559712416
      ],
      [
       -118.14392945036343,
       34.18479885718158
      ],
      [
       -118.14161560265062,
       34.18487605306402
      ]
     ]
    ]
   },
   "properties": {
    "h3_cell": "8929a1c2a57ffff",
    "tract_geoid": "06037461100",
    "RPL_THEMES": 0.4817,
    "RPL_THEME1": 0.3377,
    "RPL_THEME2": 0.5248,
    "RPL_THEME3": 0.4965,
    "RPL_THEME4": 0.6448,
    "n_structures": 127,
    "n_destroyed": 32,
    "destroyed_rate": 0.252,
    "uncertainty": {
     "svi_vintage": "2022 (pre-fire); tract-level rank attached to a tile is a downscaling approximation",
     "svi_missing": false,
     "n_unassessed": 0,
     "low_n": false,
     "source": "DINS field survey; rates undefined where all points inaccessible"
    }
   }
  },
  {
   "type": "Feature",
   "geometry": {
    "type": "Polygon",
    "coordinates": [
     [
      [
       -118.13467389111635,
       34.18510738488266
      ],
      [
       -118.13354583830376,
       34.1868013002288
      ],
      [
       -118.13473177333374,
       34.188418154878946
      ],
      [
       -118.13704577332673,
       34.18834106952675
      ],
      [
       -118.13817377019765,
       34.1866471469104
      ],
      [
       -118.13698782302005,
       34.18503031691626
      ],
      [
       -118.13467389111635,
       34.18510738488266
      ]
     ]
    ]
   },
   "properties": {
    "h3_cell": "8929a1c2a5bffff",
    "tract_geoid": "06037461100",
    "RPL_THEMES": 0.4817,
    "RPL_THEME1": 0.3377,
    "RPL_THEME2": 0.5248,
    "RPL_THEME3": 0.4965,
    "RPL_THEME4": 0.6448,
    "n_structures": 187,
    "n_destroyed": 50,
    "destroyed_rate": 0.2674,
    "uncertainty": {
     "svi_vintage": "2022 (pre-fire); tract-level rank attached to a tile is a downscaling approximation",
     "svi_missing": false,
     "n_unassessed": 0,
     "low_n": false,
     "source": "DINS field survey; rates undefined where all points inaccessible"
    }
   }
  },
  {
   "type": "Feature",
   "geometry": {
    "type": "Polygon",
    "coordinates": [
     [
      [
       -118.14523184165672,
       34.19303685240185
      ],
      [
       -118.14410392437439,
       34.19473076618744
      ],
      [
       -118.14529003886724,
       34.19634738387883
      ],
      [
       -118.14760408276175,
       34.1962700631289
      ],
      [
       -118.14873194406967,
       34.194576142090966
      ],
      [
       -118.14754581746026,
       34.19295954905512
      ],
      [
       -118.14523184165672,
       34.19303685240185
      ]
     ]
    ]
   },
   "properties": {
    "h3_cell": "8929a1c2a63ffff",
    "tract_geoid": "06037460200",
    "RPL_THEMES": 0.4498,
    "RPL_THEME1": 0.3732,
    "RPL_THEME2": 0.6798,
    "RPL_THEME3": 0.5579,
    "RPL_THEME4": 0.3451,
    "n_structures": 204,
    "n_destroyed": 182,
    "destroyed_rate": 0.8922,
    "uncertainty": {
     "svi_vintage": "2022 (pre-fire); tract-level rank attached to a tile is a downscaling approximation",
     "svi_missing": false,
     "n_unassessed": 0,
     "low_n": false,
     "source": "DINS field survey; rates undefined where all points inaccessible"
    }
   }
  },
  {
   "type": "Feature",
   "geometry": {
    "type": "Polygon",
    "coordinates": [
     [
      [
       -118.14873194406967,
       34.194576142090966
      ],
      [
       -118.14760408276175,
       34.1962700631289
      ],
      [
       -118.14879024514036,
       34.197886615397294
      ],
      [
       -118.15110428093574,
       34.197809221971404
      ],
      [
       -118.15223208625949,
       34.19611529368664
      ],
      [
       -118.15104591177482,
       34.194498766074375
      ],
      [
       -118.14873194406967,
       34.194576142090966
      ]
     ]
    ]
   },
   "properties": {
    "h3_cell": "8929a1c2a67ffff",
    "tract_geoid": "06037460301",
    "RPL_THEMES": 0.3106,
    "RPL_THEME1": 0.1741,
    "RPL_THEME2": 0.308,
    "RPL_THEME3": 0.4965,
    "RPL_THEME4": 0.5297,
    "n_structures": 198,
    "n_destroyed": 127,
    "destroyed_rate": 0.6414,
    "uncertainty": {
     "svi_vintage": "2022 (pre-fire); tract-level rank attached to a tile is a downscaling approximation",
     "svi_missing": false,
     "n_unassessed": 0,
     "low_n": false,
     "source": "DINS field survey; rates undefined where all points inaccessible"
    }
   }
  },
  {
   "type": "Feature",
   "geometry": {
    "type": "Polygon",
    "coordinates": [
     [
      [
       -118.14178987239839,
       34.19480801426392
      ],
      [
       -118.14066186682224,
       34.196501897427744
      ],
      [
       -118.14184796918744,
       34.19811853977183
      ],
      [
       -118.14416208925917,
       34.198041274299214
      ],
      [
       -118.14529003886724,
       34.19634738387883
      ],
      [
       -118.14410392437439,
       34.19473076618744
      ],
      [
       -118.14178987239839,
       34.19480801426392
      ]
     ]
    ]
   },
   "properties": {
    "h3_cell": "8929a1c2a6bffff",
    "tract_geoid": "06037460200",
    "RPL_THEMES": 0.4498,
    "RPL_THEME1": 0.3732,
    "RPL_THEME2": 0.6798,
    "RPL_THEME3": 0.5579,
    "RPL_THEME4": 0.3451,
    "n_structures": 177,
    "n_destroyed": 162,
    "destroyed_rate": 0.9153,
    "uncertainty": {
     "svi_vintage": "2022 (pre-fire); tract-level rank attached to a tile is a downscaling approximation",
     "svi_missing": false,
     "n_unassessed": 0,
     "low_n": false,
     "source": "DINS field survey; rates undefined where all points inaccessible"
    }
   }
  },
  {
   "type": "Feature",
   "geometry": {
    "type": "Polygon",
    "coordinates": [
     [
      [
       -118.14529003886724,
       34.19634738387883
      ],
      [
       -118.14416208925917,
       34.198041274299214
      ],
      [
       -118.14534823952069,
       34.199657851220884
      ],
      [
       -118.14766235151014,
       34.199580513068696
      ],
      [
       -118.14879024514036,
       34.197886615397294
      ],
      [
       -118.14760408276175,
       34.1962700631289
      ],
      [
       -118.14529003886724,
       34.19634738387883
      ]
     ]
    ]
   },
   "properties": {
    "h3_cell": "8929a1c2a6fffff",
    "tract_geoid": "06037460301",
    "RPL_THEMES": 0.3106,
    "RPL_THEME1": 0.1741,
    "RPL_THEME2": 0.308,
    "RPL_THEME3": 0.4965,
    "RPL_THEME4": 0.5297,
    "n_structures": 180,
    "n_destroyed": 170,
    "destroyed_rate": 0.9444,
    "uncertainty": {
     "svi_vintage": "2022 (pre-fire); tract-level rank attached to a tile is a downscaling approximation",
     "svi_missing": false,
     "n_unassessed": 0,
     "low_n": false,
     "source": "DINS field survey; rates undefined where all points inaccessible"
    }
   }
  },
  {
   "type": "Feature",
   "geometry": {
    "type": "Polygon",
    "coordinates": [
     [
      [
       -118.14517364788878,
       34.189726256810204
      ],
      [
       -118.14404576293039,
       34.191420193950414
      ],
      [
       -118.14523184165672,
       34.19303685240185
      ],
      [
       -118.14754581746026,
       34.19295954905512
      ],
      [
       -118.14867364644772,
       34.19126560466124
      ],
      [
       -118.14748755560534,
       34.189648970867594
      ],
      [
       -118.14517364788878,
       34.189726256810204
      ]
     ]
    ]
   },
   "properties": {
    "h3_cell": "8929a1c2a73ffff",
    "tract_geoid": "06037461100",
    "RPL_THEMES": 0.4817,
    "RPL_THEME1": 0.3377,
    "RPL_THEME2": 0.5248,
    "RPL_THEME3": 0.4965,
    "RPL_THEME4": 0.6448,
    "n_structures": 212,
    "n_destroyed": 193,
    "destroyed_rate": 0.9104,
    "uncertainty": {
     "svi_vintage": "2022 (pre-fire); tract-level rank attached to a tile is a downscaling approximation",
     "svi_missing": false,
     "n_unassessed": 0,
     "low_n": false,
     "source": "DINS field survey; rates undefined where all points inaccessible"
    }
   }
  },
  {
   "type": "Feature",
   "geometry": {
    "type": "Polygon",
    "coordinates": [
     [
      [
       -118.14867364644772,
       34.19126560466124
      ],
      [
       -118.14754581746026,
       34.19295954905512
      ],
      [
       -118.14873194406967,
       34.194576142090966
      ],
      [
       -118.15104591177482,
       34.194498766074375
      ],
      [
       -118.15217368478162,
       34.19280481443239
      ],
      [
       -118.15098754606667,
       34.19118824605491
      ],
      [
       -118.14867364644772,
       34.19126560466124
      ]
     ]
    ]
   },
   "properties": {
    "h3_cell": "8929a1c2a77ffff",
    "tract_geoid": "06037460302",
    "RPL_THEMES": 0.5553,
    "RPL_THEME1": 0.6532,
    "RPL_THEME2": 0.5893,
    "RPL_THEME3": 0.6003,
    "RPL_THEME4": 0.2972,
    "n_structures": 279,
    "n_destroyed": 268,
    "destroyed_rate": 0.9606,
    "uncertainty": {
     "svi_vintage": "2022 (pre-fire); tract-level rank attached to a tile is a downscaling approximation",
     "svi_missing": false,
     "n_unassessed": 0,
     "low_n": false,
     "source": "DINS field survey; rates undefined where all points inaccessible"
    }
   }
  },
  {
   "type": "Feature",
   "geometry": {
    "type": "Polygon",
    "coordinates": [
     [
      [
       -118.14173177904611,
       34.19149742462982
      ],
      [
       -118.14060380579917,
       34.193191331157536
      ],
      [
       -118.14178987239839,
       34.19480801426392
      ],
      [
       -118.14410392437439,
       34.19473076618744
      ],
      [
       -118.14523184165672,
       34.19303685240185
      ],
      [
       -118.14404576293039,
       34.191420193950414
      ],
      [
       -118.14173177904611,
       34.19149742462982
      ]
     ]
    ]
   },
   "properties": {
    "h3_cell": "8929a1c2a7bffff",
    "tract_geoid": "06037460200",
    "RPL_THEMES": 0.4498,
    "RPL_THEME1": 0.3732,
    "RPL_THEME2": 0.6798,
    "RPL_THEME3": 0.5579,
    "RPL_THEME4": 0.3451,
    "n_structures": 152,
    "n_destroyed": 139,
    "destroyed_rate": 0.9145,
    "uncertainty": {
     "svi_vintage": "2022 (pre-fire); tract-level rank attached to a tile is a downscaling approximation",
     "svi_missing": false,
     "n_unassessed": 0,
     "low_n": false,
     "source": "DINS field survey; rates undefined where all points inaccessible"
    }
   }
  },
  {
   "type": "Feature",
   "geometry": {
    "type": "Polygon",
    "coordinates": [
     [
      [
       -118.15538128809162,
       34.177790819382786
      ],
      [
       -118.15425373261517,
       34.17948489490128
      ],
      [
       -118.15543977612663,
       34.18110156084851
      ],
      [
       -118.157753387199,
       34.181024126606324
      ],
      [
       -118.15888088669254,
       34.179330043844175
      ],
      [
       -118.15769483109936,
       34.17771340256769
      ],
      [
       -118.15538128809162,
       34.177790819382786
      ]
     ]
    ]
   },
   "properties": {
    "h3_cell": "8929a1c2a87ffff",
    "tract_geoid": "06037460900",
    "RPL_THEMES": 0.6108,
    "RPL_THEME1": 0.5735,
    "RPL_THEME2": 0.6394,
    "RPL_THEME3": 0.6464,
    "RPL_THEME4": 0.543,
    "n_structures": 87,
    "n_destroyed": 0,
    "destroyed_rate": 0.0,
    "uncertainty": {
     "svi_vintage": "2022 (pre-fire); tract-level rank attached to a tile is a downscaling approximation",
     "svi_missing": false,
     "n_unassessed": 0,
     "low_n": false,
     "source": "DINS field survey; rates undefined where all points inaccessible"
    }
   }
  },
  {
   "type": "Feature",
   "geometry": {
    "type": "Polygon",
    "coordinates": [
     [
      [
       -118.15194011341308,
       34.17956225649918
      ],
      [
       -118.15081246965575,
       34.1812563014642
      ],
      [
       -118.15199850107437,
       34.18287299207939
      ],
      [
       -118.15431218834588,
       34.18279561306142
      ],
      [
       -118.15543977612663,
       34.18110156084851
      ],
      [
       -118.15425373261517,
       34.17948489490128
      ],
      [
       -118.15194011341308,
       34.17956225649918
      ]
     ]
    ]
   },
   "properties": {
    "h3_cell": "8929a1c2a8fffff",
    "tract_geoid": "06037460900",
    "RPL_THEMES": 0.6108,
    "RPL_THEME1": 0.5735,
    "RPL_THEME2": 0.6394,
    "RPL_THEME3": 0.6464,
    "RPL_THEME4": 0.543,
    "n_structures": 112,
    "n_destroyed": 3,
    "destroyed_rate": 0.0268,
    "uncertainty": {
     "svi_vintage": "2022 (pre-fire); tract-level rank attached to a tile is a downscaling approximation",
     "svi_missing": false,
     "n_unassessed": 0,
     "low_n": false,
     "source": "DINS field survey; rates undefined where all points inaccessible"
    }
   }
  },
  {
   "type": "Feature",
   "geometry": {
    "type": "Polygon",
    "coordinates": [
     [
      [
       -118.15893947855658,
       34.182640727151046
      ],
      [
       -118.15781194676218,
       34.18433478660631
      ],
      [
       -118.15899807388625,
       34.18595134640962
      ],
      [
       -118.16131174487921,
       34.18587382208837
      ],
      [
       -118.1624392206775,
       34.184179755396265
      ],
      [
       -118.16125308148166,
       34.18256322026207
      ],
      [
       -118.15893947855658,
       34.182640727151046
      ]
     ]
    ]
   },
   "properties": {
    "h3_cell": "8929a1c2aa3ffff",
    "tract_geoid": "06037461000",
    "RPL_THEMES": 0.7329,
    "RPL_THEME1": 0.5631,
    "RPL_THEME2": 0.9323,
    "RPL_THEME3": 0.7561,
    "RPL_THEME4": 0.6179,
    "n_structures": 28,
    "n_destroyed": 11,
    "destroyed_rate": 0.3929,
    "uncertainty": {
     "svi_vintage": "2022 (pre-fire); tract-level rank attached to a tile is a downscaling approximation",
     "svi_missing": false,
     "n_unassessed": 0,
     "low_n": false,
     "source": "DINS field survey; rates undefined where all points inaccessible"
    }
   }
  },
  {
   "type": "Feature",
   "geometry": {
    "type": "Polygon",
    "coordinates": [
     [
      [
       -118.15549826762114,
       34.18441223827467
      ],
      [
       -118.1543706475343,
       34.1861062671714
      ],
      [
       -118.15555676257553,
       34.187722851641
      ],
      [
       -118.1578705097892,
       34.18764538254739
      ],
      [
       -118.15899807388625,
       34.18595134640962
      ],
      [
       -118.15781194676218,
       34.18433478660631
      ],
      [
       -118.15549826762114,
       34.18441223827467
      ]
     ]
    ]
   },
   "properties": {
    "h3_cell": "8929a1c2aabffff",
    "tract_geoid": "06037461000",
    "RPL_THEMES": 0.7329,
    "RPL_THEME1": 0.5631,
    "RPL_THEME2": 0.9323,
    "RPL_THEME3": 0.7561,
    "RPL_THEME4": 0.6179,
    "n_structures": 208,
    "n_destroyed": 45,
    "destroyed_rate": 0.2163,
    "uncertainty": {
     "svi_vintage": "2022 (pre-fire); tract-level rank attached to a tile is a downscaling approximation",
     "svi_missing": false,
     "n_unassessed": 0,
     "low_n": false,
     "source": "DINS field survey; rates undefined where all points inaccessible"
    }
   }
  },
  {
   "type": "Feature",
   "geometry": {
    "type": "Polygon",
    "coordinates": [
     [
      [
       -118.15899807388625,
       34.18595134640962
      ],
      [
       -118.1578705097892,
       34.18764538254739
      ],
      [
       -118.15905667268196,
       34.18926190159962
      ],
      [
       -118.1613704117468,
       34.18918435984703
      ],
      [
       -118.16249791984428,
       34.18749031647373
      ],
      [
       -118.16131174487921,
       34.18587382208837
      ],
      [
       -118.15899807388625,
       34.18595134640962
      ]
     ]
    ]
   },
   "properties": {
    "h3_cell": "8929a1c2aafffff",
    "tract_geoid": "06037461000",
    "RPL_THEMES": 0.7329,
    "RPL_THEME1": 0.5631,
    "RPL_THEME2": 0.9323,
    "RPL_THEME3": 0.7561,
    "RPL_THEME4": 0.6179,
    "n_structures": 107,
    "n_destroyed": 23,
    "destroyed_rate": 0.215,
    "uncertainty": {
     "svi_vintage": "2022 (pre-fire); tract-level rank attached to a tile is a downscaling approximation",
     "svi_missing": false,
     "n_unassessed": 0,
     "low_n": false,
     "source": "DINS field survey; rates undefined where all points inaccessible"
    }
   }
  },
  {
   "type": "Feature",
   "geometry": {
    "type": "Polygon",
    "coordinates": [
     [
      [
       -118.15888088669254,
       34.179330043844175
      ],
      [
       -118.157753387199,
       34.181024126606324
      ],
      [
       -118.15893947855658,
       34.182640727151046
      ],
      [
       -118.16125308148166,
       34.18256322026207
      ],
      [
       -118.16238052498255,
       34.180869130261776
      ],
      [
       -118.16119442155376,
       34.179252554388405
      ],
      [
       -118.15888088669254,
       34.179330043844175
      ]
     ]
    ]
   },
   "properties": {
    "h3_cell": "8929a1c2ab3ffff",
    "tract_geoid": "06037460900",
    "RPL_THEMES": 0.6108,
    "RPL_THEME1": 0.5735,
    "RPL_THEME2": 0.6394,
    "RPL_THEME3": 0.6464,
    "RPL_THEME4": 0.543,
    "n_structures": 27,
    "n_destroyed": 0,
    "destroyed_rate": 0.0,
    "uncertainty": {
     "svi_vintage": "2022 (pre-fire); tract-level rank attached to a tile is a downscaling approximation",
     "svi_missing": false,
     "n_unassessed": 0,
     "low_n": false,
     "source": "DINS field survey; rates undefined where all points inaccessible"
    }
   }
  },
  {
   "type": "Feature",
   "geometry": {
    "type": "Polygon",
    "coordinates": [
     [
      [
       -118.15543977612663,
       34.18110156084851
      ],
      [
       -118.15431218834588,
       34.18279561306142
      ],
      [
       -118.15549826762114,
       34.18441223827467
      ],
      [
       -118.15781194676218,
       34.18433478660631
      ],
      [
       -118.15893947855658,
       34.182640727151046
      ],
      [
       -118.157753387199,
       34.181024126606324
      ],
      [
       -118.15543977612663,
       34.18110156084851
      ]
     ]
    ]
   },
   "properties": {
    "h3_cell": "8929a1c2abbffff",
    "tract_geoid": "06037461000",
    "RPL_THEMES": 0.7329,
    "RPL_THEME1": 0.5631,
    "RPL_THEME2": 0.9323,
    "RPL_THEME3": 0.7561,
    "RPL_THEME4": 0.6179,
    "n_structures": 248,
    "n_destroyed": 46,
    "destroyed_rate": 0.1855,
    "uncertainty": {
     "svi_vintage": "2022 (pre-fire); tract-level rank attached to a tile is a downscaling approximation",
     "svi_missing": false,
     "n_unassessed": 0,
     "low_n": false,
     "source": "DINS field survey; rates undefined where all points inaccessible"
    }
   }
  },
  {
   "type": "Feature",
   "geometry": {
    "type": "Polygon",
    "coordinates": [
     [
      [
       -118.13805780835604,
       34.18002553094992
      ],
      [
       -118.13692987614121,
       34.18171950023847
      ],
      [
       -118.13811578756201,
       34.18333637095851
      ],
      [
       -118.14042964333645,
       34.1832592477287
      ],
      [
       -118.14155751960679,
       34.18156527117284
      ],
      [
       -118.14037159604996,
       34.179948425113885
      ],
      [
       -118.13805780835604,
       34.18002553094992
      ]
     ]
    ]
   },
   "properties": {
    "h3_cell": "8929a1c2acbffff",
    "tract_geoid": "06037461100",
    "RPL_THEMES": 0.4817,
    "RPL_THEME1": 0.3377,
    "RPL_THEME2": 0.5248,
    "RPL_THEME3": 0.4965,
    "RPL_THEME4": 0.6448,
    "n_structures": 56,
    "n_destroyed": 0,
    "destroyed_rate": 0.0,
    "uncertainty": {
     "svi_vintage": "2022 (pre-fire); tract-level rank attached to a tile is a downscaling approximation",
     "svi_missing": false,
     "n_unassessed": 0,
     "low_n": false,
     "source": "DINS field survey; rates undefined where all points inaccessible"
    }
   }
  },
  {
   "type": "Feature",
   "geometry": {
    "type": "Polygon",
    "coordinates": [
     [
      [
       -118.14155751960679,
       34.18156527117284
      ],
      [
       -118.14042964333645,
       34.1832592477287
      ],
      [
       -118.14161560265062,
       34.18487605306402
      ],
      [
       -118.14392945036343,
       34.18479885718158
      ],
      [
       -118.14505727067956,
       34.18310487336392
      ],
      [
       -118.14387129923986,
       34.1814880926903
      ],
      [
       -118.14155751960679,
       34.18156527117284
      ]
     ]
    ]
   },
   "properties": {
    "h3_cell": "8929a1c2acfffff",
    "tract_geoid": "06037461100",
    "RPL_THEMES": 0.4817,
    "RPL_THEME1": 0.3377,
    "RPL_THEME2": 0.5248,
    "RPL_THEME3": 0.4965,
    "RPL_THEME4": 0.6448,
    "n_structures": 2,
    "n_destroyed": 0,
    "destroyed_rate": 0.0,
    "uncertainty": {
     "svi_vintage": "2022 (pre-fire); tract-level rank attached to a tile is a downscaling approximation",
     "svi_missing": false,
     "n_unassessed": 0,
     "low_n": true,
     "source": "DINS field survey; rates undefined where all points inaccessible"
    }
   }
  },
  {
   "type": "Feature",
   "geometry": {
    "type": "Polygon",
    "coordinates": [
     [
      [
       -118.13799983257945,
       34.17671462690489
      ],
      [
       -118.13687193268993,
       34.17840861951365
      ],
      [
       -118.13805780835604,
       34.18002553094992
      ],
      [
       -118.14037159604996,
       34.179948425113885
      ],
      [
       -118.14149943999847,
       34.17825442523651
      ],
      [
       -118.14031355219686,
       34.17663753846357
      ],
      [
       -118.13799983257945,
       34.17671462690489
      ]
     ]
    ]
   },
   "properties": {
    "h3_cell": "8929a1c2adbffff",
    "tract_geoid": "06037461501",
    "RPL_THEMES": 0.5742,
    "RPL_THEME1": 0.4619,
    "RPL_THEME2": 0.4897,
    "RPL_THEME3": 0.6268,
    "RPL_THEME4": 0.723,
    "n_structures": 19,
    "n_destroyed": 0,
    "destroyed_rate": 0.0,
    "uncertainty": {
     "svi_vintage": "2022 (pre-fire); tract-level rank attached to a tile is a downscaling approximation",
     "svi_missing": false,
     "n_unassessed": 0,
     "low_n": false,
     "source": "DINS field survey; rates undefined where all points inaccessible"
    }
   }
  },
  {
   "type": "Feature",
   "geometry": {
    "type": "Polygon",
    "coordinates": [
     [
      [
       -118.16267403817876,
       34.19742161516135
      ],
      [
       -118.1615464331726,
       34.1991155885147
      ],
      [
       -118.16273275123602,
       34.200731919808156
      ],
      [
       -118.1650466863717,
       34.20065425308733
      ],
      [
       -118.16617423535814,
       34.198960272507925
      ],
      [
       -118.16498790523136,
       34.19734396587519
      ],
      [
       -118.16267403817876,
       34.19742161516135
      ]
     ]
    ]
   },
   "properties": {
    "h3_cell": "8929a1c2b43ffff",
    "tract_geoid": "06037460302",
    "RPL_THEMES": 0.5553,
    "RPL_THEME1": 0.6532,
    "RPL_THEME2": 0.5893,
    "RPL_THEME3": 0.6003,
    "RPL_THEME4": 0.2972,
    "n_structures": 4,
    "n_destroyed": 0,
    "destroyed_rate": 0.0,
    "uncertainty": {
     "svi_vintage": "2022 (pre-fire); tract-level rank attached to a tile is a downscaling approximation",
     "svi_missing": false,
     "n_unassessed": 0,
     "low_n": false,
     "source": "DINS field survey; rates undefined where all points inaccessible"
    }
   }
  },
  {
   "type": "Feature",
   "geometry": {
    "type": "Polygon",
    "coordinates": [
     [
      [
       -118.15923248986813,
       34.199193182555724
      ],
      [
       -118.15810479654195,
       34.200887125317614
      ],
      [
       -118.1592911025309,
       34.202503481268955
      ],
      [
       -118.16160511392326,
       34.202425869800315
      ],
      [
       -118.16273275123602,
       34.200731919808156
      ],
      [
       -118.1615464331726,
       34.1991155885147
      ],
      [
       -118.15923248986813,
       34.199193182555724
      ]
     ]
    ]
   },
   "properties": {
    "h3_cell": "8929a1c2b4bffff",
    "tract_geoid": "06037460401",
    "RPL_THEMES": 0.209,
    "RPL_THEME1": 0.5051,
    "RPL_THEME2": 0.0241,
    "RPL_THEME3": 0.5946,
    "RPL_THEME4": 0.1866,
    "n_structures": 107,
    "n_destroyed": 20,
    "destroyed_rate": 0.1942,
    "uncertainty": {
     "svi_vintage": "2022 (pre-fire); tract-level rank attached to a tile is a downscaling approximation",
     "svi_missing": false,
     "n_unassessed": 4,
     "low_n": false,
     "source": "DINS field survey; rates undefined where all points inaccessible"
    }
   }
  },
  {
   "type": "Feature",
   "geometry": {
    "type": "Polygon",
    "coordinates": [
     [
      [
       -118.16273275123602,
       34.200731919808156
      ],
      [
       -118.16160511392326,
       34.202425869800315
      ],
      [
       -118.16279146776664,
       34.20404216029665
      ],
      [
       -118.16510547098945,
       34.203964476142126
      ],
      [
       -118.166233052279,
       34.202270518925175
      ],
      [
       -118.1650466863717,
       34.20065425308733
      ],
      [
       -118.16273275123602,
       34.200731919808156
      ]
     ]
    ]
   },
   "properties": {
    "h3_cell": "8929a1c2b4fffff",
    "tract_geoid": "06037460401",
    "RPL_THEMES": 0.209,
    "RPL_THEME1": 0.5051,
    "RPL_THEME2": 0.0241,
    "RPL_THEME3": 0.5946,
    "RPL_THEME4": 0.1866,
    "n_structures": 36,
    "n_destroyed": 0,
    "destroyed_rate": 0.0,
    "uncertainty": {
     "svi_vintage": "2022 (pre-fire); tract-level rank attached to a tile is a downscaling approximation",
     "svi_missing": false,
     "n_unassessed": 1,
     "low_n": false,
     "source": "DINS field survey; rates undefined where all points inaccessible"
    }
   }
  },
  {
   "type": "Feature",
   "geometry": {
    "type": "Polygon",
    "coordinates": [
     [
      [
       -118.15917388067258,
       34.195882819692926
      ],
      [
       -118.15804621965644,
       34.19757678581467
      ],
      [
       -118.15923248986813,
       34.199193182555724
      ],
      [
       -118.1615464331726,
       34.1991155885147
      ],
      [
       -118.16267403817876,
       34.19742161516135
      ],
      [
       -118.16148775589318,
       34.19580524308044
      ],
      [
       -118.15917388067258,
       34.195882819692926
      ]
     ]
    ]
   },
   "properties": {
    "h3_cell": "8929a1c2b5bffff",
    "tract_geoid": "06037460302",
    "RPL_THEMES": 0.5553,
    "RPL_THEME1": 0.6532,
    "RPL_THEME2": 0.5893,
    "RPL_THEME3": 0.6003,
    "RPL_THEME4": 0.2972,
    "n_structures": 67,
    "n_destroyed": 2,
    "destroyed_rate": 0.0299,
    "uncertainty": {
     "svi_vintage": "2022 (pre-fire); tract-level rank attached to a tile is a downscaling approximation",
     "svi_missing": false,
     "n_unassessed": 0,
     "low_n": false,
     "source": "DINS field survey; rates undefined where all points inaccessible"
    }
   }
  },
  {
   "type": "Feature",
   "geometry": {
    "type": "Polygon",
    "coordinates": [
     [
      [
       -118.16255662248318,
       34.1908008134739
      ],
      [
       -118.16142908208468,
       34.1924948335178
      ],
      [
       -118.1626153285946,
       34.19411124637652
      ],
      [
       -118.16492912756809,
       34.19403361452594
      ],
      [
       -118.16605661195382,
       34.19233958725333
      ],
      [
       -118.1648703533816,
       34.190723199059825
      ],
      [
       -118.16255662248318,
       34.1908008134739
      ]
     ]
    ]
   },
   "properties": {
    "h3_cell": "8929a1c2bcbffff",
    "tract_geoid": "06037461000",
    "RPL_THEMES": 0.7329,
    "RPL_THEME1": 0.5631,
    "RPL_THEME2": 0.9323,
    "RPL_THEME3": 0.7561,
    "RPL_THEME4": 0.6179,
    "n_structures": 1,
    "n_destroyed": 0,
    "destroyed_rate": 0.0,
    "uncertainty": {
     "svi_vintage": "2022 (pre-fire); tract-level rank attached to a tile is a downscaling approximation",
     "svi_missing": false,
     "n_unassessed": 0,
     "low_n": true,
     "source": "DINS field survey; rates undefined where all points inaccessible"
    }
   }
  },
  {
   "type": "Feature",
   "geometry": {
    "type": "Polygon",
    "coordinates": [
     [
      [
       -118.08212418295096,
       34.15868269169111
      ],
      [
       -118.08099532457062,
       34.16037652064317
      ],
      [
       -118.08218050434608,
       34.16199439582038
      ],
      [
       -118.08449455480961,
       34.161918417396116
      ],
      [
       -118.08562335739835,
       34.160224581089864
      ],
      [
       -118.08443816531793,
       34.15860673056187
      ],
      [
       -118.08212418295096,
       34.15868269169111
      ]
     ]
    ]
   },
   "properties": {
    "h3_cell": "8929a1c3123ffff",
    "tract_geoid": "06037462900",
    "RPL_THEMES": 0.2825,
    "RPL_THEME1": 0.2812,
    "RPL_THEME2": 0.5444,
    "RPL_THEME3": 0.5355,
    "RPL_THEME4": 0.1481,
    "n_structures": 31,
    "n_destroyed": 0,
    "destroyed_rate": 0.0,
    "uncertainty": {
     "svi_vintage": "2022 (pre-fire); tract-level rank attached to a tile is a downscaling approximation",
     "svi_missing": false,
     "n_unassessed": 0,
     "low_n": false,
     "source": "DINS field survey; rates undefined where all points inaccessible"
    }
   }
  },
  {
   "type": "Feature",
   "geometry": {
    "type": "Polygon",
    "coordinates": [
     [
      [
       -118.08562335739835,
       34.160224581089864
      ],
      [
       -118.08449455480961,
       34.161918417396116
      ],
      [
       -118.08567978260639,
       34.163536227309656
      ],
      [
       -118.08799382528909,
       34.16346017626693
      ],
      [
       -118.08912257207648,
       34.161766332612
      ],
      [
       -118.08793733198524,
       34.160148547348285
      ],
      [
       -118.08562335739835,
       34.160224581089864
      ]
     ]
    ]
   },
   "properties": {
    "h3_cell": "8929a1c3127ffff",
    "tract_geoid": "06037460001",
    "RPL_THEMES": 0.0029,
    "RPL_THEME1": 0.0114,
    "RPL_THEME2": 0.239,
    "RPL_THEME3": 0.1499,
    "RPL_THEME4": 0.0,
    "n_structures": 6,
    "n_destroyed": 0,
    "destroyed_rate": 0.0,
    "uncertainty": {
     "svi_vintage": "2022 (pre-fire); tract-level rank attached to a tile is a downscaling approximation",
     "svi_missing": false,
     "n_unassessed": 0,
     "low_n": false,
     "source": "DINS field survey; rates undefined where all points inaccessible"
    }
   }
  },
  {
   "type": "Feature",
   "geometry": {
    "type": "Polygon",
    "coordinates": [
     [
      [
       -118.07868126634388,
       34.16045242645148
      ],
      [
       -118.07755231979407,
       34.162146224724786
      ],
      [
       -118.07873748725348,
       34.163764124548344
      ],
      [
       -118.08105161358151,
       34.16368820145206
      ],
      [
       -118.08218050434608,
       34.16199439582038
      ],
      [
       -118.08099532457062,
       34.16037652064317
      ],
      [
       -118.07868126634388,
       34.16045242645148
      ]
     ]
    ]
   },
   "properties": {
    "h3_cell": "8929a1c312bffff",
    "tract_geoid": "06037460001",
    "RPL_THEMES": 0.0029,
    "RPL_THEME1": 0.0114,
    "RPL_THEME2": 0.239,
    "RPL_THEME3": 0.1499,
    "RPL_THEME4": 0.0,
    "n_structures": 4,
    "n_destroyed": 0,
    "destroyed_rate": 0.0,
    "uncertainty": {
     "svi_vintage": "2022 (pre-fire); tract-level rank attached to a tile is a downscaling approximation",
     "svi_missing": false,
     "n_unassessed": 0,
     "low_n": false,
     "source": "DINS field survey; rates undefined where all points inaccessible"
    }
   }
  },
  {
   "type": "Feature",
   "geometry": {
    "type": "Polygon",
    "coordinates": [
     [
      [
       -118.08218050434608,
       34.16199439582038
      ],
      [
       -118.08105161358151,
       34.16368820145206
      ],
      [
       -118.08223682907274,
       34.16530603601255
      ],
      [
       -118.08455094763684,
       34.16523004029421
      ],
      [
       -118.08567978260639,
       34.163536227309656
      ],
      [
       -118.08449455480961,
       34.161918417396116
      ],
      [
       -118.08218050434608,
       34.16199439582038
      ]
     ]
    ]
   },
   "properties": {
    "h3_cell": "8929a1c312fffff",
    "tract_geoid": "06037460001",
    "RPL_THEMES": 0.0029,
    "RPL_THEME1": 0.0114,
    "RPL_THEME2": 0.239,
    "RPL_THEME3": 0.1499,
    "RPL_THEME4": 0.0,
    "n_structures": 15,
    "n_destroyed": 0,
    "destroyed_rate": 0.0,
    "uncertainty": {
     "svi_vintage": "2022 (pre-fire); tract-level rank attached to a tile is a downscaling approximation",
     "svi_missing": false,
     "n_unassessed": 0,
     "low_n": false,
     "source": "DINS field survey; rates undefined where all points inaccessible"
    }
   }
  },
  {
   "type": "Feature",
   "geometry": {
    "type": "Polygon",
    "coordinates": [
     [
      [
       -118.05446523374385,
       34.16621465730358
      ],
      [
       -118.05333573488433,
       34.16790828720566
      ],
      [
       -118.05452074440495,
       34.169526440713966
      ],
      [
       -118.05683526518038,
       34.16945093968917
      ],
      [
       -118.05796470830596,
       34.167757302396744
      ],
      [
       -118.05677968639286,
       34.16613917351926
      ],
      [
       -118.05446523374385,
       34.16621465730358
      ]
     ]
    ]
   },
   "properties": {
    "h3_cell": "8929a1c3307ffff",
    "tract_geoid": "06037430501",
    "RPL_THEMES": 0.045,
    "RPL_THEME1": 0.0544,
    "RPL_THEME2": 0.2155,
    "RPL_THEME3": 0.2641,
    "RPL_THEME4": 0.0671,
    "n_structures": 72,
    "n_destroyed": 4,
    "destroyed_rate": 0.0571,
    "uncertainty": {
     "svi_vintage": "2022 (pre-fire); tract-level rank attached to a tile is a downscaling approximation",
     "svi_missing": false,
     "n_unassessed": 2,
     "low_n": false,
     "source": "DINS field survey; rates undefined where all points inaccessible"
    }
   }
  },
  {
   "type": "Feature",
   "geometry": {
    "type": "Polygon",
    "coordinates": [
     [
      [
       -118.0475217090577,
       34.166440852616795
      ],
      [
       -118.04639206632974,
       34.1681344443508
      ],
      [
       -118.04757701532841,
       34.16975268772229
      ],
      [
       -118.04989161947192,
       34.16967731473221
      ],
      [
       -118.05102120648202,
       34.16798371559816
      ],
      [
       -118.04983624506924,
       34.16636549685404
      ],
      [
       -118.0475217090577,
       34.166440852616795
      ]
     ]
    ]
   },
   "properties": {
    "h3_cell": "8929a1c330bffff",
    "tract_geoid": "06037430501",
    "RPL_THEMES": 0.045,
    "RPL_THEME1": 0.0544,
    "RPL_THEME2": 0.2155,
    "RPL_THEME3": 0.2641,
    "RPL_THEME4": 0.0671,
    "n_structures": 29,
    "n_destroyed": 0,
    "destroyed_rate": 0.0,
    "uncertainty": {
     "svi_vintage": "2022 (pre-fire); tract-level rank attached to a tile is a downscaling approximation",
     "svi_missing": false,
     "n_unassessed": 0,
     "low_n": false,
     "source": "DINS field survey; rates undefined where all points inaccessible"
    }
   }
  },
  {
   "type": "Feature",
   "geometry": {
    "type": "Polygon",
    "coordinates": [
     [
      [
       -118.05102120648202,
       34.16798371559816
      ],
      [
       -118.04989161947192,
       34.16967731473221
      ],
      [
       -118.05107661658896,
       34.171295492868495
      ],
      [
       -118.05339121312247,
       34.17122004724257
      ],
      [
       -118.05452074440495,
       34.169526440713966
      ],
      [
       -118.05333573488433,
       34.16790828720566
      ],
      [
       -118.05102120648202,
       34.16798371559816
      ]
     ]
    ]
   },
   "properties": {
    "h3_cell": "8929a1c330fffff",
    "tract_geoid": "06037430501",
    "RPL_THEMES": 0.045,
    "RPL_THEME1": 0.0544,
    "RPL_THEME2": 0.2155,
    "RPL_THEME3": 0.2641,
    "RPL_THEME4": 0.0671,
    "n_structures": 37,
    "n_destroyed": 0,
    "destroyed_rate": 0.0,
    "uncertainty": {
     "svi_vintage": "2022 (pre-fire); tract-level rank attached to a tile is a downscaling approximation",
     "svi_missing": false,
     "n_unassessed": 0,
     "low_n": false,
     "source": "DINS field survey; rates undefined where all points inaccessible"
    }
   }
  },
  {
   "type": "Feature",
   "geometry": {
    "type": "Polygon",
    "coordinates": [
     [
      [
       -118.05440972636654,
       34.16290280992473
      ],
      [
       -118.05328025992809,
       34.16459646318968
      ],
      [
       -118.05446523374385,
       34.16621465730358
      ],
      [
       -118.05677968639286,
       34.16613917351926
      ],
      [
       -118.05790909710076,
       34.164445512862656
      ],
      [
       -118.05672411089303,
       34.162827343381814
      ],
      [
       -118.05440972636654,
       34.16290280992473
      ]
     ]
    ]
   },
   "properties": {
    "h3_cell": "8929a1c3317ffff",
    "tract_geoid": "06037430502",
    "RPL_THEMES": 0.1624,
    "RPL_THEME1": 0.1951,
    "RPL_THEME2": 0.2442,
    "RPL_THEME3": 0.2453,
    "RPL_THEME4": 0.2054,
    "n_structures": 2,
    "n_destroyed": 0,
    "destroyed_rate": null,
    "uncertainty": {
     "svi_vintage": "2022 (pre-fire); tract-level rank attached to a tile is a downscaling approximation",
     "svi_missing": false,
     "n_unassessed": 2,
     "low_n": true,
     "source": "DINS field survey; rates undefined where all points inaccessible"
    }
   }
  },
  {
   "type": "Feature",
   "geometry": {
    "type": "Polygon",
    "coordinates": [
     [
      [
       -118.0580203228011,
       34.1710690279536
      ],
      [
       -118.05689084725603,
       34.17276264187121
      ],
      [
       -118.0580759405864,
       34.17438068951294
      ],
      [
       -118.0603905218472,
       34.1743050986076
      ],
      [
       -118.06151994164506,
       34.172611477306425
      ],
      [
       -118.0603348359321,
       34.17099345429394
      ],
      [
       -118.0580203228011,
       34.1710690279536
      ]
     ]
    ]
   },
   "properties": {
    "h3_cell": "8929a1c3323ffff",
    "tract_geoid": "06037430501",
    "RPL_THEMES": 0.045,
    "RPL_THEME1": 0.0544,
    "RPL_THEME2": 0.2155,
    "RPL_THEME3": 0.2641,
    "RPL_THEME4": 0.0671,
    "n_structures": 63,
    "n_destroyed": 2,
    "destroyed_rate": 0.0323,
    "uncertainty": {
     "svi_vintage": "2022 (pre-fire); tract-level rank attached to a tile is a downscaling approximation",
     "svi_missing": false,
     "n_unassessed": 1,
     "low_n": false,
     "source": "DINS field survey; rates undefined where all points inaccessible"
    }
   }
  },
  {
   "type": "Feature",
   "geometry": {
    "type": "Polygon",
    "coordinates": [
     [
      [
       -118.06151994164506,
       34.172611477306425
      ],
      [
       -118.0603905218472,
       34.1743050986076
      ],
      [
       -118.06157566327252,
       34.17592308098993
      ],
      [
       -118.0638902368705,
       34.17584741744106
      ],
      [
       -118.06501960091137,
       34.17415378876187
      ],
      [
       -118.06383444711399,
       34.17253583100938
      ],
      [
       -118.06151994164506,
       34.172611477306425
      ]
     ]
    ]
   },
   "properties": {
    "h3_cell": "8929a1c3327ffff",
    "tract_geoid": "06037430501",
    "RPL_THEMES": 0.045,
    "RPL_THEME1": 0.0544,
    "RPL_THEME2": 0.2155,
    "RPL_THEME3": 0.2641,
    "RPL_THEME4": 0.0671,
    "n_structures": 6,
    "n_destroyed": 2,
    "destroyed_rate": 0.3333,
    "uncertainty": {
     "svi_vintage": "2022 (pre-fire); tract-level rank attached to a tile is a downscaling approximation",
     "svi_missing": false,
     "n_unassessed": 0,
     "low_n": false,
     "source": "DINS field survey; rates undefined where all points inaccessible"
    }
   }
  },
  {
   "type": "Feature",
   "geometry": {
    "type": "Polygon",
    "coordinates": [
     [
      [
       -118.05457625835011,
       34.17283816013559
      ],
      [
       -118.05344669464282,
       34.1745317432801
      ],
      [
       -118.05463177557958,
       34.17614981554816
      ],
      [
       -118.05694643262001,
       34.17607428004517
      ],
      [
       -118.0580759405864,
       34.17438068951294
      ],
      [
       -118.05689084725603,
       34.17276264187121
      ],
      [
       -118.05457625835011,
       34.17283816013559
      ]
     ]
    ]
   },
   "properties": {
    "h3_cell": "8929a1c332bffff",
    "tract_geoid": "06037430501",
    "RPL_THEMES": 0.045,
    "RPL_THEME1": 0.0544,
    "RPL_THEME2": 0.2155,
    "RPL_THEME3": 0.2641,
    "RPL_THEME4": 0.0671,
    "n_structures": 21,
    "n_destroyed": 3,
    "destroyed_rate": 0.1429,
    "uncertainty": {
     "svi_vintage": "2022 (pre-fire); tract-level rank attached to a tile is a downscaling approximation",
     "svi_missing": false,
     "n_unassessed": 0,
     "low_n": false,
     "source": "DINS field survey; rates undefined where all points inaccessible"
    }
   }
  },
  {
   "type": "Feature",
   "geometry": {
    "type": "Polygon",
    "coordinates": [
     [
      [
       -118.0580759405864,
       34.17438068951294
      ],
      [
       -118.05694643262001,
       34.17607428004517
      ],
      [
       -118.05813156166224,
       34.17769228705447
      ],
      [
       -118.06044621105677,
       34.17761667890439
      ],
      [
       -118.06157566327252,
       34.17592308098993
      ],
      [
       -118.0603905218472,
       34.1743050986076
      ],
      [
       -118.0580759405864,
       34.17438068951294
      ]
     ]
    ]
   },
   "properties": {
    "h3_cell": "8929a1c332fffff",
    "tract_geoid": "06037430501",
    "RPL_THEMES": 0.045,
    "RPL_THEME1": 0.0544,
    "RPL_THEME2": 0.2155,
    "RPL_THEME3": 0.2641,
    "RPL_THEME4": 0.0671,
    "n_structures": 10,
    "n_destroyed": 4,
    "destroyed_rate": 0.4,
    "uncertainty": {
     "svi_vintage": "2022 (pre-fire); tract-level rank attached to a tile is a downscaling approximation",
     "svi_missing": false,
     "n_unassessed": 0,
     "low_n": false,
     "source": "DINS field survey; rates undefined where all points inaccessible"
    }
   }
  },
  {
   "type": "Feature",
   "geometry": {
    "type": "Polygon",
    "coordinates": [
     [
      [
       -118.05796470830596,
       34.167757302396744
      ],
      [
       -118.05683526518038,
       34.16945093968917
      ],
      [
       -118.0580203228011,
       34.1710690279536
      ],
      [
       -118.0603348359321,
       34.17099345429394
      ],
      [
       -118.06146422331389,
       34.16929980961665
      ],
      [
       -118.06027915331123,
       34.167681745983685
      ],
      [
       -118.05796470830596,
       34.167757302396744
      ]
     ]
    ]
   },
   "properties": {
    "h3_cell": "8929a1c3333ffff",
    "tract_geoid": "06037430501",
    "RPL_THEMES": 0.045,
    "RPL_THEME1": 0.0544,
    "RPL_THEME2": 0.2155,
    "RPL_THEME3": 0.2641,
    "RPL_THEME4": 0.0671,
    "n_structures": 2,
    "n_destroyed": 0,
    "destroyed_rate": 0.0,
    "uncertainty": {
     "svi_vintage": "2022 (pre-fire); tract-level rank attached to a tile is a downscaling approximation",
     "svi_missing": false,
     "n_unassessed": 0,
     "low_n": true,
     "source": "DINS field survey; rates undefined where all points inaccessible"
    }
   }
  },
  {
   "type": "Feature",
   "geometry": {
    "type": "Polygon",
    "coordinates": [
     [
      [
       -118.06146422331389,
       34.16929980961665
      ],
      [
       -118.0603348359321,
       34.17099345429394
      ],
      [
       -118.06151994164506,
       34.172611477306425
      ],
      [
       -118.06383444711399,
       34.17253583100938
      ],
      [
       -118.06496377874221,
       34.170842178952746
      ],
      [
       -118.06377866065783,
       34.16922418057233
      ],
      [
       -118.06146422331389,
       34.16929980961665
      ]
     ]
    ]
   },
   "properties": {
    "h3_cell": "8929a1c3337ffff",
    "tract_geoid": "06037430501",
    "RPL_THEMES": 0.045,
    "RPL_THEME1": 0.0544,
    "RPL_THEME2": 0.2155,
    "RPL_THEME3": 0.2641,
    "RPL_THEME4": 0.0671,
    "n_structures": 37,
    "n_destroyed": 0,
    "destroyed_rate": 0.0,
    "uncertainty": {
     "svi_vintage": "2022 (pre-fire); tract-level rank attached to a tile is a downscaling approximation",
     "svi_missing": false,
     "n_unassessed": 0,
     "low_n": false,
     "source": "DINS field survey; rates undefined where all points inaccessible"
    }
   }
  },
  {
   "type": "Feature",
   "geometry": {
    "type": "Polygon",
    "coordinates": [
     [
      [
       -118.05452074440495,
       34.169526440713966
      ],
      [
       -118.05339121312247,
       34.17122004724257
      ],
      [
       -118.05457625835011,
       34.17283816013559
      ],
      [
       -118.05689084725603,
       34.17276264187121
      ],
      [
       -118.0580203228011,
       34.1710690279536
      ],
      [
       -118.05683526518038,
       34.16945093968917
      ],
      [
       -118.05452074440495,
       34.169526440713966
      ]
     ]
    ]
   },
   "properties": {
    "h3_cell": "8929a1c333bffff",
    "tract_geoid": "06037430501",
    "RPL_THEMES": 0.045,
    "RPL_THEME1": 0.0544,
    "RPL_THEME2": 0.2155,
    "RPL_THEME3": 0.2641,
    "RPL_THEME4": 0.0671,
    "n_structures": 72,
    "n_destroyed": 3,
    "destroyed_rate": 0.0429,
    "uncertainty": {
     "svi_vintage": "2022 (pre-fire); tract-level rank attached to a tile is a downscaling approximation",
     "svi_missing": false,
     "n_unassessed": 2,
     "low_n": false,
     "source": "DINS field survey; rates undefined where all points inaccessible"
    }
   }
  },
  {
   "type": "Feature",
   "geometry": {
    "type": "Polygon",
    "coordinates": [
     [
      [
       -118.04407745459388,
       34.16820974470754
      ],
      [
       -118.04294772372279,
       34.16990330565583
      ],
      [
       -118.04413266029624,
       34.17152157365182
      ],
      [
       -118.0464473401688,
       34.17144625607481
      ],
      [
       -118.04757701532841,
       34.16975268772229
      ],
      [
       -118.04639206632974,
       34.1681344443508
      ],
      [
       -118.04407745459388,
       34.16820974470754
      ]
     ]
    ]
   },
   "properties": {
    "h3_cell": "8929a1c3347ffff",
    "tract_geoid": "06037430501",
    "RPL_THEMES": 0.045,
    "RPL_THEME1": 0.0544,
    "RPL_THEME2": 0.2155,
    "RPL_THEME3": 0.2641,
    "RPL_THEME4": 0.0671,
    "n_structures": 83,
    "n_destroyed": 1,
    "destroyed_rate": 0.012,
    "uncertainty": {
     "svi_vintage": "2022 (pre-fire); tract-level rank attached to a tile is a downscaling approximation",
     "svi_missing": false,
     "n_unassessed": 0,
     "low_n": false,
     "source": "DINS field survey; rates undefined where all points inaccessible"
    }
   }
  },
  {
   "type": "Feature",
   "geometry": {
    "type": "Polygon",
    "coordinates": [
     [
      [
       -118.03713345283205,
       34.16843538967925
      ],
      [
       -118.0360035781235,
       34.17012891241445
      ],
      [
       -118.03718845411348,
       34.17174727025795
      ],
      [
       -118.03950321726153,
       34.171672080745076
      ],
      [
       -118.04063303627476,
       34.169978550595964
      ],
      [
       -118.03944814783797,
       34.16836021737346
      ],
      [
       -118.03713345283205,
       34.16843538967925
      ]
     ]
    ]
   },
   "properties": {
    "h3_cell": "8929a1c334bffff",
    "tract_geoid": "06037430501",
    "RPL_THEMES": 0.045,
    "RPL_THEME1": 0.0544,
    "RPL_THEME2": 0.2155,
    "RPL_THEME3": 0.2641,
    "RPL_THEME4": 0.0671,
    "n_structures": 25,
    "n_destroyed": 0,
    "destroyed_rate": 0.0,
    "uncertainty": {
     "svi_vintage": "2022 (pre-fire); tract-level rank attached to a tile is a downscaling approximation",
     "svi_missing": false,
     "n_unassessed": 0,
     "low_n": false,
     "source": "DINS field survey; rates undefined where all points inaccessible"
    }
   }
  },
  {
   "type": "Feature",
   "geometry": {
    "type": "Polygon",
    "coordinates": [
     [
      [
       -118.04063303627476,
       34.169978550595964
      ],
      [
       -118.03950321726153,
       34.171672080745076
      ],
      [
       -118.04068814139872,
       34.1732903733627
      ],
      [
       -118.04300289698817,
       34.17321511120936
      ],
      [
       -118.04413266029624,
       34.17152157365182
      ],
      [
       -118.04294772372279,
       34.16990330565583
      ],
      [
       -118.04063303627476,
       34.169978550595964
      ]
     ]
    ]
   },
   "properties": {
    "h3_cell": "8929a1c334fffff",
    "tract_geoid": "06037430501",
    "RPL_THEMES": 0.045,
    "RPL_THEME1": 0.0544,
    "RPL_THEME2": 0.2155,
    "RPL_THEME3": 0.2641,
    "RPL_THEME4": 0.0671,
    "n_structures": 98,
    "n_destroyed": 1,
    "destroyed_rate": 0.0103,
    "uncertainty": {
     "svi_vintage": "2022 (pre-fire); tract-level rank attached to a tile is a downscaling approximation",
     "svi_missing": false,
     "n_unassessed": 1,
     "low_n": false,
     "source": "DINS field survey; rates undefined where all points inaccessible"
    }
   }
  },
  {
   "type": "Feature",
   "geometry": {
    "type": "Polygon",
    "coordinates": [
     [
      [
       -118.04757701532841,
       34.16975268772229
      ],
      [
       -118.0464473401688,
       34.17144625607481
      ],
      [
       -118.04763232487117,
       34.17306445883622
      ],
      [
       -118.04994699715061,
       34.17298906861976
      ],
      [
       -118.05107661658896,
       34.171295492868495
      ],
      [
       -118.04989161947192,
       34.16967731473221
      ],
      [
       -118.04757701532841,
       34.16975268772229
      ]
     ]
    ]
   },
   "properties": {
    "h3_cell": "8929a1c3373ffff",
    "tract_geoid": "06037430501",
    "RPL_THEMES": 0.045,
    "RPL_THEME1": 0.0544,
    "RPL_THEME2": 0.2155,
    "RPL_THEME3": 0.2641,
    "RPL_THEME4": 0.0671,
    "n_structures": 26,
    "n_destroyed": 2,
    "destroyed_rate": 0.0769,
    "uncertainty": {
     "svi_vintage": "2022 (pre-fire); tract-level rank attached to a tile is a downscaling approximation",
     "svi_missing": false,
     "n_unassessed": 0,
     "low_n": false,
     "source": "DINS field survey; rates undefined where all points inaccessible"
    }
   }
  },
  {
   "type": "Feature",
   "geometry": {
    "type": "Polygon",
    "coordinates": [
     [
      [
       -118.05107661658896,
       34.171295492868495
      ],
      [
       -118.04994699715061,
       34.17298906861976
      ],
      [
       -118.05113202997407,
       34.17460720613854
      ],
      [
       -118.05344669464282,
       34.1745317432801
      ],
      [
       -118.05457625835011,
       34.17283816013559
      ],
      [
       -118.05339121312247,
       34.17122004724257
      ],
      [
       -118.05107661658896,
       34.171295492868495
      ]
     ]
    ]
   },
   "properties": {
    "h3_cell": "8929a1c3377ffff",
    "tract_geoid": "06037430501",
    "RPL_THEMES": 0.045,
    "RPL_THEME1": 0.0544,
    "RPL_THEME2": 0.2155,
    "RPL_THEME3": 0.2641,
    "RPL_THEME4": 0.0671,
    "n_structures": 9,
    "n_destroyed": 1,
    "destroyed_rate": 0.1111,
    "uncertainty": {
     "svi_vintage": "2022 (pre-fire); tract-level rank attached to a tile is a downscaling approximation",
     "svi_missing": false,
     "n_unassessed": 0,
     "low_n": false,
     "source": "DINS field survey; rates undefined where all points inaccessible"
    }
   }
  },
  {
   "type": "Feature",
   "geometry": {
    "type": "Polygon",
    "coordinates": [
     [
      [
       -118.04413266029624,
       34.17152157365182
      ],
      [
       -118.04300289698817,
       34.17321511120936
      ],
      [
       -118.04418786926477,
       34.174833338593025
      ],
      [
       -118.04650261727801,
       34.174758003796704
      ],
      [
       -118.04763232487117,
       34.17306445883622
      ],
      [
       -118.0464473401688,
       34.17144625607481
      ],
      [
       -118.04413266029624,
       34.17152157365182
      ]
     ]
    ]
   },
   "properties": {
    "h3_cell": "8929a1c337bffff",
    "tract_geoid": "06037430501",
    "RPL_THEMES": 0.045,
    "RPL_THEME1": 0.0544,
    "RPL_THEME2": 0.2155,
    "RPL_THEME3": 0.2641,
    "RPL_THEME4": 0.0671,
    "n_structures": 94,
    "n_destroyed": 1,
    "destroyed_rate": 0.0106,
    "uncertainty": {
     "svi_vintage": "2022 (pre-fire); tract-level rank attached to a tile is a downscaling approximation",
     "svi_missing": false,
     "n_unassessed": 0,
     "low_n": false,
     "source": "DINS field survey; rates undefined where all points inaccessible"
    }
   }
  }
 ],
 "properties": {
  "h3_resolution": 9,
  "n_cells": 265,
  "n_cells_svi_missing": 0,
  "resolution_cap": "tile",
  "source": "DINS damage grid x CDC SVI 2022 via Census 2020 tract assignment"
 }
}
