{
 "type": "FeatureCollection",
 "features": [
  {
   "type": "Feature",
   "geometry": {
    "type": "Polygon",
    "coordinates": [
     [
      [
       160.1,
       13.532240852279921
      ],
      [
       160.59988946332524,
       13.483584554351879
      ],
      [
       161.08056845491612,
       13.339485494810356
      ],
      [
       161.5235647506937,
       13.105481319701852
      ],
      [
       161.91185425144644,
       12.790564678244735
      ],
      [
       162.23051520941567,
       12.406837640362912
      ],
      [
       162.46730166269373,
       11.96904662092558
      ],
      [
       162.61311404067254,
       11.494015683293686
      ],
      [
       161.74722426421073,
       11.0
      ],
      [
       161.7155733118609,
       10.682418489311203
      ],
      [
       161.62183678316026,
       10.377041457976413
      ],
      [
       161.46961692033864,
       10.095604374052414
      ],
      [
       161.26476344735843,
       9.848922706842671
      ],
      [
       161.0151487683031,
       9.646476294477381
      ],
      [
       160.7303654353032,
       9.496045039050486
      ],
      [
       160.42135751213763,
       9.403409929345221
      ],
      [
       160.1,
       9.010382187494347
      ],
      [
       159.7072297073873,
       9.048612135866382
      ],
      [
       159.32955335685162,
       9.16183282550615
      ],
      [
       158.98148483874064,
       9.345693248805688
      ],
      [
       158.67640023100637,
       9.593127752807709
      ],
      [
       158.42602376403053,
       9.894627568286284
      ],
      [
       158.23997726502634,
       10.238606226415616
      ],
      [
       158.12541039661443,
       10.611844820269248
      ],
      [
       158.45277573578926,
       11.0
      ],
      [
       158.48442668813908,
       11.317581510688797
      ],
      [
       158.57816321683973,
       11.622958542023587
      ],
      [
       158.73038307966135,
       11.904395625947586
      ],
      [
       158.93523655264156,
       12.151077293157329
      ],
      [
       159.18485123169688,
       12.353523705522619
      ],
      [
       159.46963456469678,
       12.503954960949514
      ],
      [
       159.77864248786233,
       12.596590070654779
      ],
      [
       160.1,
       13.532240852279921
      ]
     ]
    ]
   },
   "properties": {
    "time": "2026-07-02 08:00:00",
    "beaufort_threshold": 7,
    "grade": "热带风暴",
    "pressure_hpa": 998.0,
    "wind_ms": 18.0
   }
  },
  {
   "type": "Feature",
   "geometry": {
    "type": "Polygon",
    "coordinates": [
     [
      [
       159.4,
       14.032240852279921
      ],
      [
       159.90075794967225,
       13.983584554351879
      ],
      [
       160.3822720521669,
       13.839485494810356
      ],
      [
       160.82603799056128,
       13.605481319701852
      ],
      [
       161.21500208870972,
       13.290564678244735
      ],
      [
       161.53421667445392,
       12.906837640362912
      ],
      [
       161.77141451028137,
       12.46904662092558
      ],
      [
       161.9174802163833,
       11.994015683293686
      ],
      [
       161.05008608044992,
       11.5
      ],
      [
       161.01838013910356,
       11.182418489311203
      ],
      [
       160.92448075660946,
       10.877041457976413
      ],
      [
       160.77199643357753,
       10.595604374052414
      ],
      [
       160.56678705702768,
       10.348922706842671
      ],
      [
       160.31673870821797,
       10.146476294477381
      ],
      [
       160.03146060496445,
       9.996045039050486
      ],
      [
       159.7219158247893,
       9.903409929345221
      ],
      [
       159.4,
       9.510382187494347
      ],
      [
       159.00654732525751,
       9.548612135866382
      ],
      [
       158.62821481615458,
       9.66183282550615
      ],
      [
       158.27954157884471,
       9.845693248805688
      ],
      [
       157.9739269302995,
       10.093127752807709
      ],
      [
       157.72311547007192,
       10.394627568286284
      ],
      [
       157.53674574192178,
       10.738606226415616
      ],
      [
       157.42197982998456,
       11.111844820269248
      ],
      [
       157.7499139195501,
       11.5
      ],
      [
       157.78161986089646,
       11.817581510688797
      ],
      [
       157.87551924339056,
       12.122958542023587
      ],
      [
       158.02800356642248,
       12.404395625947586
      ],
      [
       158.23321294297233,
       12.651077293157329
      ],
      [
       158.48326129178204,
       12.853523705522619
      ],
      [
       158.76853939503556,
       13.003954960949514
      ],
      [
       159.0780841752107,
       13.096590070654779
      ],
      [
       159.4,
       14.032240852279921
      ]
     ]
    ]
   },
   "properties": {
    "time": "2026-07-02 11:00:00",
    "beaufort_threshold": 7,
    "grade": "热带风暴",
    "pressure_hpa": 995.0,
    "wind_ms": 20.0
   }
  },
  {
   "type": "Feature",
   "geometry": {
    "type": "Polygon",
    "coordinates": [
     [
      [
       159.0,
       14.13224085227992
      ],
      [
       159.50093659075176,
       14.083584554351877
      ],
      [
       159.98262246924943,
       13.939485494810356
      ],
      [
       160.42654671731486,
       13.705481319701853
      ],
      [
       160.81564957505051,
       13.390564678244735
      ],
      [
       161.13497803784497,
       13.006837640362912
      ],
      [
       161.37226049195453,
       12.56904662092558
      ],
      [
       161.5183783057373,
       12.094015683293685
      ],
      [
       160.65067473442718,
       11.6
      ],
      [
       160.61895748225967,
       11.282418489311203
      ],
      [
       160.52502460197078,
       10.977041457976412
      ],
      [
       160.37248588147176,
       10.695604374052413
      ],
      [
       160.16720329824676,
       10.44892270684267
      ],
      [
       159.91706574684528,
       10.24647629447738
      ],
      [
       159.6316858730889,
       10.096045039050486
      ],
      [
       159.32203066548328,
       10.00340992934522
      ],
      [
       159.0,
       9.610382187494347
      ],
      [
       158.60640696440933,
       9.648612135866381
      ],
      [
       158.22793948844688,
       9.761832825506149
      ],
      [
       157.8791418649669,
       9.945693248805688
      ],
      [
       157.57341819103175,
       10.193127752807708
      ],
      [
       157.32251725597894,
       10.494627568286283
      ],
      [
       157.13608104203573,
       10.838606226415616
      ],
      [
       157.02127418834928,
       11.211844820269246
      ],
      [
       157.34932526557282,
       11.6
      ],
      [
       157.38104251774033,
       11.917581510688796
      ],
      [
       157.47497539802922,
       12.222958542023587
      ],
      [
       157.62751411852824,
       12.504395625947586
      ],
      [
       157.83279670175324,
       12.751077293157328
      ],
      [
       158.08293425315472,
       12.953523705522619
      ],
      [
       158.3683141269111,
       13.103954960949514
      ],
      [
       158.67796933451672,
       13.196590070654779
      ],
      [
       159.0,
       14.13224085227992
      ]
     ]
    ]
   },
   "properties": {
    "time": "2026-07-02 14:00:00",
    "beaufort_threshold": 7,
    "grade": "热带风暴",
    "pressure_hpa": 990.0,
    "wind_ms": 23.0
   }
  },
  {
   "type": "Feature",
   "geometry": {
    "type": "Polygon",
    "coordinates": [
     [
      [
       158.6,
       14.23224085227992
      ],
      [
       159.1011168863678,
       14.183584554351878
      ],
      [
       159.58297613182208,
       14.039485494810355
      ],
      [
       160.02706015578983,
       13.805481319701851
      ],
      [
       160.4163030582751,
       13.490564678244734
      ],
      [
       160.73574645282534,
       13.106837640362912
      ],
      [
       160.97311430893393,
       12.66904662092558
      ],
      [
       161.11928471300803,
       12.194015683293685
      ],
      [
       160.25126884039508,
       11.7
      ],
      [
       160.219540172648,
       11.382418489311203
      ],
      [
       160.12557348431466,
       11.077041457976412
      ],
      [
       159.97297986253056,
       10.795604374052413
      ],
      [
       159.7676233946054,
       10.54892270684267
      ],
      [
       159.5173958144363,
       10.34647629447738
      ],
      [
       159.2319132275999,
       10.196045039050485
      ],
      [
       158.92214656980786,
       10.10340992934522
      ],
      [
       158.6,
       9.710382187494346
      ],
      [
       158.20626530356813,
       9.74861213586638
      ],
      [
       157.8276616107112,
       9.861832825506148
      ],
      [
       157.47873844902227,
       10.045693248805687
      ],
      [
       157.1729047399267,
       10.293127752807708
      ],
      [
       156.9219135013515,
       10.594627568286283
      ],
      [
       156.73541018583762,
       10.938606226415615
      ],
      [
       156.62056201120797,
       11.311844820269247
      ],
      [
       156.9487311596049,
       11.7
      ],
      [
       156.98045982735198,
       12.017581510688796
      ],
      [
       157.07442651568533,
       12.322958542023587
      ],
      [
       157.2270201374694,
       12.604395625947586
      ],
      [
       157.43237660539458,
       12.851077293157328
      ],
      [
       157.6826041855637,
       13.053523705522618
      ],
      [
       157.96808677240008,
       13.203954960949513
      ],
      [
       158.27785343019212,
       13.296590070654778
      ],
      [
       158.6,
       14.23224085227992
      ]
     ]
    ]
   },
   "properties": {
    "time": "2026-07-02 17:00:00",
    "beaufort_threshold": 7,
    "grade": "强热带风暴",
    "pressure_hpa": 985.0,
    "wind_ms": 25.0
   }
  },
  {
   "type": "Feature",
   "geometry": {
    "type": "Polygon",
    "coordinates": [
     [
      [
       158.2,
       14.432240852279921
      ],
      [
       158.70148245278307,
       14.383584554351877
      ],
      [
       159.18369321614028,
       14.239485494810356
      ],
      [
       159.62810120086274,
       14.005481319701854
      ],
      [
       160.01762805732443,
       13.690564678244735
      ],
      [
       160.3373044868807,
       13.306837640362913
      ],
      [
       160.57484550362028,
       12.86904662092558
      ],
      [
       160.72112253948447,
       12.394015683293686
      ],
      [
       160.03608160715575,
       11.9
      ],
      [
       160.00080181391746,
       11.547131654790226
      ],
      [
       159.89631821687163,
       11.207823842196014
      ],
      [
       159.72664606205763,
       10.895115971169348
      ],
      [
       159.49830575523174,
       10.62102522982519
      ],
      [
       159.22007228633052,
       10.396084771641533
      ],
      [
       158.90263801152878,
       10.228938932278318
      ],
      [
       158.5582017519879,
       10.126011032605803
      ],
      [
       158.2,
       9.910382187494347
      ],
      [
       157.80597807281328,
       9.948612135866382
      ],
      [
       157.42709818731834,
       10.06183282550615
      ],
      [
       157.0779204850364,
       10.245693248805688
      ],
      [
       156.77186366924508,
       10.493127752807709
      ],
      [
       156.52068933173658,
       10.794627568286284
      ],
      [
       156.33404996144117,
       11.138606226415616
      ],
      [
       156.21911800469076,
       11.511844820269246
      ],
      [
       156.36391839284423,
       11.9
      ],
      [
       156.39919818608251,
       12.252868345209775
      ],
      [
       156.50368178312834,
       12.592176157803987
      ],
      [
       156.67335393794235,
       12.90488402883065
      ],
      [
       156.90169424476824,
       13.178974770174811
      ],
      [
       157.17992771366946,
       13.403915228358466
      ],
      [
       157.4973619884712,
       13.571061067721683
      ],
      [
       157.84179824801208,
       13.673988967394198
      ],
      [
       158.2,
       14.432240852279921
      ]
     ]
    ]
   },
   "properties": {
    "time": "2026-07-02 20:00:00",
    "beaufort_threshold": 7,
    "grade": "强热带风暴",
    "pressure_hpa": 982.0,
    "wind_ms": 28.0
   }
  },
  {
   "type": "Feature",
   "geometry": {
    "type": "Polygon",
    "coordinates": [
     [
      [
       158.2,
       12.804371732957115
      ],
      [
       158.37910087599394,
       12.7869944836971
      ],
      [
       158.55131900576438,
       12.735530533860842
      ],
      [
       158.71003614316527,
       12.651957614179233
      ],
      [
       158.84915287761586,
       12.539487385087405
      ],
      [
       158.9633230310288,
       12.402442014415326
      ],
      [
       159.0481591084358,
       12.246088078901993
      ],
      [
       159.10040090695873,
       12.076434172604888
      ],
      [
       158.9344326428623,
       11.9
      ],
      [
       158.920320725567,
       11.758852661916091
      ],
      [
       158.87852728674864,
       11.623129536878405
      ],
      [
       158.81065842482303,
       11.49804638846774
      ],
      [
       158.71932230209268,
       11.388410091930076
      ],
      [
       158.6080289145322,
       11.298433908656614
      ],
      [
       158.4810552046115,
       11.231575572911327
      ],
      [
       158.34328070079516,
       11.190404413042321
      ],
      [
       158.2,
       11.086065440338597
      ],
      [
       158.03880921160544,
       11.101704964672612
      ],
      [
       157.88381289481202,
       11.148022519525243
      ],
      [
       157.74096747115124,
       11.22323814723869
      ],
      [
       157.61576241014572,
       11.324461353421336
      ],
      [
       157.51300927207404,
       11.447802187026207
      ],
      [
       157.43665680240775,
       11.588520728988208
      ],
      [
       157.38963918373713,
       11.741209244655602
      ],
      [
       157.46556735713767,
       11.9
      ],
      [
       157.47967927443298,
       12.04114733808391
      ],
      [
       157.52147271325134,
       12.176870463121595
      ],
      [
       157.58934157517695,
       12.30195361153226
      ],
      [
       157.6806776979073,
       12.411589908069924
      ],
      [
       157.79197108546776,
       12.501566091343387
      ],
      [
       157.91894479538848,
       12.568424427088674
      ],
      [
       158.05671929920481,
       12.60959558695768
      ],
      [
       158.2,
       12.804371732957115
      ]
     ]
    ]
   },
   "properties": {
    "time": "2026-07-02 20:00:00",
    "beaufort_threshold": 10,
    "grade": "强热带风暴",
    "pressure_hpa": 982.0,
    "wind_ms": 28.0
   }
  },
  {
   "type": "Feature",
   "geometry": {
    "type": "Polygon",
    "coordinates": [
     [
      [
       157.4,
       14.832240852279922
      ],
      [
       157.90223356899472,
       14.78358455435188
      ],
      [
       158.3851665835888,
       14.639485494810357
      ],
      [
       158.83024019886335,
       14.405481319701853
      ],
      [
       159.22035048538353,
       14.090564678244736
      ],
      [
       159.54050572361473,
       13.706837640362913
      ],
      [
       159.77840252729683,
       13.26904662092558
      ],
      [
       159.92489865567845,
       12.794015683293686
      ],
      [
       159.238831674787,
       12.3
      ],
      [
       159.20349903977032,
       11.947131654790226
      ],
      [
       159.09885894806916,
       11.607823842196014
      ],
      [
       158.9289326597248,
       11.295115971169349
      ],
      [
       158.70025034670252,
       11.02102522982519
      ],
      [
       158.42160014204526,
       10.796084771641535
      ],
      [
       158.10369041684913,
       10.628938932278318
      ],
      [
       157.75873826356766,
       10.526011032605803
      ],
      [
       157.4,
       10.310382187494348
      ],
      [
       157.0053879100756,
       10.348612135866382
      ],
      [
       156.62594054146595,
       10.46183282550615
      ],
      [
       156.27623984375023,
       10.645693248805689
      ],
      [
       155.96972461862725,
       10.89312775280771
      ],
      [
       155.71817407430274,
       11.194627568286284
      ],
      [
       155.53125515712392,
       11.538606226415617
      ],
      [
       155.41615105625266,
       11.911844820269248
      ],
      [
       155.561168325213,
       12.3
      ],
      [
       155.5965009602297,
       12.652868345209775
      ],
      [
       155.70114105193085,
       12.992176157803987
      ],
      [
       155.8710673402752,
       13.304884028830651
      ],
      [
       156.0997496532975,
       13.578974770174812
      ],
      [
       156.37839985795475,
       13.803915228358466
      ],
      [
       156.69630958315088,
       13.971061067721683
      ],
      [
       157.04126173643235,
       14.073988967394198
      ],
      [
       157.4,
       14.832240852279922
      ]
     ]
    ]
   },
   "properties": {
    "time": "2026-07-02 23:00:00",
    "beaufort_threshold": 7,
    "grade": "强热带风暴",
    "pressure_hpa": 982.0,
    "wind_ms": 28.0
   }
  },
  {
   "type": "Feature",
   "geometry": {
    "type": "Polygon",
    "coordinates": [
     [
      [
       157.4,
       13.204371732957116
      ],
      [
       157.57936913178384,
       13.1869944836971
      ],
      [
       157.75184520842458,
       13.135530533860843
      ],
      [
       157.91080007102263,
       13.051957614179234
      ],
      [
       158.05012517335126,
       12.939487385087405
      ],
      [
       158.1644663298624,
       12.802442014415327
      ],
      [
       158.2494294740346,
       12.646088078901993
      ],
      [
       158.30174951988516,
       12.476434172604888
      ],
      [
       158.13553266991482,
       12.3
      ],
      [
       158.12139961590813,
       12.158852661916091
      ],
      [
       158.07954357922767,
       12.023129536878406
      ],
      [
       158.01157306388993,
       11.89804638846774
      ],
      [
       157.92010013868102,
       11.788410091930077
      ],
      [
       157.8086400568181,
       11.698433908656614
      ],
      [
       157.68147616673966,
       11.631575572911327
      ],
      [
       157.54349530542706,
       11.590404413042322
      ],
      [
       157.4,
       11.486065440338598
      ],
      [
       157.23856778139455,
       11.501704964672612
      ],
      [
       157.0833393124179,
       11.548022519525244
      ],
      [
       156.94027993607963,
       11.623238147238691
      ],
      [
       156.81488734398388,
       11.724461353421336
      ],
      [
       156.71198030312385,
       11.847802187026208
      ],
      [
       156.6355134733689,
       11.988520728988208
      ],
      [
       156.58842543210335,
       12.141209244655602
      ],
      [
       156.6644673300852,
       12.3
      ],
      [
       156.67860038409188,
       12.44114733808391
      ],
      [
       156.72045642077234,
       12.576870463121596
      ],
      [
       156.78842693611008,
       12.70195361153226
      ],
      [
       156.879899861319,
       12.811589908069925
      ],
      [
       156.99135994318192,
       12.901566091343387
      ],
      [
       157.11852383326035,
       12.968424427088674
      ],
      [
       157.25650469457295,
       13.00959558695768
      ],
      [
       157.4,
       13.204371732957116
      ]
     ]
    ]
   },
   "properties": {
    "time": "2026-07-02 23:00:00",
    "beaufort_threshold": 10,
    "grade": "强热带风暴",
    "pressure_hpa": 982.0,
    "wind_ms": 28.0
   }
  },
  {
   "type": "Feature",
   "geometry": {
    "type": "Polygon",
    "coordinates": [
     [
      [
       156.8,
       15.313115198871344
      ],
      [
       157.3387298074014,
       15.260983451091297
      ],
      [
       157.8567565304275,
       15.106591601582524
      ],
      [
       158.3341726926252,
       14.8558728425377
      ],
      [
       158.75263145861925,
       14.518462155262215
      ],
      [
       159.09605169270688,
       14.107326043245976
      ],
      [
       159.35123594788445,
       13.638264236705979
      ],
      [
       159.5083776363344,
       13.129302517814661
      ],
      [
       158.82505445347016,
       12.6
      ],
      [
       158.78614359997854,
       12.211844820269247
      ],
      [
       158.67090636178193,
       11.838606226415616
      ],
      [
       158.48377124131838,
       11.494627568286283
      ],
      [
       158.23192973632078,
       11.193127752807708
      ],
      [
       157.92505997459182,
       10.945693248805686
      ],
      [
       157.5749547889802,
       10.761832825506149
      ],
      [
       157.1950685254277,
       10.648612135866381
      ],
      [
       156.8,
       10.339070667607213
      ],
      [
       156.35105849383217,
       10.382513790757251
      ],
      [
       155.9193695579771,
       10.511173665347897
      ],
      [
       155.52152275614569,
       10.720105964551916
      ],
      [
       155.1728071178173,
       11.001281537281486
      ],
      [
       154.88662358941096,
       11.343894963961686
      ],
      [
       154.67397004342965,
       11.734779802745017
      ],
      [
       154.54301863638804,
       12.15891456848778
      ],
      [
       154.77494554652986,
       12.6
      ],
      [
       154.81385640002148,
       12.988155179730752
      ],
      [
       154.9290936382181,
       13.361393773584386
      ],
      [
       155.11622875868164,
       13.705372431713716
      ],
      [
       155.36807026367924,
       14.006872247192291
      ],
      [
       155.6749400254082,
       14.254306751194312
      ],
      [
       156.02504521101983,
       14.43816717449385
      ],
      [
       156.40493147457232,
       14.551387864133618
      ],
      [
       156.8,
       15.313115198871344
      ]
     ]
    ]
   },
   "properties": {
    "time": "2026-07-03 02:00:00",
    "beaufort_threshold": 7,
    "grade": "强热带风暴",
    "pressure_hpa": 980.0,
    "wind_ms": 30.0
   }
  },
  {
   "type": "Feature",
   "geometry": {
    "type": "Polygon",
    "coordinates": [
     [
      [
       156.8,
       13.504371732957114
      ],
      [
       156.97957660246715,
       13.4869944836971
      ],
      [
       157.15225217680918,
       13.435530533860842
      ],
      [
       157.31139089754174,
       13.351957614179232
      ],
      [
       157.4508771528731,
       13.239487385087404
      ],
      [
       157.56535056423564,
       13.102442014415326
      ],
      [
       157.65041198262816,
       12.946088078901992
      ],
      [
       157.7027925454448,
       12.776434172604887
      ],
      [
       157.72047929703191,
       12.6
      ],
      [
       157.7027925454448,
       12.423565827395112
      ],
      [
       157.65041198262816,
       12.253911921098007
      ],
      [
       157.56535056423564,
       12.097557985584674
      ],
      [
       157.4508771528731,
       11.960512614912595
      ],
      [
       157.31139089754174,
       11.848042385820767
      ],
      [
       157.15225217680918,
       11.764469466139158
      ],
      [
       156.97957660246715,
       11.7130055163029
      ],
      [
       156.8,
       11.695628267042885
      ],
      [
       156.62042339753287,
       11.7130055163029
      ],
      [
       156.44774782319084,
       11.764469466139158
      ],
      [
       156.28860910245828,
       11.848042385820767
      ],
      [
       156.14912284712693,
       11.960512614912595
      ],
      [
       156.03464943576438,
       12.097557985584674
      ],
      [
       155.94958801737187,
       12.253911921098007
      ],
      [
       155.89720745455523,
       12.423565827395112
      ],
      [
       155.9715686326713,
       12.6
      ],
      [
       155.9874867090997,
       12.758790755344398
      ],
      [
       156.03462921563468,
       12.911479271011794
      ],
      [
       156.11118449218796,
       13.052197812973793
      ],
      [
       156.21421056241425,
       13.175538646578664
      ],
      [
       156.33974819221245,
       13.27676185276131
      ],
      [
       156.48297304087177,
       13.351977480474757
      ],
      [
       156.63838105777958,
       13.398295035327388
      ],
      [
       156.8,
       13.504371732957114
      ]
     ]
    ]
   },
   "properties": {
    "time": "2026-07-03 02:00:00",
    "beaufort_threshold": 10,
    "grade": "强热带风暴",
    "pressure_hpa": 980.0,
    "wind_ms": 30.0
   }
  },
  {
   "type": "Feature",
   "geometry": {
    "type": "Polygon",
    "coordinates": [
     [
      [
       156.1,
       15.413115198871344
      ],
      [
       156.63894088370512,
       15.360983451091297
      ],
      [
       157.15717057149098,
       15.206591601582524
      ],
      [
       157.63477378708254,
       14.955872842537698
      ],
      [
       158.05339650674756,
       14.618462155262215
      ],
      [
       158.39695129413565,
       14.207326043245978
      ],
      [
       158.65223553143525,
       13.738264236705978
      ],
      [
       158.80943878857195,
       13.229302517814661
      ],
      [
       158.12584787719206,
       12.7
      ],
      [
       158.0869217782861,
       12.311844820269247
      ],
      [
       157.97163938971917,
       11.938606226415615
      ],
      [
       157.7844309490328,
       11.594627568286283
      ],
      [
       157.53249077161487,
       11.293127752807708
      ],
      [
       157.22550077719384,
       11.045693248805685
      ],
      [
       156.87525841909337,
       10.861832825506148
      ],
      [
       156.4952233147171,
       10.74861213586638
      ],
      [
       156.1,
       10.439070667607213
      ],
      [
       155.6508825969124,
       10.48251379075725
      ],
      [
       155.2190245237575,
       10.611173665347895
      ],
      [
       154.82102184409788,
       10.820105964551917
      ],
      [
       154.47216957771036,
       11.101281537281485
      ],
      [
       154.18587392155362,
       11.443894963961686
      ],
      [
       153.97313705713728,
       11.834779802745018
      ],
      [
       153.8421343428567,
       12.25891456848778
      ],
      [
       154.07415212280793,
       12.7
      ],
      [
       154.1130782217139,
       13.088155179730752
      ],
      [
       154.22836061028082,
       13.461393773584385
      ],
      [
       154.41556905096718,
       13.805372431713716
      ],
      [
       154.66750922838511,
       14.10687224719229
      ],
      [
       154.97449922280614,
       14.354306751194311
      ],
      [
       155.32474158090662,
       14.53816717449385
      ],
      [
       155.7047766852829,
       14.651387864133618
      ],
      [
       156.1,
       15.413115198871344
      ]
     ]
    ]
   },
   "properties": {
    "time": "2026-07-03 05:00:00",
    "beaufort_threshold": 7,
    "grade": "强热带风暴",
    "pressure_hpa": 980.0,
    "wind_ms": 30.0
   }
  },
  {
   "type": "Feature",
   "geometry": {
    "type": "Polygon",
    "coordinates": [
     [
      [
       156.1,
       13.604371732957114
      ],
      [
       156.27964696123504,
       13.586994483697099
      ],
      [
       156.452390190497,
       13.535530533860841
      ],
      [
       156.61159126236083,
       13.451957614179232
      ],
      [
       156.75113216891586,
       13.339487385087404
      ],
      [
       156.86565043137855,
       13.202442014415325
      ],
      [
       156.95074517714508,
       13.046088078901992
      ],
      [
       157.0031462628573,
       12.876434172604887
      ],
      [
       157.0208399441782,
       12.7
      ],
      [
       157.0031462628573,
       12.523565827395112
      ],
      [
       156.95074517714508,
       12.353911921098007
      ],
      [
       156.86565043137855,
       12.197557985584673
      ],
      [
       156.75113216891586,
       12.060512614912595
      ],
      [
       156.61159126236083,
       11.948042385820766
      ],
      [
       156.452390190497,
       11.864469466139157
      ],
      [
       156.27964696123504,
       11.8130055163029
      ],
      [
       156.1,
       11.795628267042884
      ],
      [
       155.92035303876494,
       11.8130055163029
      ],
      [
       155.747609809503,
       11.864469466139157
      ],
      [
       155.58840873763916,
       11.948042385820766
      ],
      [
       155.44886783108413,
       12.060512614912593
      ],
      [
       155.33434956862143,
       12.197557985584673
      ],
      [
       155.2492548228549,
       12.353911921098007
      ],
      [
       155.19685373714267,
       12.523565827395112
      ],
      [
       155.2712440502396,
       12.7
      ],
      [
       155.2871683634284,
       12.858790755344398
      ],
      [
       155.3343293405694,
       13.011479271011794
      ],
      [
       155.4109146117593,
       13.152197812973792
      ],
      [
       155.51398104797573,
       13.275538646578664
      ],
      [
       155.63956786387524,
       13.376761852761309
      ],
      [
       155.7828488285527,
       13.451977480474756
      ],
      [
       155.93831773488847,
       13.498295035327388
      ],
      [
       156.1,
       13.604371732957114
      ]
     ]
    ]
   },
   "properties": {
    "time": "2026-07-03 05:00:00",
    "beaufort_threshold": 10,
    "grade": "强热带风暴",
    "pressure_hpa": 980.0,
    "wind_ms": 30.0
   }
  },
  {
   "type": "Feature",
   "geometry": {
    "type": "Polygon",
    "coordinates": [
     [
      [
       155.3,
       16.1653010653499
      ],
      [
       155.9295158067424,
       16.10448069293985
      ],
      [
       156.53483967406817,
       15.924356868512945
      ],
      [
       157.0927093452256,
       15.631851649627315
      ],
      [
       157.581686201609,
       15.238205847805919
      ],
      [
       157.9829791368489,
       14.75854705045364
      ],
      [
       158.28116668849174,
       14.211308276156975
      ],
      [
       158.4647896761534,
       13.617519604117106
      ],
      [
       157.328268987734,
       13.0
      ],
      [
       157.28929636786785,
       12.611844820269248
      ],
      [
       157.1738762041948,
       12.238606226415616
      ],
      [
       156.98644402887646,
       11.894627568286284
      ],
      [
       156.73420275529708,
       11.593127752807709
      ],
      [
       156.4268458741418,
       11.345693248805686
      ],
      [
       156.07618493798572,
       11.16183282550615
      ],
      [
       155.69569564995237,
       11.048612135866382
      ],
      [
       155.3,
       9.834698934650099
      ],
      [
       154.67048419325764,
       9.895519307060153
      ],
      [
       154.06516032593186,
       10.075643131487055
      ],
      [
       153.50729065477444,
       10.368148350372685
      ],
      [
       153.01831379839103,
       10.761794152194081
      ],
      [
       152.6170208631511,
       11.24145294954636
      ],
      [
       152.31883331150829,
       11.788691723843025
      ],
      [
       152.13521032384662,
       12.382480395882892
      ],
      [
       153.27173101226603,
       13.0
      ],
      [
       153.31070363213217,
       13.388155179730752
      ],
      [
       153.4261237958052,
       13.761393773584386
      ],
      [
       153.61355597112356,
       14.105372431713716
      ],
      [
       153.86579724470295,
       14.406872247192291
      ],
      [
       154.17315412585822,
       14.654306751194312
      ],
      [
       154.5238150620143,
       14.83816717449385
      ],
      [
       154.90430435004765,
       14.951387864133618
      ],
      [
       155.3,
       16.1653010653499
      ]
     ]
    ]
   },
   "properties": {
    "time": "2026-07-03 08:00:00",
    "beaufort_threshold": 7,
    "grade": "台风",
    "pressure_hpa": 970.0,
    "wind_ms": 35.0
   }
  },
  {
   "type": "Feature",
   "geometry": {
    "type": "Polygon",
    "coordinates": [
     [
      [
       155.3,
       14.356557599435671
      ],
      [
       155.5697924886039,
       14.330491725545649
      ],
      [
       155.8292170031721,
       14.253295800791262
      ],
      [
       156.06830400509668,
       14.12793642126885
      ],
      [
       156.27786551497528,
       13.959231077631108
      ],
      [
       156.44984820150668,
       13.75366302162299
      ],
      [
       156.57764286649646,
       13.51913211835299
      ],
      [
       156.65633843263717,
       13.264651258907332
      ],
      [
       156.129746404073,
       13.0
      ],
      [
       156.11380305958232,
       12.841209244655602
      ],
      [
       156.0665857198979,
       12.688520728988207
      ],
      [
       155.989908920904,
       12.547802187026207
      ],
      [
       155.88671930898516,
       12.424461353421336
      ],
      [
       155.76098240305802,
       12.32323814723869
      ],
      [
       155.61753020190326,
       12.248022519525243
      ],
      [
       155.46187549316232,
       12.201704964672611
      ],
      [
       155.3,
       11.643442400564329
      ],
      [
       155.03020751139613,
       11.669508274454351
      ],
      [
       154.77078299682793,
       11.746704199208738
      ],
      [
       154.53169599490334,
       11.87206357873115
      ],
      [
       154.32213448502475,
       12.040768922368892
      ],
      [
       154.15015179849334,
       12.24633697837701
      ],
      [
       154.02235713350356,
       12.480867881647011
      ],
      [
       153.94366156736285,
       12.735348741092668
      ],
      [
       154.47025359592703,
       13.0
      ],
      [
       154.4861969404177,
       13.158790755344398
      ],
      [
       154.53341428010214,
       13.311479271011795
      ],
      [
       154.610091079096,
       13.452197812973793
      ],
      [
       154.71328069101486,
       13.575538646578664
      ],
      [
       154.839017596942,
       13.67676185276131
      ],
      [
       154.98246979809676,
       13.751977480474757
      ],
      [
       155.1381245068377,
       13.798295035327389
      ],
      [
       155.3,
       14.356557599435671
      ]
     ]
    ]
   },
   "properties": {
    "time": "2026-07-03 08:00:00",
    "beaufort_threshold": 10,
    "grade": "台风",
    "pressure_hpa": 970.0,
    "wind_ms": 35.0
   }
  },
  {
   "type": "Feature",
   "geometry": {
    "type": "Polygon",
    "coordinates": [
     [
      [
       155.3,
       13.63306021306998
      ],
      [
       155.4259031613485,
       13.62089613858797
      ],
      [
       155.54696793481364,
       13.584871373702589
      ],
      [
       155.65854186904514,
       13.526370329925463
      ],
      [
       155.7563372403218,
       13.447641169561184
      ],
      [
       155.8365958273698,
       13.351709410090727
      ],
      [
       155.89623333769836,
       13.242261655231395
      ],
      [
       155.9329579352307,
       13.12350392082342
      ],
      [
       155.760970224485,
       13.0
      ],
      [
       155.75211281087905,
       12.911782913697555
      ],
      [
       155.72588095549884,
       12.826955960549004
      ],
      [
       155.68328273383557,
       12.748778992792337
      ],
      [
       155.62595517165843,
       12.680256307456297
      ],
      [
       155.55610133503222,
       12.624021192910384
      ],
      [
       155.47640566772404,
       12.58223473306958
      ],
      [
       155.38993082953465,
       12.556502758151451
      ],
      [
       155.3,
       12.36693978693002
      ],
      [
       155.17409683865154,
       12.37910386141203
      ],
      [
       155.0530320651864,
       12.415128626297411
      ],
      [
       154.94145813095489,
       12.473629670074537
      ],
      [
       154.8436627596782,
       12.552358830438816
      ],
      [
       154.76340417263023,
       12.648290589909273
      ],
      [
       154.70376666230166,
       12.757738344768605
      ],
      [
       154.66704206476933,
       12.876496079176578
      ],
      [
       154.83902977551503,
       13.0
      ],
      [
       154.84788718912097,
       13.088217086302445
      ],
      [
       154.87411904450119,
       13.173044039450996
      ],
      [
       154.91671726616445,
       13.251221007207663
      ],
      [
       154.9740448283416,
       13.319743692543703
      ],
      [
       155.0438986649678,
       13.375978807089616
      ],
      [
       155.12359433227599,
       13.41776526693042
      ],
      [
       155.21006917046537,
       13.443497241848549
      ],
      [
       155.3,
       13.63306021306998
      ]
     ]
    ]
   },
   "properties": {
    "time": "2026-07-03 08:00:00",
    "beaufort_threshold": 12,
    "grade": "台风",
    "pressure_hpa": 970.0,
    "wind_ms": 35.0
   }
  },
  {
   "type": "Feature",
   "geometry": {
    "type": "Polygon",
    "coordinates": [
     [
      [
       154.8,
       16.065301065349903
      ],
      [
       155.4292632093421,
       16.004480692939847
      ],
      [
       156.03434418644403,
       15.824356868512945
      ],
      [
       156.59199000868915,
       15.531851649627317
      ],
      [
       157.0807706598599,
       15.138205847805919
      ],
      [
       157.48190257364314,
       14.65854705045364
      ],
      [
       157.7799704755496,
       14.111308276156976
      ],
      [
       157.96351978326734,
       13.517519604117107
      ],
      [
       156.8274551313258,
       12.9
      ],
      [
       156.78849814948234,
       12.511844820269248
      ],
      [
       156.6731242989169,
       12.138606226415616
      ],
      [
       156.48576733200426,
       11.794627568286284
      ],
      [
       156.23362727191193,
       11.493127752807709
      ],
      [
       155.92639371974747,
       11.245693248805686
      ],
      [
       155.57587348862197,
       11.06183282550615
      ],
      [
       155.1955368744436,
       10.948612135866382
      ],
      [
       154.8,
       9.7346989346501
      ],
      [
       154.1707367906579,
       9.795519307060154
      ],
      [
       153.565655813556,
       9.975643131487054
      ],
      [
       153.00800999131087,
       10.268148350372684
      ],
      [
       152.51922934014013,
       10.661794152194082
      ],
      [
       152.11809742635688,
       11.14145294954636
      ],
      [
       151.82002952445043,
       11.688691723843025
      ],
      [
       151.63648021673268,
       12.282480395882892
      ],
      [
       152.77254486867423,
       12.9
      ],
      [
       152.8115018505177,
       13.288155179730753
      ],
      [
       152.92687570108313,
       13.661393773584386
      ],
      [
       153.11423266799576,
       14.005372431713717
      ],
      [
       153.3663727280881,
       14.306872247192292
      ],
      [
       153.67360628025256,
       14.554306751194312
      ],
      [
       154.02412651137806,
       14.738167174493851
      ],
      [
       154.40446312555642,
       14.851387864133619
      ],
      [
       154.8,
       16.065301065349903
      ]
     ]
    ]
   },
   "properties": {
    "time": "2026-07-03 11:00:00",
    "beaufort_threshold": 7,
    "grade": "台风",
    "pressure_hpa": 960.0,
    "wind_ms": 40.0
   }
  },
  {
   "type": "Feature",
   "geometry": {
    "type": "Polygon",
    "coordinates": [
     [
      [
       154.8,
       14.256557599435672
      ],
      [
       155.06968423257518,
       14.23049172554565
      ],
      [
       155.32900465133318,
       14.153295800791263
      ],
      [
       155.56799571800963,
       14.02793642126885
      ],
      [
       155.77747313993996,
       13.859231077631108
      ],
      [
       155.94938681727564,
       13.65366302162299
      ],
      [
       156.07713020380697,
       13.41913211835299
      ],
      [
       156.15579419282886,
       13.164651258907332
      ],
      [
       155.6294134628151,
       12.9
      ],
      [
       155.61347651569733,
       12.741209244655602
      ],
      [
       155.5662781222842,
       12.588520728988208
      ],
      [
       155.48963209036538,
       12.447802187026207
      ],
      [
       155.386483883964,
       12.324461353421336
      ],
      [
       155.26079743080578,
       12.22323814723869
      ],
      [
       155.1174027907999,
       12.148022519525243
      ],
      [
       154.96181053954513,
       12.101704964672612
      ],
      [
       154.8,
       11.543442400564329
      ],
      [
       154.53031576742484,
       11.569508274454352
      ],
      [
       154.27099534866684,
       11.646704199208738
      ],
      [
       154.0320042819904,
       11.772063578731151
      ],
      [
       153.82252686006007,
       11.940768922368893
      ],
      [
       153.65061318272438,
       12.146336978377011
      ],
      [
       153.52286979619305,
       12.380867881647012
      ],
      [
       153.44420580717116,
       12.635348741092669
      ],
      [
       153.97058653718491,
       12.9
      ],
      [
       153.9865234843027,
       13.058790755344399
      ],
      [
       154.03372187771583,
       13.211479271011795
      ],
      [
       154.11036790963465,
       13.352197812973793
      ],
      [
       154.21351611603603,
       13.475538646578665
      ],
      [
       154.33920256919424,
       13.57676185276131
      ],
      [
       154.48259720920012,
       13.651977480474757
      ],
      [
       154.6381894604549,
       13.698295035327389
      ],
      [
       154.8,
       14.256557599435672
      ]
     ]
    ]
   },
   "properties": {
    "time": "2026-07-03 11:00:00",
    "beaufort_threshold": 10,
    "grade": "台风",
    "pressure_hpa": 960.0,
    "wind_ms": 40.0
   }
  },
  {
   "type": "Feature",
   "geometry": {
    "type": "Polygon",
    "coordinates": [
     [
      [
       154.8,
       13.53306021306998
      ],
      [
       154.92585264186843,
       13.52089613858797
      ],
      [
       155.04686883728883,
       13.484871373702589
      ],
      [
       155.15839800173785,
       13.426370329925463
      ],
      [
       155.25615413197198,
       13.347641169561184
      ],
      [
       155.33638051472863,
       13.251709410090728
      ],
      [
       155.39599409510993,
       13.142261655231396
      ],
      [
       155.43270395665348,
       13.023503920823421
      ],
      [
       155.2607852571195,
       12.9
      ],
      [
       155.25193139760964,
       12.811782913697556
      ],
      [
       155.22571006793567,
       12.726955960549004
      ],
      [
       155.1831289390919,
       12.648778992792337
      ],
      [
       155.12582437998,
       12.580256307456297
      ],
      [
       155.0559985726699,
       12.524021192910384
      ],
      [
       154.97633488377772,
       12.48223473306958
      ],
      [
       154.88989474419174,
       12.456502758151451
      ],
      [
       154.8,
       12.26693978693002
      ],
      [
       154.6741473581316,
       12.27910386141203
      ],
      [
       154.5531311627112,
       12.315128626297412
      ],
      [
       154.44160199826217,
       12.373629670074537
      ],
      [
       154.34384586802804,
       12.452358830438817
      ],
      [
       154.2636194852714,
       12.548290589909273
      ],
      [
       154.2040059048901,
       12.657738344768605
      ],
      [
       154.16729604334654,
       12.776496079176578
      ],
      [
       154.33921474288053,
       12.9
      ],
      [
       154.34806860239038,
       12.988217086302445
      ],
      [
       154.37428993206436,
       13.073044039450997
      ],
      [
       154.41687106090814,
       13.151221007207663
      ],
      [
       154.47417562002002,
       13.219743692543704
      ],
      [
       154.54400142733013,
       13.275978807089617
      ],
      [
       154.6236651162223,
       13.31776526693042
      ],
      [
       154.7101052558083,
       13.34349724184855
      ],
      [
       154.8,
       13.53306021306998
      ]
     ]
    ]
   },
   "properties": {
    "time": "2026-07-03 11:00:00",
    "beaufort_threshold": 12,
    "grade": "台风",
    "pressure_hpa": 960.0,
    "wind_ms": 40.0
   }
  },
  {
   "type": "Feature",
   "geometry": {
    "type": "Polygon",
    "coordinates": [
     [
      [
       154.2,
       16.065301065349903
      ],
      [
       154.8292632093421,
       16.004480692939847
      ],
      [
       155.434344186444,
       15.824356868512945
      ],
      [
       155.99199000868913,
       15.531851649627317
      ],
      [
       156.48077065985987,
       15.138205847805919
      ],
      [
       156.88190257364312,
       14.65854705045364
      ],
      [
       157.17997047554957,
       14.111308276156976
      ],
      [
       157.36351978326732,
       13.517519604117107
      ],
      [
       156.04314102847798,
       12.9
      ],
      [
       156.00772559043847,
       12.547131654790226
      ],
      [
       155.9028402717426,
       12.207823842196014
      ],
      [
       155.7325157563675,
       11.895115971169348
      ],
      [
       155.50329751991993,
       11.62102522982519
      ],
      [
       155.22399429067949,
       11.396084771641533
      ],
      [
       154.90533953511087,
       11.228938932278318
      ],
      [
       154.5595789767669,
       11.126011032605803
      ],
      [
       154.2,
       9.7346989346501
      ],
      [
       153.5707367906579,
       9.795519307060154
      ],
      [
       152.96565581355597,
       9.975643131487054
      ],
      [
       152.40800999131085,
       10.268148350372684
      ],
      [
       151.9192293401401,
       10.661794152194082
      ],
      [
       151.51809742635686,
       11.14145294954636
      ],
      [
       151.2200295244504,
       11.688691723843025
      ],
      [
       151.03648021673266,
       12.282480395882892
      ],
      [
       152.1725448686742,
       12.9
      ],
      [
       152.21150185051766,
       13.288155179730753
      ],
      [
       152.3268757010831,
       13.661393773584386
      ],
      [
       152.51423266799574,
       14.005372431713717
      ],
      [
       152.76637272808807,
       14.306872247192292
      ],
      [
       153.07360628025253,
       14.554306751194312
      ],
      [
       153.42412651137803,
       14.738167174493851
      ],
      [
       153.8044631255564,
       14.851387864133619
      ],
      [
       154.2,
       16.065301065349903
      ]
     ]
    ]
   },
   "properties": {
    "time": "2026-07-03 14:00:00",
    "beaufort_threshold": 7,
    "grade": "强台风",
    "pressure_hpa": 945.0,
    "wind_ms": 48.0
   }
  },
  {
   "type": "Feature",
   "geometry": {
    "type": "Polygon",
    "coordinates": [
     [
      [
       154.2,
       14.256557599435672
      ],
      [
       154.46968423257516,
       14.23049172554565
      ],
      [
       154.72900465133316,
       14.153295800791263
      ],
      [
       154.9679957180096,
       14.02793642126885
      ],
      [
       155.17747313993993,
       13.859231077631108
      ],
      [
       155.34938681727562,
       13.65366302162299
      ],
      [
       155.47713020380695,
       13.41913211835299
      ],
      [
       155.55579419282884,
       13.164651258907332
      ],
      [
       155.02941346281509,
       12.9
      ],
      [
       155.0134765156973,
       12.741209244655602
      ],
      [
       154.96627812228417,
       12.588520728988208
      ],
      [
       154.88963209036535,
       12.447802187026207
      ],
      [
       154.78648388396397,
       12.324461353421336
      ],
      [
       154.66079743080576,
       12.22323814723869
      ],
      [
       154.51740279079988,
       12.148022519525243
      ],
      [
       154.3618105395451,
       12.101704964672612
      ],
      [
       154.2,
       11.543442400564329
      ],
      [
       153.93031576742482,
       11.569508274454352
      ],
      [
       153.67099534866682,
       11.646704199208738
      ],
      [
       153.43200428199037,
       11.772063578731151
      ],
      [
       153.22252686006004,
       11.940768922368893
      ],
      [
       153.05061318272436,
       12.146336978377011
      ],
      [
       152.92286979619303,
       12.380867881647012
      ],
      [
       152.84420580717114,
       12.635348741092669
      ],
      [
       153.0941153829132,
       12.9
      ],
      [
       153.1153646457369,
       13.111721007125865
      ],
      [
       153.17829583695442,
       13.315305694682392
      ],
      [
       153.2804905461795,
       13.50293041729839
      ],
      [
       153.41802148804803,
       13.667384862104887
      ],
      [
       153.5856034255923,
       13.80234913701508
      ],
      [
       153.77679627893346,
       13.90263664063301
      ],
      [
       153.98425261393984,
       13.964393380436519
      ],
      [
       154.2,
       14.256557599435672
      ]
     ]
    ]
   },
   "properties": {
    "time": "2026-07-03 14:00:00",
    "beaufort_threshold": 10,
    "grade": "强台风",
    "pressure_hpa": 945.0,
    "wind_ms": 48.0
   }
  },
  {
   "type": "Feature",
   "geometry": {
    "type": "Polygon",
    "coordinates": [
     [
      [
       154.2,
       13.53306021306998
      ],
      [
       154.3258526418684,
       13.52089613858797
      ],
      [
       154.4468688372888,
       13.484871373702589
      ],
      [
       154.55839800173783,
       13.426370329925463
      ],
      [
       154.65615413197196,
       13.347641169561184
      ],
      [
       154.7363805147286,
       13.251709410090728
      ],
      [
       154.7959940951099,
       13.142261655231396
      ],
      [
       154.83270395665346,
       13.023503920823421
      ],
      [
       154.7529423085434,
       12.9
      ],
      [
       154.74231767713152,
       12.794139496437069
      ],
      [
       154.71085208152277,
       12.692347152658805
      ],
      [
       154.65975472691025,
       12.598534791350804
      ],
      [
       154.59098925597596,
       12.516307568947557
      ],
      [
       154.50719828720383,
       12.44882543149246
      ],
      [
       154.41160186053324,
       12.398681679683495
      ],
      [
       154.30787369303007,
       12.36780330978174
      ],
      [
       154.2,
       12.26693978693002
      ],
      [
       154.07414735813157,
       12.27910386141203
      ],
      [
       153.95313116271117,
       12.315128626297412
      ],
      [
       153.84160199826215,
       12.373629670074537
      ],
      [
       153.74384586802802,
       12.452358830438817
      ],
      [
       153.66361948527137,
       12.548290589909273
      ],
      [
       153.60400590489007,
       12.657738344768605
      ],
      [
       153.56729604334652,
       12.776496079176578
      ],
      [
       153.55490064003268,
       12.9
      ],
      [
       153.56729604334652,
       13.023503920823421
      ],
      [
       153.60400590489007,
       13.142261655231396
      ],
      [
       153.66361948527137,
       13.251709410090728
      ],
      [
       153.74384586802802,
       13.347641169561184
      ],
      [
       153.84160199826215,
       13.426370329925463
      ],
      [
       153.95313116271117,
       13.484871373702589
      ],
      [
       154.07414735813157,
       13.52089613858797
      ],
      [
       154.2,
       13.53306021306998
      ]
     ]
    ]
   },
   "properties": {
    "time": "2026-07-03 14:00:00",
    "beaufort_threshold": 12,
    "grade": "强台风",
    "pressure_hpa": 945.0,
    "wind_ms": 48.0
   }
  },
  {
   "type": "Feature",
   "geometry": {
    "type": "Polygon",
    "coordinates": [
     [
      [
       153.6,
       16.065301065349903
      ],
      [
       154.2292632093421,
       16.004480692939847
      ],
      [
       154.834344186444,
       15.824356868512945
      ],
      [
       155.39199000868913,
       15.531851649627317
      ],
      [
       155.88077065985988,
       15.138205847805919
      ],
      [
       156.28190257364312,
       14.65854705045364
      ],
      [
       156.57997047554957,
       14.111308276156976
      ],
      [
       156.76351978326733,
       13.517519604117107
      ],
      [
       155.44314102847798,
       12.9
      ],
      [
       155.40772559043847,
       12.547131654790226
      ],
      [
       155.3028402717426,
       12.207823842196014
      ],
      [
       155.1325157563675,
       11.895115971169348
      ],
      [
       154.90329751991993,
       11.62102522982519
      ],
      [
       154.6239942906795,
       11.396084771641533
      ],
      [
       154.30533953511087,
       11.228938932278318
      ],
      [
       153.9595789767669,
       11.126011032605803
      ],
      [
       153.6,
       9.7346989346501
      ],
      [
       152.9707367906579,
       9.795519307060154
      ],
      [
       152.36565581355597,
       9.975643131487054
      ],
      [
       151.80800999131085,
       10.268148350372684
      ],
      [
       151.3192293401401,
       10.661794152194082
      ],
      [
       150.91809742635687,
       11.14145294954636
      ],
      [
       150.62002952445042,
       11.688691723843025
      ],
      [
       150.43648021673266,
       12.282480395882892
      ],
      [
       151.5725448686742,
       12.9
      ],
      [
       151.61150185051767,
       13.288155179730753
      ],
      [
       151.72687570108312,
       13.661393773584386
      ],
      [
       151.91423266799575,
       14.005372431713717
      ],
      [
       152.16637272808808,
       14.306872247192292
      ],
      [
       152.47360628025254,
       14.554306751194312
      ],
      [
       152.82412651137804,
       14.738167174493851
      ],
      [
       153.2044631255564,
       14.851387864133619
      ],
      [
       153.6,
       16.065301065349903
      ]
     ]
    ]
   },
   "properties": {
    "time": "2026-07-03 17:00:00",
    "beaufort_threshold": 7,
    "grade": "强台风",
    "pressure_hpa": 945.0,
    "wind_ms": 48.0
   }
  },
  {
   "type": "Feature",
   "geometry": {
    "type": "Polygon",
    "coordinates": [
     [
      [
       153.6,
       14.256557599435672
      ],
      [
       153.86968423257517,
       14.23049172554565
      ],
      [
       154.12900465133316,
       14.153295800791263
      ],
      [
       154.3679957180096,
       14.02793642126885
      ],
      [
       154.57747313993994,
       13.859231077631108
      ],
      [
       154.74938681727562,
       13.65366302162299
      ],
      [
       154.87713020380696,
       13.41913211835299
      ],
      [
       154.95579419282885,
       13.164651258907332
      ],
      [
       154.4294134628151,
       12.9
      ],
      [
       154.4134765156973,
       12.741209244655602
      ],
      [
       154.36627812228417,
       12.588520728988208
      ],
      [
       154.28963209036536,
       12.447802187026207
      ],
      [
       154.18648388396397,
       12.324461353421336
      ],
      [
       154.06079743080576,
       12.22323814723869
      ],
      [
       153.91740279079988,
       12.148022519525243
      ],
      [
       153.7618105395451,
       12.101704964672612
      ],
      [
       153.6,
       11.543442400564329
      ],
      [
       153.33031576742482,
       11.569508274454352
      ],
      [
       153.07099534866683,
       11.646704199208738
      ],
      [
       152.83200428199038,
       11.772063578731151
      ],
      [
       152.62252686006005,
       11.940768922368893
      ],
      [
       152.45061318272437,
       12.146336978377011
      ],
      [
       152.32286979619303,
       12.380867881647012
      ],
      [
       152.24420580717114,
       12.635348741092669
      ],
      [
       152.4941153829132,
       12.9
      ],
      [
       152.5153646457369,
       13.111721007125865
      ],
      [
       152.57829583695442,
       13.315305694682392
      ],
      [
       152.6804905461795,
       13.50293041729839
      ],
      [
       152.81802148804803,
       13.667384862104887
      ],
      [
       152.9856034255923,
       13.80234913701508
      ],
      [
       153.17679627893347,
       13.90263664063301
      ],
      [
       153.38425261393985,
       13.964393380436519
      ],
      [
       153.6,
       14.256557599435672
      ]
     ]
    ]
   },
   "properties": {
    "time": "2026-07-03 17:00:00",
    "beaufort_threshold": 10,
    "grade": "强台风",
    "pressure_hpa": 945.0,
    "wind_ms": 48.0
   }
  },
  {
   "type": "Feature",
   "geometry": {
    "type": "Polygon",
    "coordinates": [
     [
      [
       153.6,
       13.53306021306998
      ],
      [
       153.7258526418684,
       13.52089613858797
      ],
      [
       153.8468688372888,
       13.484871373702589
      ],
      [
       153.95839800173783,
       13.426370329925463
      ],
      [
       154.05615413197197,
       13.347641169561184
      ],
      [
       154.13638051472861,
       13.251709410090728
      ],
      [
       154.1959940951099,
       13.142261655231396
      ],
      [
       154.23270395665347,
       13.023503920823421
      ],
      [
       154.1529423085434,
       12.9
      ],
      [
       154.14231767713153,
       12.794139496437069
      ],
      [
       154.11085208152278,
       12.692347152658805
      ],
      [
       154.05975472691026,
       12.598534791350804
      ],
      [
       153.99098925597596,
       12.516307568947557
      ],
      [
       153.90719828720384,
       12.44882543149246
      ],
      [
       153.81160186053324,
       12.398681679683495
      ],
      [
       153.70787369303008,
       12.36780330978174
      ],
      [
       153.6,
       12.26693978693002
      ],
      [
       153.47414735813157,
       12.27910386141203
      ],
      [
       153.35313116271118,
       12.315128626297412
      ],
      [
       153.24160199826215,
       12.373629670074537
      ],
      [
       153.14384586802802,
       12.452358830438817
      ],
      [
       153.06361948527137,
       12.548290589909273
      ],
      [
       153.00400590489008,
       12.657738344768605
      ],
      [
       152.96729604334652,
       12.776496079176578
      ],
      [
       152.9549006400327,
       12.9
      ],
      [
       152.96729604334652,
       13.023503920823421
      ],
      [
       153.00400590489008,
       13.142261655231396
      ],
      [
       153.06361948527137,
       13.251709410090728
      ],
      [
       153.14384586802802,
       13.347641169561184
      ],
      [
       153.24160199826215,
       13.426370329925463
      ],
      [
       153.35313116271118,
       13.484871373702589
      ],
      [
       153.47414735813157,
       13.52089613858797
      ],
      [
       153.6,
       13.53306021306998
      ]
     ]
    ]
   },
   "properties": {
    "time": "2026-07-03 17:00:00",
    "beaufort_threshold": 12,
    "grade": "强台风",
    "pressure_hpa": 945.0,
    "wind_ms": 48.0
   }
  },
  {
   "type": "Feature",
   "geometry": {
    "type": "Polygon",
    "coordinates": [
     [
      [
       153.2,
       15.965301065349902
      ],
      [
       153.82901272988659,
       15.904480692939847
      ],
      [
       154.43385285331803,
       15.724356868512945
      ],
      [
       154.99127670354915,
       15.431851649627315
      ],
      [
       155.4798627946224,
       15.03820584780592
      ],
      [
       155.88083503706008,
       14.55854705045364
      ],
      [
       156.17878429245317,
       14.011308276156976
      ],
      [
       156.36226053800877,
       13.417519604117107
      ],
      [
       155.04240736257418,
       12.8
      ],
      [
       155.0070060217193,
       12.447131654790226
      ],
      [
       154.90216245283037,
       12.107823842196014
      ],
      [
       154.7319057354629,
       11.795115971169349
      ],
      [
       154.50277873978422,
       11.52102522982519
      ],
      [
       154.22358668774237,
       11.296084771641535
      ],
      [
       153.90505877332458,
       11.128938932278318
      ],
      [
       153.55943584564946,
       11.026011032605803
      ],
      [
       153.2,
       9.6346989346501
      ],
      [
       152.5709872701134,
       9.695519307060154
      ],
      [
       151.96614714668195,
       9.875643131487056
      ],
      [
       151.40872329645083,
       10.168148350372686
      ],
      [
       150.92013720537759,
       10.561794152194082
      ],
      [
       150.5191649629399,
       11.041452949546361
      ],
      [
       150.2212157075468,
       11.588691723843025
      ],
      [
       150.0377394619912,
       12.182480395882893
      ],
      [
       151.1733519011684,
       12.8
      ],
      [
       151.21229337610876,
       13.188155179730753
      ],
      [
       151.32762130188655,
       13.561393773584387
      ],
      [
       151.5149036909908,
       13.905372431713717
      ],
      [
       151.76694338623733,
       14.206872247192292
      ],
      [
       152.07405464348338,
       14.454306751194313
      ],
      [
       152.42443534934293,
       14.638167174493852
      ],
      [
       152.80462056978556,
       14.75138786413362
      ],
      [
       153.2,
       15.965301065349902
      ]
     ]
    ]
   },
   "properties": {
    "time": "2026-07-03 20:00:00",
    "beaufort_threshold": 7,
    "grade": "强台风",
    "pressure_hpa": 940.0,
    "wind_ms": 50.0
   }
  },
  {
   "type": "Feature",
   "geometry": {
    "type": "Polygon",
    "coordinates": [
     [
      [
       153.2,
       14.156557599435672
      ],
      [
       153.4695768842371,
       14.13049172554565
      ],
      [
       153.72879407999343,
       14.053295800791263
      ],
      [
       153.96769001580677,
       13.92793642126885
      ],
      [
       154.17708405483816,
       13.759231077631108
      ],
      [
       154.34892930159717,
       13.55366302162299
      ],
      [
       154.4766218396228,
       13.319132118352991
      ],
      [
       154.55525451628947,
       13.064651258907332
      ],
      [
       154.02908331315837,
       12.8
      ],
      [
       154.01315270977366,
       12.641209244655602
      ],
      [
       153.96597310377368,
       12.488520728988208
      ],
      [
       153.8893575809583,
       12.347802187026208
      ],
      [
       153.7862504329029,
       12.224461353421336
      ],
      [
       153.66061400948405,
       12.123238147238691
      ],
      [
       153.51727644799607,
       12.048022519525244
      ],
      [
       153.36174613054226,
       12.001704964672612
      ],
      [
       153.2,
       11.44344240056433
      ],
      [
       152.93042311576286,
       11.469508274454352
      ],
      [
       152.67120592000654,
       11.546704199208738
      ],
      [
       152.4323099841932,
       11.672063578731152
      ],
      [
       152.22291594516182,
       11.840768922368893
      ],
      [
       152.0510706984028,
       12.046336978377012
      ],
      [
       151.92337816037718,
       12.280867881647012
      ],
      [
       151.8447454837105,
       12.535348741092669
      ],
      [
       152.09455558245548,
       12.8
      ],
      [
       152.1157963869684,
       13.011721007125866
      ],
      [
       152.17870252830176,
       13.215305694682392
      ],
      [
       152.28085655872223,
       13.402930417298391
      ],
      [
       152.41833275612944,
       13.567384862104888
      ],
      [
       152.58584798735455,
       13.70234913701508
      ],
      [
       152.77696473600523,
       13.802636640633011
      ],
      [
       152.9843384926103,
       13.86439338043652
      ],
      [
       153.2,
       14.156557599435672
      ]
     ]
    ]
   },
   "properties": {
    "time": "2026-07-03 20:00:00",
    "beaufort_threshold": 10,
    "grade": "强台风",
    "pressure_hpa": 940.0,
    "wind_ms": 50.0
   }
  },
  {
   "type": "Feature",
   "geometry": {
    "type": "Polygon",
    "coordinates": [
     [
      [
       153.2,
       13.43306021306998
      ],
      [
       153.3258025459773,
       13.42089613858797
      ],
      [
       153.4467705706636,
       13.38487137370259
      ],
      [
       153.55825534070982,
       13.326370329925464
      ],
      [
       153.65597255892447,
       13.247641169561184
      ],
      [
       153.736167007412,
       13.151709410090728
      ],
      [
       153.79575685849062,
       13.042261655231396
      ],
      [
       153.83245210760174,
       12.923503920823421
      ],
      [
       153.75272220877224,
       12.8
      ],
      [
       153.7421018065158,
       12.694139496437069
      ],
      [
       153.7106487358491,
       12.592347152658805
      ],
      [
       153.65957172063887,
       12.498534791350805
      ],
      [
       153.59083362193525,
       12.416307568947557
      ],
      [
       153.5070760063227,
       12.348825431492461
      ],
      [
       153.41151763199736,
       12.298681679683495
      ],
      [
       153.30783075369484,
       12.26780330978174
      ],
      [
       153.2,
       12.16693978693002
      ],
      [
       153.07419745402268,
       12.179103861412031
      ],
      [
       152.95322942933637,
       12.215128626297412
      ],
      [
       152.84174465929016,
       12.273629670074538
      ],
      [
       152.7440274410755,
       12.352358830438817
      ],
      [
       152.66383299258797,
       12.448290589909274
      ],
      [
       152.60424314150936,
       12.557738344768605
      ],
      [
       152.56754789239824,
       12.676496079176578
      ],
      [
       152.55515742309902,
       12.8
      ],
      [
       152.56754789239824,
       12.923503920823421
      ],
      [
       152.60424314150936,
       13.042261655231396
      ],
      [
       152.66383299258797,
       13.151709410090728
      ],
      [
       152.7440274410755,
       13.247641169561184
      ],
      [
       152.84174465929016,
       13.326370329925464
      ],
      [
       152.95322942933637,
       13.38487137370259
      ],
      [
       153.07419745402268,
       13.42089613858797
      ],
      [
       153.2,
       13.43306021306998
      ]
     ]
    ]
   },
   "properties": {
    "time": "2026-07-03 20:00:00",
    "beaufort_threshold": 12,
    "grade": "强台风",
    "pressure_hpa": 940.0,
    "wind_ms": 50.0
   }
  },
  {
   "type": "Feature",
   "geometry": {
    "type": "Polygon",
    "coordinates": [
     [
      [
       152.8,
       15.8653010653499
      ],
      [
       153.42876436432266,
       15.804480692939846
      ],
      [
       154.03336566673948,
       15.624356868512944
      ],
      [
       154.59056941826296,
       15.331851649627314
      ],
      [
       155.0789625912055,
       14.938205847805918
      ],
      [
       155.47977650982494,
       14.458547050453639
      ],
      [
       155.7776081200078,
       13.911308276156975
      ],
      [
       155.96101192000063,
       13.317519604117106
      ],
      [
       154.64167988835644,
       12.7
      ],
      [
       154.60629252571465,
       12.347131654790225
      ],
      [
       154.50149035429018,
       12.007823842196013
      ],
      [
       154.3313008627571,
       11.695115971169347
      ],
      [
       154.1022643378317,
       11.421025229825188
      ],
      [
       153.8231825247217,
       11.196084771641534
      ],
      [
       153.504780380994,
       11.028938932278317
      ],
      [
       153.15929392247008,
       10.926011032605802
      ],
      [
       152.8,
       9.534698934650098
      ],
      [
       152.17123563567736,
       9.595519307060153
      ],
      [
       151.56663433326054,
       9.775643131487055
      ],
      [
       151.00943058173706,
       10.068148350372685
      ],
      [
       150.5210374087945,
       10.46179415219408
      ],
      [
       150.12022349017508,
       10.94145294954636
      ],
      [
       149.8223918799922,
       11.488691723843024
      ],
      [
       149.6389880799994,
       12.082480395882891
      ],
      [
       150.77415212280795,
       12.7
      ],
      [
       150.8130782217139,
       13.088155179730752
      ],
      [
       150.92836061028083,
       13.461393773584385
      ],
      [
       151.1155690509672,
       13.805372431713716
      ],
      [
       151.36750922838513,
       14.10687224719229
      ],
      [
       151.67449922280616,
       14.354306751194311
      ],
      [
       152.02474158090664,
       14.53816717449385
      ],
      [
       152.4047766852829,
       14.651387864133618
      ],
      [
       152.8,
       15.8653010653499
      ]
     ]
    ]
   },
   "properties": {
    "time": "2026-07-03 23:00:00",
    "beaufort_threshold": 7,
    "grade": "强台风",
    "pressure_hpa": 940.0,
    "wind_ms": 50.0
   }
  },
  {
   "type": "Feature",
   "geometry": {
    "type": "Polygon",
    "coordinates": [
     [
      [
       152.8,
       14.05655759943567
      ],
      [
       153.06947044185256,
       14.030491725545648
      ],
      [
       153.3285852857455,
       13.953295800791262
      ],
      [
       153.56738689354128,
       13.827936421268848
      ],
      [
       153.77669825337378,
       13.659231077631107
      ],
      [
       153.94847564706785,
       13.453663021622988
      ],
      [
       154.07611776571764,
       13.21913211835299
      ],
      [
       154.154719394286,
       12.964651258907331
      ],
      [
       153.6287559497604,
       12.7
      ],
      [
       153.6128316365716,
       12.541209244655601
      ],
      [
       153.5656706594306,
       12.388520728988206
      ],
      [
       153.4890853882407,
       12.247802187026206
      ],
      [
       153.38601895202427,
       12.124461353421335
      ],
      [
       153.26043213612476,
       12.02323814723869
      ],
      [
       153.11715117144732,
       11.948022519525242
      ],
      [
       152.96168226511153,
       11.90170496467261
      ],
      [
       152.8,
       11.343442400564328
      ],
      [
       152.53052955814746,
       11.36950827445435
      ],
      [
       152.27141471425452,
       11.446704199208737
      ],
      [
       152.03261310645874,
       11.57206357873115
      ],
      [
       151.82330174662624,
       11.740768922368892
      ],
      [
       151.65152435293217,
       11.94633697837701
      ],
      [
       151.52388223428238,
       12.18086788164701
      ],
      [
       151.44528060571403,
       12.435348741092668
      ],
      [
       151.69499206698617,
       12.7
      ],
      [
       151.71622448457123,
       12.911721007125864
      ],
      [
       151.77910578742592,
       13.115305694682391
      ],
      [
       151.88121948234576,
       13.30293041729839
      ],
      [
       152.018641397301,
       13.467384862104886
      ],
      [
       152.186090485167,
       13.602349137015079
      ],
      [
       152.3771317714036,
       13.70263664063301
      ],
      [
       152.58442364651796,
       13.764393380436518
      ],
      [
       152.8,
       14.05655759943567
      ]
     ]
    ]
   },
   "properties": {
    "time": "2026-07-03 23:00:00",
    "beaufort_threshold": 10,
    "grade": "强台风",
    "pressure_hpa": 940.0,
    "wind_ms": 50.0
   }
  },
  {
   "type": "Feature",
   "geometry": {
    "type": "Polygon",
    "coordinates": [
     [
      [
       152.8,
       13.33306021306998
      ],
      [
       152.92575287286454,
       13.320896138587969
      ],
      [
       153.0466731333479,
       13.284871373702588
      ],
      [
       153.1581138836526,
       13.226370329925462
      ],
      [
       153.25579251824112,
       13.147641169561183
      ],
      [
       153.335955301965,
       13.051709410090726
      ],
      [
       153.39552162400156,
       12.942261655231395
      ],
      [
       153.43220238400013,
       12.82350392082342
      ],
      [
       153.35250396650693,
       12.7
      ],
      [
       153.3418877577144,
       12.594139496437068
      ],
      [
       153.31044710628706,
       12.492347152658803
      ],
      [
       153.25939025882715,
       12.398534791350803
      ],
      [
       153.19067930134952,
       12.316307568947556
      ],
      [
       153.10695475741653,
       12.24882543149246
      ],
      [
       153.0114341142982,
       12.198681679683494
      ],
      [
       152.90778817674104,
       12.167803309781739
      ],
      [
       152.8,
       12.06693978693002
      ],
      [
       152.6742471271355,
       12.07910386141203
      ],
      [
       152.55332686665213,
       12.11512862629741
      ],
      [
       152.44188611634743,
       12.173629670074536
      ],
      [
       152.3442074817589,
       12.252358830438816
      ],
      [
       152.26404469803504,
       12.348290589909272
      ],
      [
       152.20447837599846,
       12.457738344768604
      ],
      [
       152.1677976159999,
       12.576496079176577
      ],
      [
       152.15541203907526,
       12.7
      ],
      [
       152.1677976159999,
       12.82350392082342
      ],
      [
       152.20447837599846,
       12.942261655231395
      ],
      [
       152.26404469803504,
       13.051709410090726
      ],
      [
       152.3442074817589,
       13.147641169561183
      ],
      [
       152.44188611634743,
       13.226370329925462
      ],
      [
       152.55332686665213,
       13.284871373702588
      ],
      [
       152.6742471271355,
       13.320896138587969
      ],
      [
       152.8,
       13.33306021306998
      ]
     ]
    ]
   },
   "properties": {
    "time": "2026-07-03 23:00:00",
    "beaufort_threshold": 12,
    "grade": "强台风",
    "pressure_hpa": 940.0,
    "wind_ms": 50.0
   }
  },
  {
   "type": "Feature",
   "geometry": {
    "type": "Polygon",
    "coordinates": [
     [
      [
       152.3,
       16.136612585237035
      ],
      [
       152.98265845269316,
       16.070579038048976
      ],
      [
       153.63908272388858,
       15.875016028671197
      ],
      [
       154.24404679697122,
       15.557438933881086
      ],
      [
       154.77430224188026,
       15.13005206333214
      ],
      [
       155.2094716392385,
       14.609279654778238
      ],
      [
       155.53283167315132,
       14.015134699827573
      ],
      [
       155.73195579885783,
       13.370449855898572
      ],
      [
       154.32584787719207,
       12.7
      ],
      [
       154.2869217782861,
       12.311844820269247
      ],
      [
       154.1716393897192,
       11.938606226415615
      ],
      [
       153.98443094903283,
       11.594627568286283
      ],
      [
       153.7324907716149,
       11.293127752807708
      ],
      [
       153.42550077719386,
       11.045693248805685
      ],
      [
       153.0752584190934,
       10.861832825506148
      ],
      [
       152.6952233147171,
       10.74861213586638
      ],
      [
       152.3,
       9.534698934650098
      ],
      [
       151.67123563567736,
       9.595519307060153
      ],
      [
       151.06663433326054,
       9.775643131487055
      ],
      [
       150.50943058173706,
       10.068148350372685
      ],
      [
       150.0210374087945,
       10.46179415219408
      ],
      [
       149.62022349017508,
       10.94145294954636
      ],
      [
       149.3223918799922,
       11.488691723843024
      ],
      [
       149.1389880799994,
       12.082480395882891
      ],
      [
       150.27415212280795,
       12.7
      ],
      [
       150.3130782217139,
       13.088155179730752
      ],
      [
       150.42836061028083,
       13.461393773584385
      ],
      [
       150.6155690509672,
       13.805372431713716
      ],
      [
       150.86750922838513,
       14.10687224719229
      ],
      [
       151.17449922280616,
       14.354306751194311
      ],
      [
       151.52474158090664,
       14.53816717449385
      ],
      [
       151.9047766852829,
       14.651387864133618
      ],
      [
       152.3,
       16.136612585237035
      ]
     ]
    ]
   },
   "properties": {
    "time": "2026-07-04 02:00:00",
    "beaufort_threshold": 7,
    "grade": "超强台风",
    "pressure_hpa": 930.0,
    "wind_ms": 55.0
   }
  },
  {
   "type": "Feature",
   "geometry": {
    "type": "Polygon",
    "coordinates": [
     [
      [
       152.3,
       14.05655759943567
      ],
      [
       152.56947044185256,
       14.030491725545648
      ],
      [
       152.8285852857455,
       13.953295800791262
      ],
      [
       153.06738689354128,
       13.827936421268848
      ],
      [
       153.27669825337378,
       13.659231077631107
      ],
      [
       153.44847564706785,
       13.453663021622988
      ],
      [
       153.57611776571764,
       13.21913211835299
      ],
      [
       153.654719394286,
       12.964651258907331
      ],
      [
       153.31292393859604,
       12.7
      ],
      [
       153.29346088914306,
       12.505922410134623
      ],
      [
       153.2358196948596,
       12.319303113207807
      ],
      [
       153.1422154745164,
       12.14731378414314
      ],
      [
       153.01624538580745,
       11.996563876403854
      ],
      [
       152.86275038859694,
       11.872846624402843
      ],
      [
       152.6876292095467,
       11.780916412753074
      ],
      [
       152.49761165735856,
       11.72430606793319
      ],
      [
       152.3,
       11.343442400564328
      ],
      [
       152.03052955814746,
       11.36950827445435
      ],
      [
       151.77141471425452,
       11.446704199208737
      ],
      [
       151.53261310645874,
       11.57206357873115
      ],
      [
       151.32330174662624,
       11.740768922368892
      ],
      [
       151.15152435293217,
       11.94633697837701
      ],
      [
       151.02388223428238,
       12.18086788164701
      ],
      [
       150.94528060571403,
       12.435348741092668
      ],
      [
       151.19499206698617,
       12.7
      ],
      [
       151.21622448457123,
       12.911721007125864
      ],
      [
       151.27910578742592,
       13.115305694682391
      ],
      [
       151.38121948234576,
       13.30293041729839
      ],
      [
       151.518641397301,
       13.467384862104886
      ],
      [
       151.686090485167,
       13.602349137015079
      ],
      [
       151.8771317714036,
       13.70263664063301
      ],
      [
       152.08442364651796,
       13.764393380436518
      ],
      [
       152.3,
       14.05655759943567
      ]
     ]
    ]
   },
   "properties": {
    "time": "2026-07-04 02:00:00",
    "beaufort_threshold": 10,
    "grade": "超强台风",
    "pressure_hpa": 930.0,
    "wind_ms": 55.0
   }
  },
  {
   "type": "Feature",
   "geometry": {
    "type": "Polygon",
    "coordinates": [
     [
      [
       152.3,
       13.42349738636569
      ],
      [
       152.44371756898803,
       13.409595586957678
      ],
      [
       152.58191215239762,
       13.368424427088673
      ],
      [
       152.70927300988868,
       13.301566091343386
      ],
      [
       152.8209057351327,
       13.211589908069923
      ],
      [
       152.91252034510285,
       13.10195361153226
      ],
      [
       152.9805961417161,
       12.976870463121594
      ],
      [
       153.02251701028587,
       12.841147338083909
      ],
      [
       152.94458796092476,
       12.7
      ],
      [
       152.93220238400013,
       12.576496079176579
      ],
      [
       152.89552162400156,
       12.457738344768604
      ],
      [
       152.835955301965,
       12.348290589909272
      ],
      [
       152.75579251824112,
       12.252358830438816
      ],
      [
       152.6581138836526,
       12.173629670074536
      ],
      [
       152.5466731333479,
       12.11512862629741
      ],
      [
       152.42575287286454,
       12.07910386141203
      ],
      [
       152.3,
       11.976502613634308
      ],
      [
       152.156282431012,
       11.99040441304232
      ],
      [
       152.0180878476024,
       12.031575572911326
      ],
      [
       151.89072699011135,
       12.098433908656613
      ],
      [
       151.77909426486733,
       12.188410091930075
      ],
      [
       151.68747965489717,
       12.29804638846774
      ],
      [
       151.61940385828393,
       12.423129536878404
      ],
      [
       151.57748298971416,
       12.55885266191609
      ],
      [
       151.56332804465745,
       12.7
      ],
      [
       151.57748298971416,
       12.841147338083909
      ],
      [
       151.61940385828393,
       12.976870463121594
      ],
      [
       151.68747965489717,
       13.10195361153226
      ],
      [
       151.77909426486733,
       13.211589908069923
      ],
      [
       151.89072699011135,
       13.301566091343386
      ],
      [
       152.0180878476024,
       13.368424427088673
      ],
      [
       152.156282431012,
       13.409595586957678
      ],
      [
       152.3,
       13.42349738636569
      ]
     ]
    ]
   },
   "properties": {
    "time": "2026-07-04 02:00:00",
    "beaufort_threshold": 12,
    "grade": "超强台风",
    "pressure_hpa": 930.0,
    "wind_ms": 55.0
   }
  },
  {
   "type": "Feature",
   "geometry": {
    "type": "Polygon",
    "coordinates": [
     [
      [
       151.8,
       16.136612585237035
      ],
      [
       152.48265845269316,
       16.070579038048976
      ],
      [
       153.13908272388858,
       15.875016028671197
      ],
      [
       153.74404679697122,
       15.557438933881086
      ],
      [
       154.27430224188026,
       15.13005206333214
      ],
      [
       154.7094716392385,
       14.609279654778238
      ],
      [
       155.03283167315132,
       14.015134699827573
      ],
      [
       155.23195579885783,
       13.370449855898572
      ],
      [
       154.56251983253463,
       12.7
      ],
      [
       154.50943878857197,
       12.170697482185338
      ],
      [
       154.35223553143527,
       11.66173576329402
      ],
      [
       154.09695129413566,
       11.192673956754021
      ],
      [
       153.75339650674758,
       10.781537844737784
      ],
      [
       153.33477378708255,
       10.4441271574623
      ],
      [
       152.857170571491,
       10.193408398417475
      ],
      [
       152.33894088370513,
       10.039016548908702
      ],
      [
       151.8,
       9.534698934650098
      ],
      [
       151.17123563567736,
       9.595519307060153
      ],
      [
       150.56663433326054,
       9.775643131487055
      ],
      [
       150.00943058173706,
       10.068148350372685
      ],
      [
       149.5210374087945,
       10.46179415219408
      ],
      [
       149.12022349017508,
       10.94145294954636
      ],
      [
       148.8223918799922,
       11.488691723843024
      ],
      [
       148.6389880799994,
       12.082480395882891
      ],
      [
       149.0374801674654,
       12.7
      ],
      [
       149.09056121142805,
       13.229302517814661
      ],
      [
       149.24776446856475,
       13.738264236705978
      ],
      [
       149.50304870586436,
       14.207326043245976
      ],
      [
       149.84660349325245,
       14.618462155262215
      ],
      [
       150.26522621291747,
       14.955872842537698
      ],
      [
       150.74282942850903,
       15.206591601582524
      ],
      [
       151.2610591162949,
       15.360983451091297
      ],
      [
       151.8,
       16.136612585237035
      ]
     ]
    ]
   },
   "properties": {
    "time": "2026-07-04 05:00:00",
    "beaufort_threshold": 7,
    "grade": "超强台风",
    "pressure_hpa": 920.0,
    "wind_ms": 60.0
   }
  },
  {
   "type": "Feature",
   "geometry": {
    "type": "Polygon",
    "coordinates": [
     [
      [
       151.8,
       14.05655759943567
      ],
      [
       152.06947044185256,
       14.030491725545648
      ],
      [
       152.3285852857455,
       13.953295800791262
      ],
      [
       152.56738689354128,
       13.827936421268848
      ],
      [
       152.77669825337378,
       13.659231077631107
      ],
      [
       152.94847564706785,
       13.453663021622988
      ],
      [
       153.07611776571764,
       13.21913211835299
      ],
      [
       153.154719394286,
       12.964651258907331
      ],
      [
       153.18125991626732,
       12.7
      ],
      [
       153.154719394286,
       12.435348741092668
      ],
      [
       153.07611776571764,
       12.18086788164701
      ],
      [
       152.94847564706785,
       11.94633697837701
      ],
      [
       152.77669825337378,
       11.740768922368892
      ],
      [
       152.56738689354128,
       11.57206357873115
      ],
      [
       152.3285852857455,
       11.446704199208737
      ],
      [
       152.06947044185256,
       11.36950827445435
      ],
      [
       151.8,
       11.343442400564328
      ],
      [
       151.53052955814746,
       11.36950827445435
      ],
      [
       151.27141471425452,
       11.446704199208737
      ],
      [
       151.03261310645874,
       11.57206357873115
      ],
      [
       150.82330174662624,
       11.740768922368892
      ],
      [
       150.65152435293217,
       11.94633697837701
      ],
      [
       150.52388223428238,
       12.18086788164701
      ],
      [
       150.44528060571403,
       12.435348741092668
      ],
      [
       150.4187400837327,
       12.7
      ],
      [
       150.44528060571403,
       12.964651258907331
      ],
      [
       150.52388223428238,
       13.21913211835299
      ],
      [
       150.65152435293217,
       13.453663021622987
      ],
      [
       150.82330174662624,
       13.659231077631107
      ],
      [
       151.03261310645874,
       13.827936421268848
      ],
      [
       151.27141471425452,
       13.953295800791262
      ],
      [
       151.53052955814746,
       14.030491725545648
      ],
      [
       151.8,
       14.05655759943567
      ]
     ]
    ]
   },
   "properties": {
    "time": "2026-07-04 05:00:00",
    "beaufort_threshold": 10,
    "grade": "超强台风",
    "pressure_hpa": 920.0,
    "wind_ms": 60.0
   }
  },
  {
   "type": "Feature",
   "geometry": {
    "type": "Polygon",
    "coordinates": [
     [
      [
       151.8,
       13.42349738636569
      ],
      [
       151.94371756898803,
       13.409595586957678
      ],
      [
       152.08191215239762,
       13.368424427088673
      ],
      [
       152.20927300988868,
       13.301566091343386
      ],
      [
       152.3209057351327,
       13.211589908069923
      ],
      [
       152.41252034510285,
       13.10195361153226
      ],
      [
       152.4805961417161,
       12.976870463121594
      ],
      [
       152.52251701028587,
       12.841147338083909
      ],
      [
       152.53667195534257,
       12.7
      ],
      [
       152.52251701028587,
       12.55885266191609
      ],
      [
       152.4805961417161,
       12.423129536878404
      ],
      [
       152.41252034510285,
       12.29804638846774
      ],
      [
       152.3209057351327,
       12.188410091930075
      ],
      [
       152.20927300988868,
       12.098433908656613
      ],
      [
       152.08191215239762,
       12.031575572911326
      ],
      [
       151.94371756898803,
       11.99040441304232
      ],
      [
       151.8,
       11.976502613634308
      ],
      [
       151.656282431012,
       11.99040441304232
      ],
      [
       151.5180878476024,
       12.031575572911326
      ],
      [
       151.39072699011135,
       12.098433908656613
      ],
      [
       151.27909426486733,
       12.188410091930075
      ],
      [
       151.18747965489717,
       12.29804638846774
      ],
      [
       151.11940385828393,
       12.423129536878404
      ],
      [
       151.07748298971416,
       12.55885266191609
      ],
      [
       151.06332804465745,
       12.7
      ],
      [
       151.07748298971416,
       12.841147338083909
      ],
      [
       151.11940385828393,
       12.976870463121594
      ],
      [
       151.18747965489717,
       13.10195361153226
      ],
      [
       151.27909426486733,
       13.211589908069923
      ],
      [
       151.39072699011135,
       13.301566091343386
      ],
      [
       151.5180878476024,
       13.368424427088673
      ],
      [
       151.656282431012,
       13.409595586957678
      ],
      [
       151.8,
       13.42349738636569
      ]
     ]
    ]
   },
   "properties": {
    "time": "2026-07-04 05:00:00",
    "beaufort_threshold": 12,
    "grade": "超强台风",
    "pressure_hpa": 920.0,
    "wind_ms": 60.0
   }
  },
  {
   "type": "Feature",
   "geometry": {
    "type": "Polygon",
    "coordinates": [
     [
      [
       151.6,
       16.036612585237037
      ],
      [
       152.2823910893751,
       15.970579038048976
      ],
      [
       152.93855827187483,
       15.775016028671196
      ],
      [
       153.54328541065857,
       15.457438933881086
      ],
      [
       154.07333318091767,
       15.030052063332139
      ],
      [
       154.50833214409536,
       14.509279654778238
      ],
      [
       154.83156553398692,
       13.915134699827574
      ],
      [
       155.0306116726902,
       13.270449855898573
      ],
      [
       154.36143789109568,
       12.6
      ],
      [
       154.30837763633437,
       12.070697482185338
      ],
      [
       154.15123594788443,
       11.56173576329402
      ],
      [
       153.89605169270686,
       11.092673956754023
      ],
      [
       153.55263145861923,
       10.681537844737784
      ],
      [
       153.13417269262519,
       10.3441271574623
      ],
      [
       152.65675653042751,
       10.093408398417475
      ],
      [
       152.13872980740138,
       9.939016548908702
      ],
      [
       151.6,
       9.434698934650099
      ],
      [
       150.97148189136504,
       9.495519307060153
      ],
      [
       150.3671173811679,
       9.675643131487053
      ],
      [
       149.81013185860394,
       9.968148350372683
      ],
      [
       149.32192996494422,
       10.361794152194081
      ],
      [
       148.9212730251753,
       10.84145294954636
      ],
      [
       148.6235580608015,
       11.388691723843024
      ],
      [
       148.4402260909432,
       11.982480395882892
      ],
      [
       148.8385621089043,
       12.6
      ],
      [
       148.89162236366562,
       13.129302517814661
      ],
      [
       149.0487640521156,
       13.638264236705979
      ],
      [
       149.30394830729313,
       14.107326043245976
      ],
      [
       149.64736854138076,
       14.518462155262215
      ],
      [
       150.0658273073748,
       14.8558728425377
      ],
      [
       150.5432434695725,
       15.106591601582524
      ],
      [
       151.0612701925986,
       15.260983451091297
      ],
      [
       151.6,
       16.036612585237037
      ]
     ]
    ]
   },
   "properties": {
    "time": "2026-07-04 08:00:00",
    "beaufort_threshold": 7,
    "grade": "超强台风",
    "pressure_hpa": 920.0,
    "wind_ms": 60.0
   }
  },
  {
   "type": "Feature",
   "geometry": {
    "type": "Polygon",
    "coordinates": [
     [
      [
       151.6,
       13.956557599435671
      ],
      [
       151.8693649037007,
       13.930491725545648
      ],
      [
       152.12837826521374,
       13.853295800791262
      ],
      [
       152.3670863463126,
       13.727936421268849
      ],
      [
       152.5763157293096,
       13.559231077631107
      ],
      [
       152.74802584635344,
       13.353663021622989
      ],
      [
       152.8756179739422,
       13.11913211835299
      ],
      [
       152.95418881816718,
       12.864651258907331
      ],
      [
       152.98071894554784,
       12.6
      ],
      [
       152.95418881816718,
       12.335348741092668
      ],
      [
       152.8756179739422,
       12.080867881647011
      ],
      [
       152.74802584635344,
       11.84633697837701
      ],
      [
       152.5763157293096,
       11.640768922368892
      ],
      [
       152.3670863463126,
       11.47206357873115
      ],
      [
       152.12837826521374,
       11.346704199208737
      ],
      [
       151.8693649037007,
       11.26950827445435
      ],
      [
       151.6,
       11.243442400564328
      ],
      [
       151.3306350962993,
       11.26950827445435
      ],
      [
       151.07162173478625,
       11.346704199208737
      ],
      [
       150.8329136536874,
       11.47206357873115
      ],
      [
       150.62368427069038,
       11.640768922368892
      ],
      [
       150.45197415364655,
       11.84633697837701
      ],
      [
       150.32438202605778,
       12.080867881647011
      ],
      [
       150.2458111818328,
       12.335348741092668
      ],
      [
       150.21928105445215,
       12.6
      ],
      [
       150.2458111818328,
       12.864651258907331
      ],
      [
       150.32438202605778,
       13.11913211835299
      ],
      [
       150.45197415364655,
       13.353663021622987
      ],
      [
       150.62368427069038,
       13.559231077631107
      ],
      [
       150.8329136536874,
       13.727936421268849
      ],
      [
       151.07162173478625,
       13.853295800791262
      ],
      [
       151.3306350962993,
       13.930491725545648
      ],
      [
       151.6,
       13.956557599435671
      ]
     ]
    ]
   },
   "properties": {
    "time": "2026-07-04 08:00:00",
    "beaufort_threshold": 10,
    "grade": "超强台风",
    "pressure_hpa": 920.0,
    "wind_ms": 60.0
   }
  },
  {
   "type": "Feature",
   "geometry": {
    "type": "Polygon",
    "coordinates": [
     [
      [
       151.6,
       13.323497386365691
      ],
      [
       151.7436612819737,
       13.309595586957679
      ],
      [
       151.88180174144733,
       13.268424427088673
      ],
      [
       152.00911271803338,
       13.201566091343386
      ],
      [
       152.12070172229846,
       13.111589908069924
      ],
      [
       152.2122804513885,
       13.00195361153226
      ],
      [
       152.2803295861025,
       12.876870463121595
      ],
      [
       152.32223403635584,
       12.741147338083909
      ],
      [
       152.3363834376255,
       12.6
      ],
      [
       152.32223403635584,
       12.45885266191609
      ],
      [
       152.2803295861025,
       12.323129536878405
      ],
      [
       152.2122804513885,
       12.19804638846774
      ],
      [
       152.12070172229846,
       12.088410091930076
      ],
      [
       152.00911271803338,
       11.998433908656613
      ],
      [
       151.88180174144733,
       11.931575572911326
      ],
      [
       151.7436612819737,
       11.89040441304232
      ],
      [
       151.6,
       11.876502613634308
      ],
      [
       151.4563387180263,
       11.89040441304232
      ],
      [
       151.31819825855266,
       11.931575572911326
      ],
      [
       151.1908872819666,
       11.998433908656613
      ],
      [
       151.07929827770153,
       12.088410091930076
      ],
      [
       150.9877195486115,
       12.19804638846774
      ],
      [
       150.91967041389748,
       12.323129536878405
      ],
      [
       150.87776596364415,
       12.45885266191609
      ],
      [
       150.8636165623745,
       12.6
      ],
      [
       150.87776596364415,
       12.741147338083909
      ],
      [
       150.91967041389748,
       12.876870463121595
      ],
      [
       150.9877195486115,
       13.00195361153226
      ],
      [
       151.07929827770153,
       13.111589908069924
      ],
      [
       151.1908872819666,
       13.201566091343386
      ],
      [
       151.31819825855266,
       13.268424427088673
      ],
      [
       151.4563387180263,
       13.309595586957679
      ],
      [
       151.6,
       13.323497386365691
      ]
     ]
    ]
   },
   "properties": {
    "time": "2026-07-04 08:00:00",
    "beaufort_threshold": 12,
    "grade": "超强台风",
    "pressure_hpa": 920.0,
    "wind_ms": 60.0
   }
  },
  {
   "type": "Feature",
   "geometry": {
    "type": "Polygon",
    "coordinates": [
     [
      [
       151.3,
       16.036612585237037
      ],
      [
       151.9823910893751,
       15.970579038048976
      ],
      [
       152.63855827187484,
       15.775016028671196
      ],
      [
       153.2432854106586,
       15.457438933881086
      ],
      [
       153.7733331809177,
       15.030052063332139
      ],
      [
       154.20833214409538,
       14.509279654778238
      ],
      [
       154.53156553398694,
       13.915134699827574
      ],
      [
       154.73061167269023,
       13.270449855898573
      ],
      [
       154.0614378910957,
       12.6
      ],
      [
       154.0083776363344,
       12.070697482185338
      ],
      [
       153.85123594788445,
       11.56173576329402
      ],
      [
       153.59605169270688,
       11.092673956754023
      ],
      [
       153.25263145861925,
       10.681537844737784
      ],
      [
       152.8341726926252,
       10.3441271574623
      ],
      [
       152.35675653042753,
       10.093408398417475
      ],
      [
       151.8387298074014,
       9.939016548908702
      ],
      [
       151.3,
       9.434698934650099
      ],
      [
       150.67148189136506,
       9.495519307060153
      ],
      [
       150.06711738116792,
       9.675643131487053
      ],
      [
       149.51013185860396,
       9.968148350372683
      ],
      [
       149.02192996494423,
       10.361794152194081
      ],
      [
       148.62127302517533,
       10.84145294954636
      ],
      [
       148.32355806080153,
       11.388691723843024
      ],
      [
       148.14022609094323,
       11.982480395882892
      ],
      [
       148.53856210890433,
       12.6
      ],
      [
       148.59162236366564,
       13.129302517814661
      ],
      [
       148.74876405211558,
       13.638264236705979
      ],
      [
       149.00394830729314,
       14.107326043245976
      ],
      [
       149.34736854138077,
       14.518462155262215
      ],
      [
       149.76582730737482,
       14.8558728425377
      ],
      [
       150.24324346957252,
       15.106591601582524
      ],
      [
       150.76127019259863,
       15.260983451091297
      ],
      [
       151.3,
       16.036612585237037
      ]
     ]
    ]
   },
   "properties": {
    "time": "2026-07-04 11:00:00",
    "beaufort_threshold": 7,
    "grade": "超强台风",
    "pressure_hpa": 920.0,
    "wind_ms": 60.0
   }
  },
  {
   "type": "Feature",
   "geometry": {
    "type": "Polygon",
    "coordinates": [
     [
      [
       151.3,
       13.956557599435671
      ],
      [
       151.56936490370072,
       13.930491725545648
      ],
      [
       151.82837826521376,
       13.853295800791262
      ],
      [
       152.0670863463126,
       13.727936421268849
      ],
      [
       152.27631572930963,
       13.559231077631107
      ],
      [
       152.44802584635346,
       13.353663021622989
      ],
      [
       152.57561797394223,
       13.11913211835299
      ],
      [
       152.6541888181672,
       12.864651258907331
      ],
      [
       152.68071894554785,
       12.6
      ],
      [
       152.6541888181672,
       12.335348741092668
      ],
      [
       152.57561797394223,
       12.080867881647011
      ],
      [
       152.44802584635346,
       11.84633697837701
      ],
      [
       152.27631572930963,
       11.640768922368892
      ],
      [
       152.0670863463126,
       11.47206357873115
      ],
      [
       151.82837826521376,
       11.346704199208737
      ],
      [
       151.56936490370072,
       11.26950827445435
      ],
      [
       151.3,
       11.243442400564328
      ],
      [
       151.0306350962993,
       11.26950827445435
      ],
      [
       150.77162173478627,
       11.346704199208737
      ],
      [
       150.53291365368742,
       11.47206357873115
      ],
      [
       150.3236842706904,
       11.640768922368892
      ],
      [
       150.15197415364656,
       11.84633697837701
      ],
      [
       150.0243820260578,
       12.080867881647011
      ],
      [
       149.94581118183282,
       12.335348741092668
      ],
      [
       149.91928105445217,
       12.6
      ],
      [
       149.94581118183282,
       12.864651258907331
      ],
      [
       150.0243820260578,
       13.11913211835299
      ],
      [
       150.15197415364656,
       13.353663021622987
      ],
      [
       150.3236842706904,
       13.559231077631107
      ],
      [
       150.53291365368742,
       13.727936421268849
      ],
      [
       150.77162173478627,
       13.853295800791262
      ],
      [
       151.0306350962993,
       13.930491725545648
      ],
      [
       151.3,
       13.956557599435671
      ]
     ]
    ]
   },
   "properties": {
    "time": "2026-07-04 11:00:00",
    "beaufort_threshold": 10,
    "grade": "超强台风",
    "pressure_hpa": 920.0,
    "wind_ms": 60.0
   }
  },
  {
   "type": "Feature",
   "geometry": {
    "type": "Polygon",
    "coordinates": [
     [
      [
       151.3,
       13.323497386365691
      ],
      [
       151.4436612819737,
       13.309595586957679
      ],
      [
       151.58180174144735,
       13.268424427088673
      ],
      [
       151.7091127180334,
       13.201566091343386
      ],
      [
       151.82070172229848,
       13.111589908069924
      ],
      [
       151.9122804513885,
       13.00195361153226
      ],
      [
       151.98032958610253,
       12.876870463121595
      ],
      [
       152.02223403635585,
       12.741147338083909
      ],
      [
       152.03638343762552,
       12.6
      ],
      [
       152.02223403635585,
       12.45885266191609
      ],
      [
       151.98032958610253,
       12.323129536878405
      ],
      [
       151.9122804513885,
       12.19804638846774
      ],
      [
       151.82070172229848,
       12.088410091930076
      ],
      [
       151.7091127180334,
       11.998433908656613
      ],
      [
       151.58180174144735,
       11.931575572911326
      ],
      [
       151.4436612819737,
       11.89040441304232
      ],
      [
       151.3,
       11.876502613634308
      ],
      [
       151.15633871802632,
       11.89040441304232
      ],
      [
       151.01819825855267,
       11.931575572911326
      ],
      [
       150.89088728196663,
       11.998433908656613
      ],
      [
       150.77929827770154,
       12.088410091930076
      ],
      [
       150.6877195486115,
       12.19804638846774
      ],
      [
       150.6196704138975,
       12.323129536878405
      ],
      [
       150.57776596364417,
       12.45885266191609
      ],
      [
       150.5636165623745,
       12.6
      ],
      [
       150.57776596364417,
       12.741147338083909
      ],
      [
       150.6196704138975,
       12.876870463121595
      ],
      [
       150.6877195486115,
       13.00195361153226
      ],
      [
       150.77929827770154,
       13.111589908069924
      ],
      [
       150.89088728196663,
       13.201566091343386
      ],
      [
       151.01819825855267,
       13.268424427088673
      ],
      [
       151.15633871802632,
       13.309595586957679
      ],
      [
       151.3,
       13.323497386365691
      ]
     ]
    ]
   },
   "properties": {
    "time": "2026-07-04 11:00:00",
    "beaufort_threshold": 12,
    "grade": "超强台风",
    "pressure_hpa": 920.0,
    "wind_ms": 60.0
   }
  },
  {
   "type": "Feature",
   "geometry": {
    "type": "Polygon",
    "coordinates": [
     [
      [
       150.9,
       15.936612585237036
      ],
      [
       151.5821260124615,
       15.870579038048977
      ],
      [
       152.23803830480477,
       15.675016028671198
      ],
      [
       152.84253053547494,
       15.357438933881086
      ],
      [
       153.37237240705045,
       14.930052063332141
      ],
      [
       153.80720239354545,
       14.409279654778238
      ],
      [
       154.1303102224344,
       13.815134699827574
      ],
      [
       154.329279041054,
       13.170449855898573
      ],
      [
       153.84438954887392,
       12.5
      ],
      [
       153.78781392930864,
       11.93541064766436
      ],
      [
       153.62026123994474,
       11.392518147513623
      ],
      [
       153.34817043666985,
       10.892185553870958
      ],
      [
       152.98199781646355,
       10.453640367720304
      ],
      [
       152.53581518776835,
       10.093735634626453
      ],
      [
       152.02676909878298,
       9.826302291645307
      ],
      [
       151.47442190523074,
       9.661617652169284
      ],
      [
       150.9,
       9.334698934650099
      ],
      [
       150.2717260411539,
       9.395519307060153
      ],
      [
       149.66759629820615,
       9.575643131487055
      ],
      [
       149.11082713837837,
       9.868148350372685
      ],
      [
       148.622814888243,
       10.261794152194081
      ],
      [
       148.22231358489236,
       10.74145294954636
      ],
      [
       147.92471426881045,
       11.288691723843025
      ],
      [
       147.7414535148187,
       11.882480395882892
      ],
      [
       147.9556104511261,
       12.5
      ],
      [
       148.01218607069137,
       13.06458935233564
      ],
      [
       148.17973876005527,
       13.607481852486378
      ],
      [
       148.45182956333016,
       14.10781444612904
      ],
      [
       148.81800218353646,
       14.546359632279696
      ],
      [
       149.26418481223166,
       14.906264365373547
      ],
      [
       149.77323090121703,
       15.173697708354693
      ],
      [
       150.32557809476927,
       15.338382347830716
      ],
      [
       150.9,
       15.936612585237036
      ]
     ]
    ]
   },
   "properties": {
    "time": "2026-07-04 14:00:00",
    "beaufort_threshold": 7,
    "grade": "超强台风",
    "pressure_hpa": 915.0,
    "wind_ms": 62.0
   }
  },
  {
   "type": "Feature",
   "geometry": {
    "type": "Polygon",
    "coordinates": [
     [
      [
       150.9,
       13.946994772731383
      ],
      [
       151.18721095261537,
       13.919191173915358
      ],
      [
       151.4633845493915,
       13.836848854177346
      ],
      [
       151.71790759388418,
       13.703132182686772
      ],
      [
       151.94099890823176,
       13.523179816139848
      ],
      [
       152.12408521833493,
       13.30390722306452
      ],
      [
       152.2601306199724,
       13.053740926243188
      ],
      [
       152.3439069646543,
       12.78229467616782
      ],
      [
       152.37219477443696,
       12.5
      ],
      [
       152.3439069646543,
       12.21770532383218
      ],
      [
       152.2601306199724,
       11.946259073756812
      ],
      [
       152.12408521833493,
       11.69609277693548
      ],
      [
       151.94099890823176,
       11.476820183860152
      ],
      [
       151.71790759388418,
       11.296867817313228
      ],
      [
       151.4633845493915,
       11.163151145822654
      ],
      [
       151.18721095261537,
       11.080808826084642
      ],
      [
       150.9,
       11.053005227268617
      ],
      [
       150.61278904738464,
       11.080808826084642
      ],
      [
       150.33661545060852,
       11.163151145822654
      ],
      [
       150.08209240611583,
       11.296867817313228
      ],
      [
       149.85900109176825,
       11.476820183860152
      ],
      [
       149.67591478166509,
       11.69609277693548
      ],
      [
       149.53986938002762,
       11.946259073756812
      ],
      [
       149.4560930353457,
       12.21770532383218
      ],
      [
       149.42780522556305,
       12.5
      ],
      [
       149.4560930353457,
       12.78229467616782
      ],
      [
       149.53986938002762,
       13.05374092624319
      ],
      [
       149.67591478166509,
       13.30390722306452
      ],
      [
       149.85900109176825,
       13.523179816139848
      ],
      [
       150.08209240611583,
       13.703132182686772
      ],
      [
       150.33661545060852,
       13.836848854177346
      ],
      [
       150.61278904738464,
       13.919191173915358
      ],
      [
       150.9,
       13.946994772731383
      ]
     ]
    ]
   },
   "properties": {
    "time": "2026-07-04 14:00:00",
    "beaufort_threshold": 10,
    "grade": "超强台风",
    "pressure_hpa": 915.0,
    "wind_ms": 62.0
   }
  },
  {
   "type": "Feature",
   "geometry": {
    "type": "Polygon",
    "coordinates": [
     [
      [
       150.9,
       13.223497386365691
      ],
      [
       151.04360547630768,
       13.209595586957679
      ],
      [
       151.18169227469573,
       13.168424427088674
      ],
      [
       151.3089537969421,
       13.101566091343386
      ],
      [
       151.42049945411588,
       13.011589908069924
      ],
      [
       151.51204260916748,
       12.90195361153226
      ],
      [
       151.5800653099862,
       12.776870463121595
      ],
      [
       151.62195348232717,
       12.64114733808391
      ],
      [
       151.63609738721848,
       12.5
      ],
      [
       151.62195348232717,
       12.35885266191609
      ],
      [
       151.5800653099862,
       12.223129536878405
      ],
      [
       151.51204260916748,
       12.09804638846774
      ],
      [
       151.42049945411588,
       11.988410091930076
      ],
      [
       151.3089537969421,
       11.898433908656614
      ],
      [
       151.18169227469573,
       11.831575572911326
      ],
      [
       151.04360547630768,
       11.790404413042321
      ],
      [
       150.9,
       11.776502613634309
      ],
      [
       150.75639452369234,
       11.790404413042321
      ],
      [
       150.61830772530428,
       11.831575572911326
      ],
      [
       150.49104620305792,
       11.898433908656614
      ],
      [
       150.37950054588413,
       11.988410091930076
      ],
      [
       150.28795739083253,
       12.09804638846774
      ],
      [
       150.21993469001382,
       12.223129536878405
      ],
      [
       150.17804651767284,
       12.35885266191609
      ],
      [
       150.16390261278153,
       12.5
      ],
      [
       150.17804651767284,
       12.64114733808391
      ],
      [
       150.21993469001382,
       12.776870463121595
      ],
      [
       150.28795739083253,
       12.90195361153226
      ],
      [
       150.37950054588413,
       13.011589908069924
      ],
      [
       150.49104620305792,
       13.101566091343386
      ],
      [
       150.61830772530428,
       13.168424427088674
      ],
      [
       150.75639452369234,
       13.209595586957679
      ],
      [
       150.9,
       13.223497386365691
      ]
     ]
    ]
   },
   "properties": {
    "time": "2026-07-04 14:00:00",
    "beaufort_threshold": 12,
    "grade": "超强台风",
    "pressure_hpa": 915.0,
    "wind_ms": 62.0
   }
  },
  {
   "type": "Feature",
   "geometry": {
    "type": "Polygon",
    "coordinates": [
     [
      [
       150.7,
       15.936612585237036
      ],
      [
       151.38212601246147,
       15.870579038048977
      ],
      [
       152.03803830480476,
       15.675016028671198
      ],
      [
       152.64253053547492,
       15.357438933881086
      ],
      [
       153.17237240705043,
       14.930052063332141
      ],
      [
       153.60720239354544,
       14.409279654778238
      ],
      [
       153.93031022243437,
       13.815134699827574
      ],
      [
       154.129279041054,
       13.170449855898573
      ],
      [
       153.6443895488739,
       12.5
      ],
      [
       153.58781392930862,
       11.93541064766436
      ],
      [
       153.42026123994472,
       11.392518147513623
      ],
      [
       153.14817043666983,
       10.892185553870958
      ],
      [
       152.78199781646353,
       10.453640367720304
      ],
      [
       152.33581518776833,
       10.093735634626453
      ],
      [
       151.82676909878296,
       9.826302291645307
      ],
      [
       151.27442190523072,
       9.661617652169284
      ],
      [
       150.7,
       9.334698934650099
      ],
      [
       150.07172604115388,
       9.395519307060153
      ],
      [
       149.46759629820613,
       9.575643131487055
      ],
      [
       148.91082713837835,
       9.868148350372685
      ],
      [
       148.42281488824298,
       10.261794152194081
      ],
      [
       148.02231358489234,
       10.74145294954636
      ],
      [
       147.72471426881043,
       11.288691723843025
      ],
      [
       147.54145351481867,
       11.882480395882892
      ],
      [
       147.75561045112607,
       12.5
      ],
      [
       147.81218607069135,
       13.06458935233564
      ],
      [
       147.97973876005526,
       13.607481852486378
      ],
      [
       148.25182956333015,
       14.10781444612904
      ],
      [
       148.61800218353645,
       14.546359632279696
      ],
      [
       149.06418481223164,
       14.906264365373547
      ],
      [
       149.57323090121702,
       15.173697708354693
      ],
      [
       150.12557809476925,
       15.338382347830716
      ],
      [
       150.7,
       15.936612585237036
      ]
     ]
    ]
   },
   "properties": {
    "time": "2026-07-04 17:00:00",
    "beaufort_threshold": 7,
    "grade": "超强台风",
    "pressure_hpa": 915.0,
    "wind_ms": 62.0
   }
  },
  {
   "type": "Feature",
   "geometry": {
    "type": "Polygon",
    "coordinates": [
     [
      [
       150.7,
       13.946994772731383
      ],
      [
       150.98721095261536,
       13.919191173915358
      ],
      [
       151.26338454939147,
       13.836848854177346
      ],
      [
       151.51790759388416,
       13.703132182686772
      ],
      [
       151.74099890823175,
       13.523179816139848
      ],
      [
       151.9240852183349,
       13.30390722306452
      ],
      [
       152.06013061997237,
       13.053740926243188
      ],
      [
       152.1439069646543,
       12.78229467616782
      ],
      [
       152.17219477443695,
       12.5
      ],
      [
       152.1439069646543,
       12.21770532383218
      ],
      [
       152.06013061997237,
       11.946259073756812
      ],
      [
       151.9240852183349,
       11.69609277693548
      ],
      [
       151.74099890823175,
       11.476820183860152
      ],
      [
       151.51790759388416,
       11.296867817313228
      ],
      [
       151.26338454939147,
       11.163151145822654
      ],
      [
       150.98721095261536,
       11.080808826084642
      ],
      [
       150.7,
       11.053005227268617
      ],
      [
       150.41278904738462,
       11.080808826084642
      ],
      [
       150.1366154506085,
       11.163151145822654
      ],
      [
       149.88209240611582,
       11.296867817313228
      ],
      [
       149.65900109176823,
       11.476820183860152
      ],
      [
       149.47591478166507,
       11.69609277693548
      ],
      [
       149.3398693800276,
       11.946259073756812
      ],
      [
       149.25609303534569,
       12.21770532383218
      ],
      [
       149.22780522556303,
       12.5
      ],
      [
       149.25609303534569,
       12.78229467616782
      ],
      [
       149.3398693800276,
       13.05374092624319
      ],
      [
       149.47591478166507,
       13.30390722306452
      ],
      [
       149.65900109176823,
       13.523179816139848
      ],
      [
       149.88209240611582,
       13.703132182686772
      ],
      [
       150.1366154506085,
       13.836848854177346
      ],
      [
       150.41278904738462,
       13.919191173915358
      ],
      [
       150.7,
       13.946994772731383
      ]
     ]
    ]
   },
   "properties": {
    "time": "2026-07-04 17:00:00",
    "beaufort_threshold": 10,
    "grade": "超强台风",
    "pressure_hpa": 915.0,
    "wind_ms": 62.0
   }
  },
  {
   "type": "Feature",
   "geometry": {
    "type": "Polygon",
    "coordinates": [
     [
      [
       150.7,
       13.223497386365691
      ],
      [
       150.84360547630766,
       13.209595586957679
      ],
      [
       150.98169227469572,
       13.168424427088674
      ],
      [
       151.10895379694207,
       13.101566091343386
      ],
      [
       151.22049945411587,
       13.011589908069924
      ],
      [
       151.31204260916746,
       12.90195361153226
      ],
      [
       151.38006530998618,
       12.776870463121595
      ],
      [
       151.42195348232715,
       12.64114733808391
      ],
      [
       151.43609738721847,
       12.5
      ],
      [
       151.42195348232715,
       12.35885266191609
      ],
      [
       151.38006530998618,
       12.223129536878405
      ],
      [
       151.31204260916746,
       12.09804638846774
      ],
      [
       151.22049945411587,
       11.988410091930076
      ],
      [
       151.10895379694207,
       11.898433908656614
      ],
      [
       150.98169227469572,
       11.831575572911326
      ],
      [
       150.84360547630766,
       11.790404413042321
      ],
      [
       150.7,
       11.776502613634309
      ],
      [
       150.55639452369232,
       11.790404413042321
      ],
      [
       150.41830772530426,
       11.831575572911326
      ],
      [
       150.2910462030579,
       11.898433908656614
      ],
      [
       150.1795005458841,
       11.988410091930076
      ],
      [
       150.0879573908325,
       12.09804638846774
      ],
      [
       150.0199346900138,
       12.223129536878405
      ],
      [
       149.97804651767282,
       12.35885266191609
      ],
      [
       149.9639026127815,
       12.5
      ],
      [
       149.97804651767282,
       12.64114733808391
      ],
      [
       150.0199346900138,
       12.776870463121595
      ],
      [
       150.0879573908325,
       12.90195361153226
      ],
      [
       150.1795005458841,
       13.011589908069924
      ],
      [
       150.2910462030579,
       13.101566091343386
      ],
      [
       150.41830772530426,
       13.168424427088674
      ],
      [
       150.55639452369232,
       13.209595586957679
      ],
      [
       150.7,
       13.223497386365691
      ]
     ]
    ]
   },
   "properties": {
    "time": "2026-07-04 17:00:00",
    "beaufort_threshold": 12,
    "grade": "超强台风",
    "pressure_hpa": 915.0,
    "wind_ms": 62.0
   }
  },
  {
   "type": "Feature",
   "geometry": {
    "type": "Polygon",
    "coordinates": [
     [
      [
       150.3,
       16.036612585237037
      ],
      [
       150.9823910893751,
       15.970579038048976
      ],
      [
       151.63855827187484,
       15.775016028671196
      ],
      [
       152.2432854106586,
       15.457438933881086
      ],
      [
       152.7733331809177,
       15.030052063332139
      ],
      [
       153.20833214409538,
       14.509279654778238
      ],
      [
       153.53156553398694,
       13.915134699827574
      ],
      [
       153.73061167269023,
       13.270449855898573
      ],
      [
       153.24553375050206,
       12.6
      ],
      [
       153.18893614542336,
       12.03541064766436
      ],
      [
       153.02131834441005,
       11.492518147513621
      ],
      [
       152.749121805554,
       10.992185553870957
      ],
      [
       152.38280688919386,
       10.553640367720302
      ],
      [
       151.93645087213355,
       10.193735634626453
      ],
      [
       151.42720696578934,
       9.926302291645307
      ],
      [
       150.87464512789484,
       9.761617652169281
      ],
      [
       150.3,
       9.434698934650099
      ],
      [
       149.67148189136506,
       9.495519307060153
      ],
      [
       149.06711738116792,
       9.675643131487053
      ],
      [
       148.51013185860396,
       9.968148350372683
      ],
      [
       148.02192996494423,
       10.361794152194081
      ],
      [
       147.62127302517533,
       10.84145294954636
      ],
      [
       147.32355806080153,
       11.388691723843024
      ],
      [
       147.14022609094323,
       11.982480395882892
      ],
      [
       147.35446624949796,
       12.6
      ],
      [
       147.41106385457667,
       13.16458935233564
      ],
      [
       147.57868165558997,
       13.707481852486378
      ],
      [
       147.850878194446,
       14.20781444612904
      ],
      [
       148.21719311080616,
       14.646359632279696
      ],
      [
       148.66354912786647,
       15.006264365373546
      ],
      [
       149.17279303421068,
       15.273697708354693
      ],
      [
       149.72535487210519,
       15.438382347830716
      ],
      [
       150.3,
       16.036612585237037
      ]
     ]
    ]
   },
   "properties": {
    "time": "2026-07-04 20:00:00",
    "beaufort_threshold": 7,
    "grade": "超强台风",
    "pressure_hpa": 915.0,
    "wind_ms": 62.0
   }
  },
  {
   "type": "Feature",
   "geometry": {
    "type": "Polygon",
    "coordinates": [
     [
      [
       150.3,
       14.046994772731383
      ],
      [
       150.58732256394742,
       14.019191173915358
      ],
      [
       150.8636034828947,
       13.936848854177345
      ],
      [
       151.11822543606678,
       13.803132182686772
      ],
      [
       151.34140344459692,
       13.623179816139848
      ],
      [
       151.524560902777,
       13.403907223064522
      ],
      [
       151.66065917220504,
       13.153740926243188
      ],
      [
       151.74446807271167,
       12.88229467616782
      ],
      [
       151.77276687525102,
       12.6
      ],
      [
       151.74446807271167,
       12.317705323832179
      ],
      [
       151.66065917220504,
       12.046259073756811
      ],
      [
       151.524560902777,
       11.796092776935478
      ],
      [
       151.34140344459692,
       11.576820183860152
      ],
      [
       151.11822543606678,
       11.396867817313227
      ],
      [
       150.8636034828947,
       11.263151145822654
      ],
      [
       150.58732256394742,
       11.180808826084641
      ],
      [
       150.3,
       11.153005227268617
      ],
      [
       150.0126774360526,
       11.180808826084641
      ],
      [
       149.73639651710533,
       11.263151145822654
      ],
      [
       149.48177456393324,
       11.396867817313227
      ],
      [
       149.2585965554031,
       11.57682018386015
      ],
      [
       149.075439097223,
       11.79609277693548
      ],
      [
       148.93934082779498,
       12.046259073756811
      ],
      [
       148.85553192728835,
       12.317705323832179
      ],
      [
       148.827233124749,
       12.6
      ],
      [
       148.85553192728835,
       12.88229467616782
      ],
      [
       148.93934082779498,
       13.153740926243188
      ],
      [
       149.075439097223,
       13.40390722306452
      ],
      [
       149.2585965554031,
       13.623179816139848
      ],
      [
       149.48177456393324,
       13.803132182686772
      ],
      [
       149.73639651710533,
       13.936848854177345
      ],
      [
       150.0126774360526,
       14.019191173915358
      ],
      [
       150.3,
       14.046994772731383
      ]
     ]
    ]
   },
   "properties": {
    "time": "2026-07-04 20:00:00",
    "beaufort_threshold": 10,
    "grade": "超强台风",
    "pressure_hpa": 915.0,
    "wind_ms": 62.0
   }
  },
  {
   "type": "Feature",
   "geometry": {
    "type": "Polygon",
    "coordinates": [
     [
      [
       150.3,
       13.323497386365691
      ],
      [
       150.4436612819737,
       13.309595586957679
      ],
      [
       150.58180174144735,
       13.268424427088673
      ],
      [
       150.7091127180334,
       13.201566091343386
      ],
      [
       150.82070172229848,
       13.111589908069924
      ],
      [
       150.9122804513885,
       13.00195361153226
      ],
      [
       150.98032958610253,
       12.876870463121595
      ],
      [
       151.02223403635585,
       12.741147338083909
      ],
      [
       151.03638343762552,
       12.6
      ],
      [
       151.02223403635585,
       12.45885266191609
      ],
      [
       150.98032958610253,
       12.323129536878405
      ],
      [
       150.9122804513885,
       12.19804638846774
      ],
      [
       150.82070172229848,
       12.088410091930076
      ],
      [
       150.7091127180334,
       11.998433908656613
      ],
      [
       150.58180174144735,
       11.931575572911326
      ],
      [
       150.4436612819737,
       11.89040441304232
      ],
      [
       150.3,
       11.876502613634308
      ],
      [
       150.15633871802632,
       11.89040441304232
      ],
      [
       150.01819825855267,
       11.931575572911326
      ],
      [
       149.89088728196663,
       11.998433908656613
      ],
      [
       149.77929827770154,
       12.088410091930076
      ],
      [
       149.6877195486115,
       12.19804638846774
      ],
      [
       149.6196704138975,
       12.323129536878405
      ],
      [
       149.57776596364417,
       12.45885266191609
      ],
      [
       149.5636165623745,
       12.6
      ],
      [
       149.57776596364417,
       12.741147338083909
      ],
      [
       149.6196704138975,
       12.876870463121595
      ],
      [
       149.6877195486115,
       13.00195361153226
      ],
      [
       149.77929827770154,
       13.111589908069924
      ],
      [
       149.89088728196663,
       13.201566091343386
      ],
      [
       150.01819825855267,
       13.268424427088673
      ],
      [
       150.15633871802632,
       13.309595586957679
      ],
      [
       150.3,
       13.323497386365691
      ]
     ]
    ]
   },
   "properties": {
    "time": "2026-07-04 20:00:00",
    "beaufort_threshold": 12,
    "grade": "超强台风",
    "pressure_hpa": 915.0,
    "wind_ms": 62.0
   }
  },
  {
   "type": "Feature",
   "geometry": {
    "type": "Polygon",
    "coordinates": [
     [
      [
       149.9,
       16.136612585237035
      ],
      [
       150.58265845269315,
       16.070579038048976
      ],
      [
       151.23908272388857,
       15.875016028671197
      ],
      [
       151.8440467969712,
       15.557438933881086
      ],
      [
       152.37430224188026,
       15.13005206333214
      ],
      [
       152.8094716392385,
       14.609279654778238
      ],
      [
       153.13283167315132,
       14.015134699827573
      ],
      [
       153.33195579885782,
       13.370449855898572
      ],
      [
       152.84668782137027,
       12.7
      ],
      [
       152.79006804114343,
       12.13541064766436
      ],
      [
       152.62238456686427,
       11.592518147513623
      ],
      [
       152.35008138041138,
       11.092185553870957
      ],
      [
       151.98362294053072,
       10.653640367720303
      ],
      [
       151.53709203955472,
       10.293735634626453
      ],
      [
       151.0276486095904,
       10.026302291645306
      ],
      [
       150.47487027595213,
       9.861617652169283
      ],
      [
       149.9,
       9.534698934650098
      ],
      [
       149.27123563567736,
       9.595519307060153
      ],
      [
       148.66663433326053,
       9.775643131487055
      ],
      [
       148.10943058173706,
       10.068148350372685
      ],
      [
       147.6210374087945,
       10.46179415219408
      ],
      [
       147.22022349017507,
       10.94145294954636
      ],
      [
       146.9223918799922,
       11.488691723843024
      ],
      [
       146.7389880799994,
       12.082480395882891
      ],
      [
       146.95331217862974,
       12.7
      ],
      [
       147.00993195885658,
       13.264589352335639
      ],
      [
       147.17761543313574,
       13.807481852486378
      ],
      [
       147.44991861958863,
       14.30781444612904
      ],
      [
       147.81637705946926,
       14.746359632279695
      ],
      [
       148.2629079604453,
       15.106264365373546
      ],
      [
       148.77235139040963,
       15.373697708354692
      ],
      [
       149.32512972404788,
       15.538382347830716
      ],
      [
       149.9,
       16.136612585237035
      ]
     ]
    ]
   },
   "properties": {
    "time": "2026-07-04 23:00:00",
    "beaufort_threshold": 7,
    "grade": "超强台风",
    "pressure_hpa": 915.0,
    "wind_ms": 62.0
   }
  },
  {
   "type": "Feature",
   "geometry": {
    "type": "Polygon",
    "coordinates": [
     [
      [
       149.9,
       14.146994772731382
      ],
      [
       150.18743513797608,
       14.119191173915357
      ],
      [
       150.4638243047952,
       14.036848854177345
      ],
      [
       150.71854601977736,
       13.903132182686772
      ],
      [
       150.94181147026538,
       13.723179816139847
      ],
      [
       151.12504069020568,
       13.50390722306452
      ],
      [
       151.26119228343214,
       13.253740926243188
      ],
      [
       151.34503402057172,
       12.98229467616782
      ],
      [
       151.37334391068515,
       12.7
      ],
      [
       151.34503402057172,
       12.417705323832179
      ],
      [
       151.26119228343214,
       12.146259073756811
      ],
      [
       151.12504069020568,
       11.896092776935479
      ],
      [
       150.94181147026538,
       11.676820183860151
      ],
      [
       150.71854601977736,
       11.496867817313227
      ],
      [
       150.4638243047952,
       11.363151145822654
      ],
      [
       150.18743513797608,
       11.280808826084641
      ],
      [
       149.9,
       11.253005227268616
      ],
      [
       149.61256486202393,
       11.280808826084641
      ],
      [
       149.33617569520482,
       11.363151145822654
      ],
      [
       149.08145398022265,
       11.496867817313227
      ],
      [
       148.85818852973463,
       11.676820183860151
      ],
      [
       148.67495930979433,
       11.896092776935479
      ],
      [
       148.53880771656787,
       12.146259073756811
      ],
      [
       148.4549659794283,
       12.417705323832179
      ],
      [
       148.42665608931486,
       12.7
      ],
      [
       148.4549659794283,
       12.98229467616782
      ],
      [
       148.53880771656787,
       13.25374092624319
      ],
      [
       148.67495930979433,
       13.50390722306452
      ],
      [
       148.85818852973463,
       13.723179816139847
      ],
      [
       149.08145398022265,
       13.903132182686772
      ],
      [
       149.33617569520482,
       14.036848854177345
      ],
      [
       149.61256486202393,
       14.119191173915357
      ],
      [
       149.9,
       14.146994772731382
      ]
     ]
    ]
   },
   "properties": {
    "time": "2026-07-04 23:00:00",
    "beaufort_threshold": 10,
    "grade": "超强台风",
    "pressure_hpa": 915.0,
    "wind_ms": 62.0
   }
  },
  {
   "type": "Feature",
   "geometry": {
    "type": "Polygon",
    "coordinates": [
     [
      [
       149.9,
       13.42349738636569
      ],
      [
       150.04371756898803,
       13.409595586957678
      ],
      [
       150.18191215239762,
       13.368424427088673
      ],
      [
       150.30927300988867,
       13.301566091343386
      ],
      [
       150.4209057351327,
       13.211589908069923
      ],
      [
       150.51252034510284,
       13.10195361153226
      ],
      [
       150.5805961417161,
       12.976870463121594
      ],
      [
       150.62251701028586,
       12.841147338083909
      ],
      [
       150.63667195534256,
       12.7
      ],
      [
       150.62251701028586,
       12.55885266191609
      ],
      [
       150.5805961417161,
       12.423129536878404
      ],
      [
       150.51252034510284,
       12.29804638846774
      ],
      [
       150.4209057351327,
       12.188410091930075
      ],
      [
       150.30927300988867,
       12.098433908656613
      ],
      [
       150.18191215239762,
       12.031575572911326
      ],
      [
       150.04371756898803,
       11.99040441304232
      ],
      [
       149.9,
       11.976502613634308
      ],
      [
       149.75628243101198,
       11.99040441304232
      ],
      [
       149.6180878476024,
       12.031575572911326
      ],
      [
       149.49072699011134,
       12.098433908656613
      ],
      [
       149.37909426486732,
       12.188410091930075
      ],
      [
       149.28747965489717,
       12.29804638846774
      ],
      [
       149.21940385828393,
       12.423129536878404
      ],
      [
       149.17748298971415,
       12.55885266191609
      ],
      [
       149.16332804465745,
       12.7
      ],
      [
       149.17748298971415,
       12.841147338083909
      ],
      [
       149.21940385828393,
       12.976870463121594
      ],
      [
       149.28747965489717,
       13.10195361153226
      ],
      [
       149.37909426486732,
       13.211589908069923
      ],
      [
       149.49072699011134,
       13.301566091343386
      ],
      [
       149.6180878476024,
       13.368424427088673
      ],
      [
       149.75628243101198,
       13.409595586957678
      ],
      [
       149.9,
       13.42349738636569
      ]
     ]
    ]
   },
   "properties": {
    "time": "2026-07-04 23:00:00",
    "beaufort_threshold": 12,
    "grade": "超强台风",
    "pressure_hpa": 915.0,
    "wind_ms": 62.0
   }
  },
  {
   "type": "Feature",
   "geometry": {
    "type": "Polygon",
    "coordinates": [
     [
      [
       149.6,
       16.136612585237035
      ],
      [
       150.28265845269314,
       16.070579038048976
      ],
      [
       150.93908272388856,
       15.875016028671197
      ],
      [
       151.5440467969712,
       15.557438933881086
      ],
      [
       152.07430224188025,
       15.13005206333214
      ],
      [
       152.50947163923848,
       14.609279654778238
      ],
      [
       152.8328316731513,
       14.015134699827573
      ],
      [
       153.0319557988578,
       13.370449855898572
      ],
      [
       152.54668782137026,
       12.7
      ],
      [
       152.49006804114342,
       12.13541064766436
      ],
      [
       152.32238456686426,
       11.592518147513623
      ],
      [
       152.05008138041137,
       11.092185553870957
      ],
      [
       151.6836229405307,
       10.653640367720303
      ],
      [
       151.2370920395547,
       10.293735634626453
      ],
      [
       150.72764860959037,
       10.026302291645306
      ],
      [
       150.17487027595212,
       9.861617652169283
      ],
      [
       149.6,
       9.534698934650098
      ],
      [
       148.97123563567735,
       9.595519307060153
      ],
      [
       148.36663433326052,
       9.775643131487055
      ],
      [
       147.80943058173705,
       10.068148350372685
      ],
      [
       147.3210374087945,
       10.46179415219408
      ],
      [
       146.92022349017506,
       10.94145294954636
      ],
      [
       146.6223918799922,
       11.488691723843024
      ],
      [
       146.43898807999938,
       12.082480395882891
      ],
      [
       146.65331217862973,
       12.7
      ],
      [
       146.70993195885657,
       13.264589352335639
      ],
      [
       146.87761543313573,
       13.807481852486378
      ],
      [
       147.14991861958862,
       14.30781444612904
      ],
      [
       147.51637705946925,
       14.746359632279695
      ],
      [
       147.96290796044528,
       15.106264365373546
      ],
      [
       148.4723513904096,
       15.373697708354692
      ],
      [
       149.02512972404787,
       15.538382347830716
      ],
      [
       149.6,
       16.136612585237035
      ]
     ]
    ]
   },
   "properties": {
    "time": "2026-07-05 02:00:00",
    "beaufort_threshold": 7,
    "grade": "超强台风",
    "pressure_hpa": 915.0,
    "wind_ms": 62.0
   }
  },
  {
   "type": "Feature",
   "geometry": {
    "type": "Polygon",
    "coordinates": [
     [
      [
       149.6,
       14.146994772731382
      ],
      [
       149.88743513797607,
       14.119191173915357
      ],
      [
       150.16382430479518,
       14.036848854177345
      ],
      [
       150.41854601977735,
       13.903132182686772
      ],
      [
       150.64181147026537,
       13.723179816139847
      ],
      [
       150.82504069020567,
       13.50390722306452
      ],
      [
       150.96119228343213,
       13.253740926243188
      ],
      [
       151.0450340205717,
       12.98229467616782
      ],
      [
       151.07334391068514,
       12.7
      ],
      [
       151.0450340205717,
       12.417705323832179
      ],
      [
       150.96119228343213,
       12.146259073756811
      ],
      [
       150.82504069020567,
       11.896092776935479
      ],
      [
       150.64181147026537,
       11.676820183860151
      ],
      [
       150.41854601977735,
       11.496867817313227
      ],
      [
       150.16382430479518,
       11.363151145822654
      ],
      [
       149.88743513797607,
       11.280808826084641
      ],
      [
       149.6,
       11.253005227268616
      ],
      [
       149.31256486202392,
       11.280808826084641
      ],
      [
       149.0361756952048,
       11.363151145822654
      ],
      [
       148.78145398022264,
       11.496867817313227
      ],
      [
       148.55818852973462,
       11.676820183860151
      ],
      [
       148.37495930979432,
       11.896092776935479
      ],
      [
       148.23880771656786,
       12.146259073756811
      ],
      [
       148.15496597942828,
       12.417705323832179
      ],
      [
       148.12665608931485,
       12.7
      ],
      [
       148.15496597942828,
       12.98229467616782
      ],
      [
       148.23880771656786,
       13.25374092624319
      ],
      [
       148.37495930979432,
       13.50390722306452
      ],
      [
       148.55818852973462,
       13.723179816139847
      ],
      [
       148.78145398022264,
       13.903132182686772
      ],
      [
       149.0361756952048,
       14.036848854177345
      ],
      [
       149.31256486202392,
       14.119191173915357
      ],
      [
       149.6,
       14.146994772731382
      ]
     ]
    ]
   },
   "properties": {
    "time": "2026-07-05 02:00:00",
    "beaufort_threshold": 10,
    "grade": "超强台风",
    "pressure_hpa": 915.0,
    "wind_ms": 62.0
   }
  },
  {
   "type": "Feature",
   "geometry": {
    "type": "Polygon",
    "coordinates": [
     [
      [
       149.6,
       13.42349738636569
      ],
      [
       149.74371756898802,
       13.409595586957678
      ],
      [
       149.8819121523976,
       13.368424427088673
      ],
      [
       150.00927300988866,
       13.301566091343386
      ],
      [
       150.12090573513268,
       13.211589908069923
      ],
      [
       150.21252034510283,
       13.10195361153226
      ],
      [
       150.28059614171607,
       12.976870463121594
      ],
      [
       150.32251701028585,
       12.841147338083909
      ],
      [
       150.33667195534255,
       12.7
      ],
      [
       150.32251701028585,
       12.55885266191609
      ],
      [
       150.28059614171607,
       12.423129536878404
      ],
      [
       150.21252034510283,
       12.29804638846774
      ],
      [
       150.12090573513268,
       12.188410091930075
      ],
      [
       150.00927300988866,
       12.098433908656613
      ],
      [
       149.8819121523976,
       12.031575572911326
      ],
      [
       149.74371756898802,
       11.99040441304232
      ],
      [
       149.6,
       11.976502613634308
      ],
      [
       149.45628243101197,
       11.99040441304232
      ],
      [
       149.31808784760238,
       12.031575572911326
      ],
      [
       149.19072699011133,
       12.098433908656613
      ],
      [
       149.0790942648673,
       12.188410091930075
      ],
      [
       148.98747965489716,
       12.29804638846774
      ],
      [
       148.9194038582839,
       12.423129536878404
      ],
      [
       148.87748298971414,
       12.55885266191609
      ],
      [
       148.86332804465744,
       12.7
      ],
      [
       148.87748298971414,
       12.841147338083909
      ],
      [
       148.9194038582839,
       12.976870463121594
      ],
      [
       148.98747965489716,
       13.10195361153226
      ],
      [
       149.0790942648673,
       13.211589908069923
      ],
      [
       149.19072699011133,
       13.301566091343386
      ],
      [
       149.31808784760238,
       13.368424427088673
      ],
      [
       149.45628243101197,
       13.409595586957678
      ],
      [
       149.6,
       13.42349738636569
      ]
     ]
    ]
   },
   "properties": {
    "time": "2026-07-05 02:00:00",
    "beaufort_threshold": 12,
    "grade": "超强台风",
    "pressure_hpa": 915.0,
    "wind_ms": 62.0
   }
  },
  {
   "type": "Feature",
   "geometry": {
    "type": "Polygon",
    "coordinates": [
     [
      [
       149.2,
       16.236612585237037
      ],
      [
       149.882928106734,
       16.170579038048977
      ],
      [
       150.53961166931674,
       15.975016028671199
      ],
      [
       151.1448147067105,
       15.657438933881087
      ],
      [
       151.67527960559002,
       15.230052063332142
      ],
      [
       152.11062089737953,
       14.70927965477824
      ],
      [
       152.43410866037775,
       14.115134699827575
      ],
      [
       152.63331144126667,
       13.470449855898574
      ],
      [
       152.14785178011869,
       12.8
      ],
      [
       152.09120963475087,
       12.235410647664361
      ],
      [
       151.92345992452863,
       11.692518147513624
      ],
      [
       151.65104917674066,
       11.192185553870958
      ],
      [
       151.28444598365476,
       10.753640367720305
      ],
      [
       150.83773870038777,
       10.393735634626454
      ],
      [
       150.32809403731935,
       10.126302291645308
      ],
      [
       149.77509735303917,
       9.961617652169284
      ],
      [
       149.2,
       9.6346989346501
      ],
      [
       148.5709872701134,
       9.695519307060154
      ],
      [
       147.96614714668195,
       9.875643131487056
      ],
      [
       147.40872329645083,
       10.168148350372686
      ],
      [
       146.92013720537759,
       10.561794152194082
      ],
      [
       146.5191649629399,
       11.041452949546361
      ],
      [
       146.2212157075468,
       11.588691723843025
      ],
      [
       146.0377394619912,
       12.182480395882893
      ],
      [
       146.2521482198813,
       12.8
      ],
      [
       146.3087903652491,
       13.36458935233564
      ],
      [
       146.47654007547135,
       13.907481852486379
      ],
      [
       146.74895082325932,
       14.407814446129041
      ],
      [
       147.11555401634521,
       14.846359632279697
      ],
      [
       147.5622612996122,
       15.206264365373547
      ],
      [
       148.07190596268063,
       15.473697708354694
      ],
      [
       148.6249026469608,
       15.638382347830717
      ],
      [
       149.2,
       16.236612585237037
      ]
     ]
    ]
   },
   "properties": {
    "time": "2026-07-05 05:00:00",
    "beaufort_threshold": 7,
    "grade": "超强台风",
    "pressure_hpa": 915.0,
    "wind_ms": 62.0
   }
  },
  {
   "type": "Feature",
   "geometry": {
    "type": "Polygon",
    "coordinates": [
     [
      [
       149.2,
       14.246994772731384
      ],
      [
       149.48754867651957,
       14.219191173915359
      ],
      [
       149.76404701865968,
       14.136848854177346
      ],
      [
       150.01886935019388,
       14.003132182686773
      ],
      [
       150.24222299182736,
       13.823179816139849
      ],
      [
       150.4255245883703,
       13.603907223064521
      ],
      [
       150.5617299622643,
       13.353740926243189
      ],
      [
       150.64560481737544,
       13.082294676167821
      ],
      [
       150.67392589005934,
       12.8
      ],
      [
       150.64560481737544,
       12.51770532383218
      ],
      [
       150.5617299622643,
       12.246259073756812
      ],
      [
       150.4255245883703,
       11.99609277693548
      ],
      [
       150.24222299182736,
       11.776820183860153
      ],
      [
       150.01886935019388,
       11.596867817313228
      ],
      [
       149.76404701865968,
       11.463151145822655
      ],
      [
       149.48754867651957,
       11.380808826084643
      ],
      [
       149.2,
       11.353005227268618
      ],
      [
       148.9124513234804,
       11.380808826084643
      ],
      [
       148.6359529813403,
       11.463151145822655
      ],
      [
       148.3811306498061,
       11.596867817313228
      ],
      [
       148.15777700817262,
       11.776820183860153
      ],
      [
       147.97447541162967,
       11.99609277693548
      ],
      [
       147.83827003773567,
       12.246259073756812
      ],
      [
       147.75439518262453,
       12.51770532383218
      ],
      [
       147.72607410994064,
       12.8
      ],
      [
       147.75439518262453,
       13.082294676167821
      ],
      [
       147.83827003773567,
       13.35374092624319
      ],
      [
       147.97447541162967,
       13.603907223064521
      ],
      [
       148.15777700817262,
       13.823179816139849
      ],
      [
       148.3811306498061,
       14.003132182686773
      ],
      [
       148.6359529813403,
       14.136848854177346
      ],
      [
       148.9124513234804,
       14.219191173915359
      ],
      [
       149.2,
       14.246994772731384
      ]
     ]
    ]
   },
   "properties": {
    "time": "2026-07-05 05:00:00",
    "beaufort_threshold": 10,
    "grade": "超强台风",
    "pressure_hpa": 915.0,
    "wind_ms": 62.0
   }
  },
  {
   "type": "Feature",
   "geometry": {
    "type": "Polygon",
    "coordinates": [
     [
      [
       149.2,
       13.523497386365692
      ],
      [
       149.34377433825978,
       13.50959558695768
      ],
      [
       149.48202350932982,
       13.468424427088674
      ],
      [
       149.60943467509694,
       13.401566091343387
      ],
      [
       149.72111149591368,
       13.311589908069925
      ],
      [
       149.81276229418515,
       13.20195361153226
      ],
      [
       149.88086498113213,
       13.076870463121596
      ],
      [
       149.92280240868772,
       12.94114733808391
      ],
      [
       149.93696294502968,
       12.8
      ],
      [
       149.92280240868772,
       12.658852661916091
      ],
      [
       149.88086498113213,
       12.523129536878406
      ],
      [
       149.81276229418515,
       12.39804638846774
      ],
      [
       149.72111149591368,
       12.288410091930077
      ],
      [
       149.60943467509694,
       12.198433908656614
      ],
      [
       149.48202350932982,
       12.131575572911327
      ],
      [
       149.34377433825978,
       12.090404413042322
      ],
      [
       149.2,
       12.07650261363431
      ],
      [
       149.0562256617402,
       12.090404413042322
      ],
      [
       148.91797649067016,
       12.131575572911327
      ],
      [
       148.79056532490304,
       12.198433908656614
      ],
      [
       148.6788885040863,
       12.288410091930077
      ],
      [
       148.58723770581483,
       12.39804638846774
      ],
      [
       148.51913501886784,
       12.523129536878406
      ],
      [
       148.47719759131226,
       12.658852661916091
      ],
      [
       148.4630370549703,
       12.8
      ],
      [
       148.47719759131226,
       12.94114733808391
      ],
      [
       148.51913501886784,
       13.076870463121596
      ],
      [
       148.58723770581483,
       13.20195361153226
      ],
      [
       148.6788885040863,
       13.311589908069925
      ],
      [
       148.79056532490304,
       13.401566091343387
      ],
      [
       148.91797649067016,
       13.468424427088674
      ],
      [
       149.0562256617402,
       13.50959558695768
      ],
      [
       149.2,
       13.523497386365692
      ]
     ]
    ]
   },
   "properties": {
    "time": "2026-07-05 05:00:00",
    "beaufort_threshold": 12,
    "grade": "超强台风",
    "pressure_hpa": 915.0,
    "wind_ms": 62.0
   }
  },
  {
   "type": "Feature",
   "geometry": {
    "type": "Polygon",
    "coordinates": [
     [
      [
       149.0,
       16.236612585237037
      ],
      [
       149.682928106734,
       16.170579038048977
      ],
      [
       150.33961166931675,
       15.975016028671199
      ],
      [
       150.9448147067105,
       15.657438933881087
      ],
      [
       151.47527960559003,
       15.230052063332142
      ],
      [
       151.91062089737954,
       14.70927965477824
      ],
      [
       152.23410866037776,
       14.115134699827575
      ],
      [
       152.43331144126668,
       13.470449855898574
      ],
      [
       151.9478517801187,
       12.8
      ],
      [
       151.89120963475088,
       12.235410647664361
      ],
      [
       151.72345992452864,
       11.692518147513624
      ],
      [
       151.45104917674067,
       11.192185553870958
      ],
      [
       151.08444598365477,
       10.753640367720305
      ],
      [
       150.63773870038779,
       10.393735634626454
      ],
      [
       150.12809403731936,
       10.126302291645308
      ],
      [
       149.57509735303918,
       9.961617652169284
      ],
      [
       149.0,
       9.6346989346501
      ],
      [
       148.3709872701134,
       9.695519307060154
      ],
      [
       147.76614714668196,
       9.875643131487056
      ],
      [
       147.20872329645084,
       10.168148350372686
      ],
      [
       146.7201372053776,
       10.561794152194082
      ],
      [
       146.3191649629399,
       11.041452949546361
      ],
      [
       146.02121570754682,
       11.588691723843025
      ],
      [
       145.83773946199122,
       12.182480395882893
      ],
      [
       146.0521482198813,
       12.8
      ],
      [
       146.10879036524912,
       13.36458935233564
      ],
      [
       146.27654007547136,
       13.907481852486379
      ],
      [
       146.54895082325933,
       14.407814446129041
      ],
      [
       146.91555401634523,
       14.846359632279697
      ],
      [
       147.36226129961221,
       15.206264365373547
      ],
      [
       147.87190596268064,
       15.473697708354694
      ],
      [
       148.42490264696082,
       15.638382347830717
      ],
      [
       149.0,
       16.236612585237037
      ]
     ]
    ]
   },
   "properties": {
    "time": "2026-07-05 08:00:00",
    "beaufort_threshold": 7,
    "grade": "超强台风",
    "pressure_hpa": 920.0,
    "wind_ms": 60.0
   }
  },
  {
   "type": "Feature",
   "geometry": {
    "type": "Polygon",
    "coordinates": [
     [
      [
       149.0,
       14.246994772731384
      ],
      [
       149.28754867651958,
       14.219191173915359
      ],
      [
       149.5640470186597,
       14.136848854177346
      ],
      [
       149.8188693501939,
       14.003132182686773
      ],
      [
       150.04222299182737,
       13.823179816139849
      ],
      [
       150.22552458837032,
       13.603907223064521
      ],
      [
       150.36172996226432,
       13.353740926243189
      ],
      [
       150.44560481737545,
       13.082294676167821
      ],
      [
       150.47392589005935,
       12.8
      ],
      [
       150.44560481737545,
       12.51770532383218
      ],
      [
       150.36172996226432,
       12.246259073756812
      ],
      [
       150.22552458837032,
       11.99609277693548
      ],
      [
       150.04222299182737,
       11.776820183860153
      ],
      [
       149.8188693501939,
       11.596867817313228
      ],
      [
       149.5640470186597,
       11.463151145822655
      ],
      [
       149.28754867651958,
       11.380808826084643
      ],
      [
       149.0,
       11.353005227268618
      ],
      [
       148.71245132348042,
       11.380808826084643
      ],
      [
       148.4359529813403,
       11.463151145822655
      ],
      [
       148.1811306498061,
       11.596867817313228
      ],
      [
       147.95777700817263,
       11.776820183860153
      ],
      [
       147.77447541162968,
       11.99609277693548
      ],
      [
       147.63827003773568,
       12.246259073756812
      ],
      [
       147.55439518262455,
       12.51770532383218
      ],
      [
       147.52607410994065,
       12.8
      ],
      [
       147.55439518262455,
       13.082294676167821
      ],
      [
       147.63827003773568,
       13.35374092624319
      ],
      [
       147.77447541162968,
       13.603907223064521
      ],
      [
       147.95777700817263,
       13.823179816139849
      ],
      [
       148.1811306498061,
       14.003132182686773
      ],
      [
       148.4359529813403,
       14.136848854177346
      ],
      [
       148.71245132348042,
       14.219191173915359
      ],
      [
       149.0,
       14.246994772731384
      ]
     ]
    ]
   },
   "properties": {
    "time": "2026-07-05 08:00:00",
    "beaufort_threshold": 10,
    "grade": "超强台风",
    "pressure_hpa": 920.0,
    "wind_ms": 60.0
   }
  },
  {
   "type": "Feature",
   "geometry": {
    "type": "Polygon",
    "coordinates": [
     [
      [
       149.0,
       13.523497386365692
      ],
      [
       149.1437743382598,
       13.50959558695768
      ],
      [
       149.28202350932983,
       13.468424427088674
      ],
      [
       149.40943467509695,
       13.401566091343387
      ],
      [
       149.5211114959137,
       13.311589908069925
      ],
      [
       149.61276229418516,
       13.20195361153226
      ],
      [
       149.68086498113215,
       13.076870463121596
      ],
      [
       149.72280240868773,
       12.94114733808391
      ],
      [
       149.7369629450297,
       12.8
      ],
      [
       149.72280240868773,
       12.658852661916091
      ],
      [
       149.68086498113215,
       12.523129536878406
      ],
      [
       149.61276229418516,
       12.39804638846774
      ],
      [
       149.5211114959137,
       12.288410091930077
      ],
      [
       149.40943467509695,
       12.198433908656614
      ],
      [
       149.28202350932983,
       12.131575572911327
      ],
      [
       149.1437743382598,
       12.090404413042322
      ],
      [
       149.0,
       12.07650261363431
      ],
      [
       148.8562256617402,
       12.090404413042322
      ],
      [
       148.71797649067017,
       12.131575572911327
      ],
      [
       148.59056532490305,
       12.198433908656614
      ],
      [
       148.4788885040863,
       12.288410091930077
      ],
      [
       148.38723770581484,
       12.39804638846774
      ],
      [
       148.31913501886785,
       12.523129536878406
      ],
      [
       148.27719759131227,
       12.658852661916091
      ],
      [
       148.2630370549703,
       12.8
      ],
      [
       148.27719759131227,
       12.94114733808391
      ],
      [
       148.31913501886785,
       13.076870463121596
      ],
      [
       148.38723770581484,
       13.20195361153226
      ],
      [
       148.4788885040863,
       13.311589908069925
      ],
      [
       148.59056532490305,
       13.401566091343387
      ],
      [
       148.71797649067017,
       13.468424427088674
      ],
      [
       148.8562256617402,
       13.50959558695768
      ],
      [
       149.0,
       13.523497386365692
      ]
     ]
    ]
   },
   "properties": {
    "time": "2026-07-05 08:00:00",
    "beaufort_threshold": 12,
    "grade": "超强台风",
    "pressure_hpa": 920.0,
    "wind_ms": 60.0
   }
  },
  {
   "type": "Feature",
   "geometry": {
    "type": "Polygon",
    "coordinates": [
     [
      [
       148.7,
       16.536612585237037
      ],
      [
       149.38375085699417,
       16.470579038048978
      ],
      [
       150.04122555200598,
       16.275016028671196
      ],
      [
       150.64715770122214,
       15.957438933881086
      ],
      [
       151.17826167195898,
       15.530052063332139
      ],
      [
       151.61412743646756,
       15.009279654778238
      ],
      [
       151.93800491785422,
       14.415134699827574
      ],
      [
       152.1374476861418,
       13.770449855898573
      ],
      [
       151.6514031727106,
       13.1
      ],
      [
       151.59469278832992,
       12.53541064766436
      ],
      [
       151.42674098345617,
       11.992518147513621
      ],
      [
       151.15400205176215,
       11.492185553870957
      ],
      [
       150.78695719743914,
       11.053640367720302
      ],
      [
       150.3397117483976,
       10.693735634626453
      ],
      [
       149.82945309642608,
       10.426302291645307
      ],
      [
       149.27579019536353,
       10.261617652169281
      ],
      [
       148.7,
       9.934698934650099
      ],
      [
       148.07022947382112,
       9.995519307060153
      ],
      [
       147.46466067578393,
       10.175643131487053
      ],
      [
       146.9065652751901,
       10.468148350372683
      ],
      [
       146.41739056530093,
       10.861794152194081
      ],
      [
       146.01593525588513,
       11.34145294954636
      ],
      [
       145.7176270493448,
       11.888691723843024
      ],
      [
       145.53392976276413,
       12.482480395882892
      ],
      [
       145.7485968272894,
       13.1
      ],
      [
       145.80530721167005,
       13.66458935233564
      ],
      [
       145.9732590165438,
       14.207481852486378
      ],
      [
       146.24599794823783,
       14.70781444612904
      ],
      [
       146.61304280256084,
       15.146359632279696
      ],
      [
       147.06028825160237,
       15.506264365373546
      ],
      [
       147.5705469035739,
       15.773697708354693
      ],
      [
       148.12420980463645,
       15.938382347830716
      ],
      [
       148.7,
       16.536612585237037
      ]
     ]
    ]
   },
   "properties": {
    "time": "2026-07-05 11:00:00",
    "beaufort_threshold": 7,
    "grade": "超强台风",
    "pressure_hpa": 915.0,
    "wind_ms": 62.0
   }
  },
  {
   "type": "Feature",
   "geometry": {
    "type": "Polygon",
    "coordinates": [
     [
      [
       148.7,
       14.546994772731383
      ],
      [
       148.98789509768176,
       14.519191173915358
      ],
      [
       149.26472654821305,
       14.436848854177345
      ],
      [
       149.51985587419878,
       14.303132182686772
      ],
      [
       149.74347859871955,
       14.123179816139848
      ],
      [
       149.92700102588108,
       13.903907223064522
      ],
      [
       150.06337049172808,
       13.653740926243188
      ],
      [
       150.14734639416497,
       13.38229467616782
      ],
      [
       150.17570158635527,
       13.1
      ],
      [
       150.14734639416497,
       12.817705323832179
      ],
      [
       150.06337049172808,
       12.546259073756811
      ],
      [
       149.92700102588108,
       12.296092776935478
      ],
      [
       149.74347859871955,
       12.076820183860152
      ],
      [
       149.51985587419878,
       11.896867817313227
      ],
      [
       149.26472654821305,
       11.763151145822654
      ],
      [
       148.98789509768176,
       11.680808826084641
      ],
      [
       148.7,
       11.653005227268617
      ],
      [
       148.41210490231822,
       11.680808826084641
      ],
      [
       148.13527345178693,
       11.763151145822654
      ],
      [
       147.8801441258012,
       11.896867817313227
      ],
      [
       147.65652140128043,
       12.07682018386015
      ],
      [
       147.4729989741189,
       12.29609277693548
      ],
      [
       147.3366295082719,
       12.546259073756811
      ],
      [
       147.252653605835,
       12.817705323832179
      ],
      [
       147.2242984136447,
       13.1
      ],
      [
       147.252653605835,
       13.38229467616782
      ],
      [
       147.3366295082719,
       13.653740926243188
      ],
      [
       147.4729989741189,
       13.90390722306452
      ],
      [
       147.65652140128043,
       14.123179816139848
      ],
      [
       147.8801441258012,
       14.303132182686772
      ],
      [
       148.13527345178693,
       14.436848854177345
      ],
      [
       148.41210490231822,
       14.519191173915358
      ],
      [
       148.7,
       14.546994772731383
      ]
     ]
    ]
   },
   "properties": {
    "time": "2026-07-05 11:00:00",
    "beaufort_threshold": 10,
    "grade": "超强台风",
    "pressure_hpa": 915.0,
    "wind_ms": 62.0
   }
  },
  {
   "type": "Feature",
   "geometry": {
    "type": "Polygon",
    "coordinates": [
     [
      [
       148.7,
       13.823497386365691
      ],
      [
       148.84394754884087,
       13.809595586957679
      ],
      [
       148.98236327410652,
       13.768424427088673
      ],
      [
       149.1099279370994,
       13.701566091343386
      ],
      [
       149.22173929935977,
       13.611589908069924
      ],
      [
       149.31350051294052,
       13.50195361153226
      ],
      [
       149.38168524586405,
       13.376870463121595
      ],
      [
       149.42367319708248,
       13.241147338083909
      ],
      [
       149.43785079317763,
       13.1
      ],
      [
       149.42367319708248,
       12.95885266191609
      ],
      [
       149.38168524586405,
       12.823129536878405
      ],
      [
       149.31350051294052,
       12.69804638846774
      ],
      [
       149.22173929935977,
       12.588410091930076
      ],
      [
       149.1099279370994,
       12.498433908656613
      ],
      [
       148.98236327410652,
       12.431575572911326
      ],
      [
       148.84394754884087,
       12.39040441304232
      ],
      [
       148.7,
       12.376502613634308
      ],
      [
       148.5560524511591,
       12.39040441304232
      ],
      [
       148.41763672589346,
       12.431575572911326
      ],
      [
       148.29007206290058,
       12.498433908656613
      ],
      [
       148.1782607006402,
       12.588410091930076
      ],
      [
       148.08649948705946,
       12.69804638846774
      ],
      [
       148.01831475413593,
       12.823129536878405
      ],
      [
       147.9763268029175,
       12.95885266191609
      ],
      [
       147.96214920682235,
       13.1
      ],
      [
       147.9763268029175,
       13.241147338083909
      ],
      [
       148.01831475413593,
       13.376870463121595
      ],
      [
       148.08649948705946,
       13.50195361153226
      ],
      [
       148.1782607006402,
       13.611589908069924
      ],
      [
       148.29007206290058,
       13.701566091343386
      ],
      [
       148.41763672589346,
       13.768424427088673
      ],
      [
       148.5560524511591,
       13.809595586957679
      ],
      [
       148.7,
       13.823497386365691
      ]
     ]
    ]
   },
   "properties": {
    "time": "2026-07-05 11:00:00",
    "beaufort_threshold": 12,
    "grade": "超强台风",
    "pressure_hpa": 915.0,
    "wind_ms": 62.0
   }
  },
  {
   "type": "Feature",
   "geometry": {
    "type": "Polygon",
    "coordinates": [
     [
      [
       148.2,
       16.836612585237035
      ],
      [
       148.88459438318375,
       16.77057903804898
      ],
      [
       149.5428801881467,
       16.575016028671197
      ],
      [
       150.14955986057507,
       16.257438933881087
      ],
      [
       150.6813190408873,
       15.83005206333214
      ],
      [
       151.117722521998,
       15.309279654778239
      ],
      [
       151.44199956286593,
       14.715134699827574
      ],
      [
       151.64168837866723,
       14.070449855898573
      ],
      [
       151.15504424437677,
       13.4
      ],
      [
       151.09826389782503,
       12.83541064766436
      ],
      [
       150.930104895045,
       12.292518147513622
      ],
      [
       150.65702949220884,
       11.792185553870958
      ],
      [
       150.2895318239051,
       11.353640367720303
      ],
      [
       149.84173461943163,
       10.993735634626454
      ],
      [
       149.3308464742288,
       10.726302291645307
      ],
      [
       148.77650053320735,
       10.561617652169282
      ],
      [
       148.2,
       10.2346989346501
      ],
      [
       147.56945254180442,
       10.295519307060154
      ],
      [
       146.9631366688122,
       10.475643131487054
      ],
      [
       146.4043527599966,
       10.768148350372684
      ],
      [
       145.91457456760378,
       11.161794152194082
      ],
      [
       145.51262399289658,
       11.64145294954636
      ],
      [
       145.21394777104453,
       12.188691723843025
      ],
      [
       145.03002386175385,
       12.782480395882892
      ],
      [
       145.2449557556232,
       13.4
      ],
      [
       145.30173610217494,
       13.96458935233564
      ],
      [
       145.469895104955,
       14.507481852486379
      ],
      [
       145.74297050779114,
       15.007814446129041
      ],
      [
       146.11046817609488,
       15.446359632279696
      ],
      [
       146.55826538056834,
       15.806264365373547
      ],
      [
       147.06915352577118,
       16.073697708354693
      ],
      [
       147.62349946679262,
       16.23838234783072
      ],
      [
       148.2,
       16.836612585237035
      ]
     ]
    ]
   },
   "properties": {
    "time": "2026-07-05 14:00:00",
    "beaufort_threshold": 7,
    "grade": "超强台风",
    "pressure_hpa": 915.0,
    "wind_ms": 62.0
   }
  },
  {
   "type": "Feature",
   "geometry": {
    "type": "Polygon",
    "coordinates": [
     [
      [
       148.2,
       14.846994772731383
      ],
      [
       148.48825026660367,
       14.819191173915359
      ],
      [
       148.7654232371144,
       14.736848854177346
      ],
      [
       149.0208673097158,
       14.603132182686773
      ],
      [
       149.24476591195253,
       14.423179816139848
      ],
      [
       149.4285147461044,
       14.203907223064522
      ],
      [
       149.56505244752248,
       13.953740926243189
      ],
      [
       149.6491319489125,
       13.682294676167821
      ],
      [
       149.67752212218838,
       13.4
      ],
      [
       149.6491319489125,
       13.11770532383218
      ],
      [
       149.56505244752248,
       12.846259073756812
      ],
      [
       149.4285147461044,
       12.596092776935478
      ],
      [
       149.24476591195253,
       12.376820183860152
      ],
      [
       149.0208673097158,
       12.196867817313228
      ],
      [
       148.7654232371144,
       12.063151145822655
      ],
      [
       148.48825026660367,
       11.980808826084642
      ],
      [
       148.2,
       11.953005227268617
      ],
      [
       147.9117497333963,
       11.980808826084642
      ],
      [
       147.6345767628856,
       12.063151145822655
      ],
      [
       147.37913269028417,
       12.196867817313228
      ],
      [
       147.15523408804745,
       12.37682018386015
      ],
      [
       146.97148525389557,
       12.59609277693548
      ],
      [
       146.8349475524775,
       12.846259073756812
      ],
      [
       146.75086805108748,
       13.11770532383218
      ],
      [
       146.7224778778116,
       13.4
      ],
      [
       146.75086805108748,
       13.682294676167821
      ],
      [
       146.8349475524775,
       13.953740926243189
      ],
      [
       146.97148525389557,
       14.20390722306452
      ],
      [
       147.15523408804742,
       14.423179816139848
      ],
      [
       147.37913269028417,
       14.603132182686773
      ],
      [
       147.6345767628856,
       14.736848854177346
      ],
      [
       147.9117497333963,
       14.819191173915359
      ],
      [
       148.2,
       14.846994772731383
      ]
     ]
    ]
   },
   "properties": {
    "time": "2026-07-05 14:00:00",
    "beaufort_threshold": 10,
    "grade": "超强台风",
    "pressure_hpa": 915.0,
    "wind_ms": 62.0
   }
  },
  {
   "type": "Feature",
   "geometry": {
    "type": "Polygon",
    "coordinates": [
     [
      [
       148.2,
       14.123497386365692
      ],
      [
       148.34412513330184,
       14.10959558695768
      ],
      [
       148.4827116185572,
       14.068424427088674
      ],
      [
       148.6104336548579,
       14.001566091343387
      ],
      [
       148.72238295597626,
       13.911589908069924
      ],
      [
       148.8142573730522,
       13.80195361153226
      ],
      [
       148.88252622376123,
       13.676870463121595
      ],
      [
       148.92456597445624,
       13.54114733808391
      ],
      [
       148.9387610610942,
       13.4
      ],
      [
       148.92456597445624,
       13.258852661916091
      ],
      [
       148.88252622376123,
       13.123129536878405
      ],
      [
       148.8142573730522,
       12.99804638846774
      ],
      [
       148.72238295597626,
       12.888410091930076
      ],
      [
       148.6104336548579,
       12.798433908656614
      ],
      [
       148.4827116185572,
       12.731575572911327
      ],
      [
       148.34412513330184,
       12.690404413042321
      ],
      [
       148.2,
       12.676502613634309
      ],
      [
       148.05587486669813,
       12.690404413042321
      ],
      [
       147.91728838144277,
       12.731575572911327
      ],
      [
       147.78956634514208,
       12.798433908656614
      ],
      [
       147.67761704402372,
       12.888410091930076
      ],
      [
       147.5857426269478,
       12.99804638846774
      ],
      [
       147.51747377623875,
       13.123129536878405
      ],
      [
       147.47543402554373,
       13.258852661916091
      ],
      [
       147.46123893890578,
       13.4
      ],
      [
       147.47543402554373,
       13.54114733808391
      ],
      [
       147.51747377623875,
       13.676870463121595
      ],
      [
       147.5857426269478,
       13.80195361153226
      ],
      [
       147.67761704402372,
       13.911589908069924
      ],
      [
       147.78956634514208,
       14.001566091343387
      ],
      [
       147.91728838144277,
       14.068424427088674
      ],
      [
       148.05587486669813,
       14.10959558695768
      ],
      [
       148.2,
       14.123497386365692
      ]
     ]
    ]
   },
   "properties": {
    "time": "2026-07-05 14:00:00",
    "beaufort_threshold": 12,
    "grade": "超强台风",
    "pressure_hpa": 915.0,
    "wind_ms": 62.0
   }
  },
  {
   "type": "Feature",
   "geometry": {
    "type": "Polygon",
    "coordinates": [
     [
      [
       147.7,
       16.936612585237036
      ],
      [
       148.38488019667085,
       16.870579038048977
      ],
      [
       149.0434408314689,
       16.675016028671198
      ],
      [
       149.6503737885239,
       16.357438933881085
      ],
      [
       150.18235497466816,
       15.930052063332141
      ],
      [
       150.6189406512566,
       15.409279654778238
      ],
      [
       150.94335307557805,
       14.815134699827574
      ],
      [
       151.14312526009837,
       14.170449855898573
      ],
      [
       150.6562779552,
       13.5
      ],
      [
       150.59947390324072,
       12.93541064766436
      ],
      [
       150.4312446952236,
       12.392518147513623
      ],
      [
       150.15805528526872,
       11.892185553870958
      ],
      [
       149.79040418919422,
       11.453640367720304
      ],
      [
       149.34242003244117,
       11.093735634626453
      ],
      [
       148.83131859492119,
       10.826302291645307
      ],
      [
       148.27674121824913,
       10.661617652169284
      ],
      [
       147.7,
       10.334698934650099
      ],
      [
       147.06918929254,
       10.395519307060153
      ],
      [
       146.46262028680493,
       10.575643131487055
      ],
      [
       145.90360308951745,
       10.868148350372685
      ],
      [
       145.4136204180688,
       11.261794152194081
      ],
      [
       145.0115020317373,
       11.74145294954636
      ],
      [
       144.71270111459916,
       12.288691723843025
      ],
      [
       144.52870041833043,
       12.882480395882892
      ],
      [
       144.74372204479997,
       13.5
      ],
      [
       144.80052609675926,
       14.06458935233564
      ],
      [
       144.96875530477638,
       14.607481852486378
      ],
      [
       145.24194471473126,
       15.10781444612904
      ],
      [
       145.60959581080576,
       15.546359632279696
      ],
      [
       146.0575799675588,
       15.906264365373547
      ],
      [
       146.5686814050788,
       16.17369770835469
      ],
      [
       147.12325878175082,
       16.338382347830716
      ],
      [
       147.7,
       16.936612585237036
      ]
     ]
    ]
   },
   "properties": {
    "time": "2026-07-05 17:00:00",
    "beaufort_threshold": 7,
    "grade": "超强台风",
    "pressure_hpa": 915.0,
    "wind_ms": 62.0
   }
  },
  {
   "type": "Feature",
   "geometry": {
    "type": "Polygon",
    "coordinates": [
     [
      [
       147.7,
       14.946994772731383
      ],
      [
       147.98837060912456,
       14.919191173915358
      ],
      [
       148.2656592974606,
       14.836848854177346
      ],
      [
       148.52121001622058,
       14.703132182686772
      ],
      [
       148.74520209459712,
       14.523179816139848
      ],
      [
       148.92902764263434,
       14.30390722306452
      ],
      [
       149.0656223476118,
       14.053740926243188
      ],
      [
       149.14973695162035,
       13.78229467616782
      ],
      [
       149.1781389776,
       13.5
      ],
      [
       149.14973695162035,
       13.21770532383218
      ],
      [
       149.0656223476118,
       12.946259073756812
      ],
      [
       148.92902764263434,
       12.69609277693548
      ],
      [
       148.74520209459712,
       12.476820183860152
      ],
      [
       148.52121001622058,
       12.296867817313228
      ],
      [
       148.2656592974606,
       12.163151145822654
      ],
      [
       147.98837060912456,
       12.080808826084642
      ],
      [
       147.7,
       12.053005227268617
      ],
      [
       147.41162939087542,
       12.080808826084642
      ],
      [
       147.1343407025394,
       12.163151145822654
      ],
      [
       146.8787899837794,
       12.296867817313228
      ],
      [
       146.65479790540286,
       12.476820183860152
      ],
      [
       146.47097235736564,
       12.69609277693548
      ],
      [
       146.33437765238818,
       12.946259073756812
      ],
      [
       146.25026304837962,
       13.21770532383218
      ],
      [
       146.22186102239996,
       13.5
      ],
      [
       146.25026304837962,
       13.78229467616782
      ],
      [
       146.33437765238818,
       14.05374092624319
      ],
      [
       146.47097235736564,
       14.30390722306452
      ],
      [
       146.65479790540286,
       14.523179816139848
      ],
      [
       146.8787899837794,
       14.703132182686772
      ],
      [
       147.1343407025394,
       14.836848854177346
      ],
      [
       147.41162939087542,
       14.919191173915358
      ],
      [
       147.7,
       14.946994772731383
      ]
     ]
    ]
   },
   "properties": {
    "time": "2026-07-05 17:00:00",
    "beaufort_threshold": 10,
    "grade": "超强台风",
    "pressure_hpa": 915.0,
    "wind_ms": 62.0
   }
  },
  {
   "type": "Feature",
   "geometry": {
    "type": "Polygon",
    "coordinates": [
     [
      [
       147.7,
       14.223497386365691
      ],
      [
       147.84418530456227,
       14.209595586957679
      ],
      [
       147.98282964873027,
       14.168424427088674
      ],
      [
       148.1106050081103,
       14.101566091343386
      ],
      [
       148.22260104729855,
       14.011589908069924
      ],
      [
       148.31451382131718,
       13.90195361153226
      ],
      [
       148.3828111738059,
       13.776870463121595
      ],
      [
       148.42486847581017,
       13.64114733808391
      ],
      [
       148.4390694888,
       13.5
      ],
      [
       148.42486847581017,
       13.35885266191609
      ],
      [
       148.3828111738059,
       13.223129536878405
      ],
      [
       148.31451382131718,
       13.09804638846774
      ],
      [
       148.22260104729855,
       12.988410091930076
      ],
      [
       148.1106050081103,
       12.898433908656614
      ],
      [
       147.98282964873027,
       12.831575572911326
      ],
      [
       147.84418530456227,
       12.790404413042321
      ],
      [
       147.7,
       12.776502613634309
      ],
      [
       147.5558146954377,
       12.790404413042321
      ],
      [
       147.4171703512697,
       12.831575572911326
      ],
      [
       147.28939499188968,
       12.898433908656614
      ],
      [
       147.17739895270142,
       12.988410091930076
      ],
      [
       147.0854861786828,
       13.09804638846774
      ],
      [
       147.0171888261941,
       13.223129536878405
      ],
      [
       146.9751315241898,
       13.35885266191609
      ],
      [
       146.9609305112,
       13.5
      ],
      [
       146.9751315241898,
       13.64114733808391
      ],
      [
       147.0171888261941,
       13.776870463121595
      ],
      [
       147.0854861786828,
       13.90195361153226
      ],
      [
       147.17739895270142,
       14.011589908069924
      ],
      [
       147.28939499188968,
       14.101566091343386
      ],
      [
       147.4171703512697,
       14.168424427088674
      ],
      [
       147.5558146954377,
       14.209595586957679
      ],
      [
       147.7,
       14.223497386365691
      ]
     ]
    ]
   },
   "properties": {
    "time": "2026-07-05 17:00:00",
    "beaufort_threshold": 12,
    "grade": "超强台风",
    "pressure_hpa": 915.0,
    "wind_ms": 62.0
   }
  },
  {
   "type": "Feature",
   "geometry": {
    "type": "Polygon",
    "coordinates": [
     [
      [
       147.1,
       17.136612585237035
      ],
      [
       147.78545880862967,
       17.070579038048976
      ],
      [
       148.44457581965344,
       16.875016028671197
      ],
      [
       149.05202153597475,
       16.557438933881084
      ],
      [
       149.58445215937482,
       16.13005206333214
      ],
      [
       150.02140667958693,
       15.609279654778238
      ],
      [
       150.34609317944626,
       15.015134699827573
      ],
      [
       150.5460341388495,
       14.370449855898572
      ],
      [
       150.05877552745682,
       13.7
      ],
      [
       150.00192348534696,
       13.13541064766436
      ],
      [
       149.83355215111266,
       12.592518147513623
      ],
      [
       149.5601319407048,
       12.092185553870957
      ],
      [
       149.1921702394735,
       11.653640367720303
      ],
      [
       148.74380760924188,
       11.293735634626453
      ],
      [
       148.232274374445,
       11.026302291645306
      ],
      [
       147.67722847042498,
       10.861617652169283
      ],
      [
       147.1,
       10.534698934650098
      ],
      [
       146.46865636047266,
       10.595519307060153
      ],
      [
       145.86157490295076,
       10.775643131487055
      ],
      [
       145.3020854273917,
       11.068148350372685
      ],
      [
       144.81168880057584,
       11.46179415219408
      ],
      [
       144.40923068985413,
       11.94145294954636
      ],
      [
       144.11017733472053,
       12.488691723843024
      ],
      [
       143.92602118790177,
       13.082480395882891
      ],
      [
       144.14122447254317,
       13.7
      ],
      [
       144.19807651465302,
       14.264589352335639
      ],
      [
       144.36644784888733,
       14.807481852486378
      ],
      [
       144.6398680592952,
       15.30781444612904
      ],
      [
       145.00782976052648,
       15.746359632279695
      ],
      [
       145.4561923907581,
       16.106264365373544
      ],
      [
       145.96772562555498,
       16.37369770835469
      ],
      [
       146.522771529575,
       16.538382347830716
      ],
      [
       147.1,
       17.136612585237035
      ]
     ]
    ]
   },
   "properties": {
    "time": "2026-07-05 20:00:00",
    "beaufort_threshold": 7,
    "grade": "超强台风",
    "pressure_hpa": 915.0,
    "wind_ms": 62.0
   }
  },
  {
   "type": "Feature",
   "geometry": {
    "type": "Polygon",
    "coordinates": [
     [
      [
       147.1,
       15.146994772731382
      ],
      [
       147.3886142352125,
       15.119191173915357
      ],
      [
       147.6661371872225,
       15.036848854177345
      ],
      [
       147.92190380462094,
       14.903132182686772
      ],
      [
       148.14608511973677,
       14.723179816139847
      ],
      [
       148.3300659703524,
       14.50390722306452
      ],
      [
       148.4667760755563,
       14.253740926243188
      ],
      [
       148.55096174267348,
       13.98229467616782
      ],
      [
       148.57938776372842,
       13.7
      ],
      [
       148.55096174267348,
       13.417705323832179
      ],
      [
       148.4667760755563,
       13.146259073756811
      ],
      [
       148.3300659703524,
       12.896092776935479
      ],
      [
       148.14608511973677,
       12.676820183860151
      ],
      [
       147.92190380462094,
       12.496867817313227
      ],
      [
       147.6661371872225,
       12.363151145822654
      ],
      [
       147.3886142352125,
       12.280808826084641
      ],
      [
       147.1,
       12.253005227268616
      ],
      [
       146.8113857647875,
       12.280808826084641
      ],
      [
       146.5338628127775,
       12.363151145822654
      ],
      [
       146.27809619537905,
       12.496867817313227
      ],
      [
       146.05391488026322,
       12.676820183860151
      ],
      [
       145.8699340296476,
       12.896092776935479
      ],
      [
       145.73322392444368,
       13.146259073756811
      ],
      [
       145.6490382573265,
       13.417705323832179
      ],
      [
       145.62061223627157,
       13.7
      ],
      [
       145.6490382573265,
       13.98229467616782
      ],
      [
       145.73322392444368,
       14.25374092624319
      ],
      [
       145.8699340296476,
       14.50390722306452
      ],
      [
       146.05391488026322,
       14.723179816139847
      ],
      [
       146.27809619537905,
       14.903132182686772
      ],
      [
       146.5338628127775,
       15.036848854177345
      ],
      [
       146.8113857647875,
       15.119191173915357
      ],
      [
       147.1,
       15.146994772731382
      ]
     ]
    ]
   },
   "properties": {
    "time": "2026-07-05 20:00:00",
    "beaufort_threshold": 10,
    "grade": "超强台风",
    "pressure_hpa": 915.0,
    "wind_ms": 62.0
   }
  },
  {
   "type": "Feature",
   "geometry": {
    "type": "Polygon",
    "coordinates": [
     [
      [
       147.1,
       14.42349738636569
      ],
      [
       147.24430711760624,
       14.409595586957678
      ],
      [
       147.38306859361126,
       14.368424427088673
      ],
      [
       147.51095190231047,
       14.301566091343386
      ],
      [
       147.62304255986837,
       14.211589908069923
      ],
      [
       147.71503298517618,
       14.10195361153226
      ],
      [
       147.78338803777817,
       13.976870463121594
      ],
      [
       147.82548087133674,
       13.841147338083909
      ],
      [
       147.8396938818642,
       13.7
      ],
      [
       147.82548087133674,
       13.55885266191609
      ],
      [
       147.78338803777817,
       13.423129536878404
      ],
      [
       147.71503298517618,
       13.29804638846774
      ],
      [
       147.62304255986837,
       13.188410091930075
      ],
      [
       147.51095190231047,
       13.098433908656613
      ],
      [
       147.38306859361126,
       13.031575572911326
      ],
      [
       147.24430711760624,
       12.99040441304232
      ],
      [
       147.1,
       12.976502613634308
      ],
      [
       146.95569288239375,
       12.99040441304232
      ],
      [
       146.81693140638873,
       13.031575572911326
      ],
      [
       146.68904809768952,
       13.098433908656613
      ],
      [
       146.57695744013162,
       13.188410091930075
      ],
      [
       146.4849670148238,
       13.29804638846774
      ],
      [
       146.41661196222182,
       13.423129536878404
      ],
      [
       146.37451912866325,
       13.55885266191609
      ],
      [
       146.36030611813578,
       13.7
      ],
      [
       146.37451912866325,
       13.841147338083909
      ],
      [
       146.41661196222182,
       13.976870463121594
      ],
      [
       146.4849670148238,
       14.10195361153226
      ],
      [
       146.57695744013162,
       14.211589908069923
      ],
      [
       146.68904809768952,
       14.301566091343386
      ],
      [
       146.81693140638873,
       14.368424427088673
      ],
      [
       146.95569288239375,
       14.409595586957678
      ],
      [
       147.1,
       14.42349738636569
      ]
     ]
    ]
   },
   "properties": {
    "time": "2026-07-05 20:00:00",
    "beaufort_threshold": 12,
    "grade": "超强台风",
    "pressure_hpa": 915.0,
    "wind_ms": 62.0
   }
  },
  {
   "type": "Feature",
   "geometry": {
    "type": "Polygon",
    "coordinates": [
     [
      [
       146.6,
       17.136612585237035
      ],
      [
       147.28545880862967,
       17.070579038048976
      ],
      [
       147.94457581965344,
       16.875016028671197
      ],
      [
       148.55202153597475,
       16.557438933881084
      ],
      [
       149.08445215937482,
       16.13005206333214
      ],
      [
       149.52140667958693,
       15.609279654778238
      ],
      [
       149.84609317944626,
       15.015134699827573
      ],
      [
       150.0460341388495,
       14.370449855898572
      ],
      [
       149.55877552745682,
       13.7
      ],
      [
       149.50192348534696,
       13.13541064766436
      ],
      [
       149.33355215111266,
       12.592518147513623
      ],
      [
       149.0601319407048,
       12.092185553870957
      ],
      [
       148.6921702394735,
       11.653640367720303
      ],
      [
       148.24380760924188,
       11.293735634626453
      ],
      [
       147.732274374445,
       11.026302291645306
      ],
      [
       147.17722847042498,
       10.861617652169283
      ],
      [
       146.6,
       10.534698934650098
      ],
      [
       145.96865636047266,
       10.595519307060153
      ],
      [
       145.36157490295076,
       10.775643131487055
      ],
      [
       144.8020854273917,
       11.068148350372685
      ],
      [
       144.31168880057584,
       11.46179415219408
      ],
      [
       143.90923068985413,
       11.94145294954636
      ],
      [
       143.61017733472053,
       12.488691723843024
      ],
      [
       143.42602118790177,
       13.082480395882891
      ],
      [
       143.64122447254317,
       13.7
      ],
      [
       143.69807651465302,
       14.264589352335639
      ],
      [
       143.86644784888733,
       14.807481852486378
      ],
      [
       144.1398680592952,
       15.30781444612904
      ],
      [
       144.50782976052648,
       15.746359632279695
      ],
      [
       144.9561923907581,
       16.106264365373544
      ],
      [
       145.46772562555498,
       16.37369770835469
      ],
      [
       146.022771529575,
       16.538382347830716
      ],
      [
       146.6,
       17.136612585237035
      ]
     ]
    ]
   },
   "properties": {
    "time": "2026-07-05 23:00:00",
    "beaufort_threshold": 7,
    "grade": "超强台风",
    "pressure_hpa": 915.0,
    "wind_ms": 62.0
   }
  },
  {
   "type": "Feature",
   "geometry": {
    "type": "Polygon",
    "coordinates": [
     [
      [
       146.6,
       15.146994772731382
      ],
      [
       146.8886142352125,
       15.119191173915357
      ],
      [
       147.1661371872225,
       15.036848854177345
      ],
      [
       147.42190380462094,
       14.903132182686772
      ],
      [
       147.64608511973677,
       14.723179816139847
      ],
      [
       147.8300659703524,
       14.50390722306452
      ],
      [
       147.9667760755563,
       14.253740926243188
      ],
      [
       148.05096174267348,
       13.98229467616782
      ],
      [
       148.07938776372842,
       13.7
      ],
      [
       148.05096174267348,
       13.417705323832179
      ],
      [
       147.9667760755563,
       13.146259073756811
      ],
      [
       147.8300659703524,
       12.896092776935479
      ],
      [
       147.64608511973677,
       12.676820183860151
      ],
      [
       147.42190380462094,
       12.496867817313227
      ],
      [
       147.1661371872225,
       12.363151145822654
      ],
      [
       146.8886142352125,
       12.280808826084641
      ],
      [
       146.6,
       12.253005227268616
      ],
      [
       146.3113857647875,
       12.280808826084641
      ],
      [
       146.0338628127775,
       12.363151145822654
      ],
      [
       145.77809619537905,
       12.496867817313227
      ],
      [
       145.55391488026322,
       12.676820183860151
      ],
      [
       145.3699340296476,
       12.896092776935479
      ],
      [
       145.23322392444368,
       13.146259073756811
      ],
      [
       145.1490382573265,
       13.417705323832179
      ],
      [
       145.12061223627157,
       13.7
      ],
      [
       145.1490382573265,
       13.98229467616782
      ],
      [
       145.23322392444368,
       14.25374092624319
      ],
      [
       145.3699340296476,
       14.50390722306452
      ],
      [
       145.55391488026322,
       14.723179816139847
      ],
      [
       145.77809619537905,
       14.903132182686772
      ],
      [
       146.0338628127775,
       15.036848854177345
      ],
      [
       146.3113857647875,
       15.119191173915357
      ],
      [
       146.6,
       15.146994772731382
      ]
     ]
    ]
   },
   "properties": {
    "time": "2026-07-05 23:00:00",
    "beaufort_threshold": 10,
    "grade": "超强台风",
    "pressure_hpa": 915.0,
    "wind_ms": 62.0
   }
  },
  {
   "type": "Feature",
   "geometry": {
    "type": "Polygon",
    "coordinates": [
     [
      [
       146.6,
       14.42349738636569
      ],
      [
       146.74430711760624,
       14.409595586957678
      ],
      [
       146.88306859361126,
       14.368424427088673
      ],
      [
       147.01095190231047,
       14.301566091343386
      ],
      [
       147.12304255986837,
       14.211589908069923
      ],
      [
       147.21503298517618,
       14.10195361153226
      ],
      [
       147.28338803777817,
       13.976870463121594
      ],
      [
       147.32548087133674,
       13.841147338083909
      ],
      [
       147.3396938818642,
       13.7
      ],
      [
       147.32548087133674,
       13.55885266191609
      ],
      [
       147.28338803777817,
       13.423129536878404
      ],
      [
       147.21503298517618,
       13.29804638846774
      ],
      [
       147.12304255986837,
       13.188410091930075
      ],
      [
       147.01095190231047,
       13.098433908656613
      ],
      [
       146.88306859361126,
       13.031575572911326
      ],
      [
       146.74430711760624,
       12.99040441304232
      ],
      [
       146.6,
       12.976502613634308
      ],
      [
       146.45569288239375,
       12.99040441304232
      ],
      [
       146.31693140638873,
       13.031575572911326
      ],
      [
       146.18904809768952,
       13.098433908656613
      ],
      [
       146.07695744013162,
       13.188410091930075
      ],
      [
       145.9849670148238,
       13.29804638846774
      ],
      [
       145.91661196222182,
       13.423129536878404
      ],
      [
       145.87451912866325,
       13.55885266191609
      ],
      [
       145.86030611813578,
       13.7
      ],
      [
       145.87451912866325,
       13.841147338083909
      ],
      [
       145.91661196222182,
       13.976870463121594
      ],
      [
       145.9849670148238,
       14.10195361153226
      ],
      [
       146.07695744013162,
       14.211589908069923
      ],
      [
       146.18904809768952,
       14.301566091343386
      ],
      [
       146.31693140638873,
       14.368424427088673
      ],
      [
       146.45569288239375,
       14.409595586957678
      ],
      [
       146.6,
       14.42349738636569
      ]
     ]
    ]
   },
   "properties": {
    "time": "2026-07-05 23:00:00",
    "beaufort_threshold": 12,
    "grade": "超强台风",
    "pressure_hpa": 915.0,
    "wind_ms": 62.0
   }
  },
  {
   "type": "Feature",
   "geometry": {
    "type": "Polygon",
    "coordinates": [
     [
      [
       146.2,
       17.336612585237035
      ],
      [
       146.88604676541195,
       17.27057903804898
      ],
      [
       147.54572913836859,
       17.075016028671197
      ],
      [
       148.15369589523132,
       16.757438933881087
      ],
      [
       148.68658321448558,
       16.33005206333214
      ],
      [
       149.12391253529913,
       15.809279654778239
      ],
      [
       149.44887753713013,
       15.215134699827574
      ],
      [
       149.64898999720074,
       14.570449855898573
      ],
      [
       149.161313436543,
       13.9
      ],
      [
       149.10441262922168,
       13.33541064766436
      ],
      [
       148.93589687337274,
       12.792518147513622
      ],
      [
       148.66224213498873,
       12.292185553870958
      ],
      [
       148.2939648121984,
       11.853640367720303
      ],
      [
       147.84521759598428,
       11.493735634626454
      ],
      [
       147.33324559020514,
       11.226302291645307
      ],
      [
       146.77772359192585,
       11.061617652169282
      ],
      [
       146.2,
       10.7346989346501
      ],
      [
       145.56811482133108,
       10.795519307060154
      ],
      [
       144.96051263571312,
       10.975643131487054
      ],
      [
       144.40054325439218,
       11.268148350372684
      ],
      [
       143.90972598665797,
       11.661794152194082
      ],
      [
       143.50692266485606,
       12.14145294954636
      ],
      [
       143.20761279474854,
       12.688691723843025
      ],
      [
       143.02329868678876,
       13.282480395882892
      ],
      [
       143.23868656345698,
       13.9
      ],
      [
       143.2955873707783,
       14.46458935233564
      ],
      [
       143.46410312662724,
       15.007481852486379
      ],
      [
       143.73775786501125,
       15.507814446129041
      ],
      [
       144.10603518780158,
       15.946359632279696
      ],
      [
       144.5547824040157,
       16.306264365373547
      ],
      [
       145.06675440979484,
       16.573697708354693
      ],
      [
       145.62227640807413,
       16.73838234783072
      ],
      [
       146.2,
       17.336612585237035
      ]
     ]
    ]
   },
   "properties": {
    "time": "2026-07-06 02:00:00",
    "beaufort_threshold": 7,
    "grade": "超强台风",
    "pressure_hpa": 915.0,
    "wind_ms": 62.0
   }
  },
  {
   "type": "Feature",
   "geometry": {
    "type": "Polygon",
    "coordinates": [
     [
      [
       146.2,
       15.346994772731383
      ],
      [
       146.48886179596292,
       15.319191173915359
      ],
      [
       146.76662279510256,
       15.236848854177346
      ],
      [
       147.02260879799212,
       15.103132182686773
      ],
      [
       147.2469824060992,
       14.923179816139848
      ],
      [
       147.43112106749436,
       14.703907223064522
      ],
      [
       147.56794843668635,
       14.453740926243189
      ],
      [
       147.65220631461082,
       14.182294676167821
      ],
      [
       147.6806567182715,
       13.9
      ],
      [
       147.65220631461082,
       13.61770532383218
      ],
      [
       147.56794843668635,
       13.346259073756812
      ],
      [
       147.43112106749436,
       13.096092776935478
      ],
      [
       147.2469824060992,
       12.876820183860152
      ],
      [
       147.02260879799212,
       12.696867817313228
      ],
      [
       146.76662279510256,
       12.563151145822655
      ],
      [
       146.48886179596292,
       12.480808826084642
      ],
      [
       146.2,
       12.453005227268617
      ],
      [
       145.91113820403706,
       12.480808826084642
      ],
      [
       145.6333772048974,
       12.563151145822655
      ],
      [
       145.37739120200786,
       12.696867817313228
      ],
      [
       145.15301759390078,
       12.87682018386015
      ],
      [
       144.96887893250562,
       13.09609277693548
      ],
      [
       144.83205156331363,
       13.346259073756812
      ],
      [
       144.74779368538915,
       13.61770532383218
      ],
      [
       144.71934328172847,
       13.9
      ],
      [
       144.74779368538915,
       14.182294676167821
      ],
      [
       144.83205156331363,
       14.453740926243189
      ],
      [
       144.96887893250562,
       14.70390722306452
      ],
      [
       145.15301759390078,
       14.923179816139848
      ],
      [
       145.37739120200786,
       15.103132182686773
      ],
      [
       145.6333772048974,
       15.236848854177346
      ],
      [
       145.91113820403706,
       15.319191173915359
      ],
      [
       146.2,
       15.346994772731383
      ]
     ]
    ]
   },
   "properties": {
    "time": "2026-07-06 02:00:00",
    "beaufort_threshold": 10,
    "grade": "超强台风",
    "pressure_hpa": 915.0,
    "wind_ms": 62.0
   }
  },
  {
   "type": "Feature",
   "geometry": {
    "type": "Polygon",
    "coordinates": [
     [
      [
       146.2,
       14.623497386365692
      ],
      [
       146.34443089798145,
       14.60959558695768
      ],
      [
       146.48331139755126,
       14.568424427088674
      ],
      [
       146.61130439899605,
       14.501566091343387
      ],
      [
       146.72349120304958,
       14.411589908069924
      ],
      [
       146.81556053374717,
       14.30195361153226
      ],
      [
       146.88397421834318,
       14.176870463121595
      ],
      [
       146.92610315730542,
       14.04114733808391
      ],
      [
       146.94032835913575,
       13.9
      ],
      [
       146.92610315730542,
       13.758852661916091
      ],
      [
       146.88397421834318,
       13.623129536878405
      ],
      [
       146.81556053374717,
       13.49804638846774
      ],
      [
       146.72349120304958,
       13.388410091930076
      ],
      [
       146.61130439899605,
       13.298433908656614
      ],
      [
       146.48331139755126,
       13.231575572911327
      ],
      [
       146.34443089798145,
       13.190404413042321
      ],
      [
       146.2,
       13.176502613634309
      ],
      [
       146.05556910201852,
       13.190404413042321
      ],
      [
       145.91668860244872,
       13.231575572911327
      ],
      [
       145.78869560100392,
       13.298433908656614
      ],
      [
       145.6765087969504,
       13.388410091930076
      ],
      [
       145.5844394662528,
       13.49804638846774
      ],
      [
       145.5160257816568,
       13.623129536878405
      ],
      [
       145.47389684269456,
       13.758852661916091
      ],
      [
       145.45967164086423,
       13.9
      ],
      [
       145.47389684269456,
       14.04114733808391
      ],
      [
       145.5160257816568,
       14.176870463121595
      ],
      [
       145.5844394662528,
       14.30195361153226
      ],
      [
       145.6765087969504,
       14.411589908069924
      ],
      [
       145.78869560100392,
       14.501566091343387
      ],
      [
       145.91668860244872,
       14.568424427088674
      ],
      [
       146.05556910201852,
       14.60959558695768
      ],
      [
       146.2,
       14.623497386365692
      ]
     ]
    ]
   },
   "properties": {
    "time": "2026-07-06 02:00:00",
    "beaufort_threshold": 12,
    "grade": "超强台风",
    "pressure_hpa": 915.0,
    "wind_ms": 62.0
   }
  },
  {
   "type": "Feature",
   "geometry": {
    "type": "Polygon",
    "coordinates": [
     [
      [
       145.7,
       17.536612585237037
      ],
      [
       146.38664410543205,
       17.470579038048978
      ],
      [
       147.04690086296682,
       17.275016028671196
      ],
      [
       147.6553969756885,
       16.957438933881086
      ],
      [
       148.18874827923372,
       16.53005206333214
      ],
      [
       148.6264583821141,
       16.009279654778236
      ],
      [
       148.95170633054659,
       15.415134699827574
      ],
      [
       149.1519930282741,
       14.770449855898573
      ],
      [
       148.6638918482737,
       14.1
      ],
      [
       148.60694149749398,
       13.53541064766436
      ],
      [
       148.4382790151971,
       12.992518147513621
      ],
      [
       148.1643860059908,
       12.492185553870957
      ],
      [
       147.79578802461785,
       12.053640367720302
      ],
      [
       147.34665008479033,
       11.693735634626453
      ],
      [
       146.8342323056563,
       11.426302291645307
      ],
      [
       146.2782266151007,
       11.261617652169281
      ],
      [
       145.7,
       10.934698934650099
      ],
      [
       145.0675646397336,
       10.995519307060153
      ],
      [
       144.4594334156884,
       11.175643131487053
      ],
      [
       143.89897646976058,
       11.468148350372683
      ],
      [
       143.4077318480742,
       11.861794152194081
      ],
      [
       143.00457780594755,
       12.34145294954636
      ],
      [
       142.70500732712813,
       12.888691723843024
      ],
      [
       142.52053273711596,
       13.482480395882892
      ],
      [
       142.73610815172628,
       14.1
      ],
      [
       142.793058502506,
       14.66458935233564
      ],
      [
       142.96172098480287,
       15.207481852486378
      ],
      [
       143.23561399400919,
       15.70781444612904
      ],
      [
       143.60421197538213,
       16.146359632279697
      ],
      [
       144.05334991520965,
       16.506264365373546
      ],
      [
       144.5657676943437,
       16.773697708354693
      ],
      [
       145.12177338489929,
       16.938382347830718
      ],
      [
       145.7,
       17.536612585237037
      ]
     ]
    ]
   },
   "properties": {
    "time": "2026-07-06 05:00:00",
    "beaufort_threshold": 7,
    "grade": "超强台风",
    "pressure_hpa": 915.0,
    "wind_ms": 62.0
   }
  },
  {
   "type": "Feature",
   "geometry": {
    "type": "Polygon",
    "coordinates": [
     [
      [
       145.7,
       15.546994772731383
      ],
      [
       145.98911330755033,
       15.519191173915358
      ],
      [
       146.26711615282812,
       15.436848854177345
      ],
      [
       146.52332504239516,
       15.303132182686772
      ],
      [
       146.74789401230893,
       15.123179816139848
      ],
      [
       146.9321930029954,
       14.903907223064522
      ],
      [
       147.06913950759855,
       14.653740926243188
      ],
      [
       147.15347074874697,
       14.38229467616782
      ],
      [
       147.18194592413684,
       14.1
      ],
      [
       147.15347074874697,
       13.817705323832179
      ],
      [
       147.06913950759855,
       13.546259073756811
      ],
      [
       146.9321930029954,
       13.296092776935478
      ],
      [
       146.74789401230893,
       13.076820183860152
      ],
      [
       146.52332504239516,
       12.896867817313227
      ],
      [
       146.26711615282812,
       12.763151145822654
      ],
      [
       145.98911330755033,
       12.680808826084641
      ],
      [
       145.7,
       12.653005227268617
      ],
      [
       145.41088669244965,
       12.680808826084641
      ],
      [
       145.13288384717185,
       12.763151145822654
      ],
      [
       144.87667495760482,
       12.896867817313227
      ],
      [
       144.65210598769104,
       13.07682018386015
      ],
      [
       144.46780699700457,
       13.29609277693548
      ],
      [
       144.33086049240143,
       13.546259073756811
      ],
      [
       144.246529251253,
       13.817705323832179
      ],
      [
       144.21805407586314,
       14.1
      ],
      [
       144.246529251253,
       14.38229467616782
      ],
      [
       144.33086049240143,
       14.653740926243188
      ],
      [
       144.46780699700457,
       14.90390722306452
      ],
      [
       144.65210598769104,
       15.123179816139848
      ],
      [
       144.87667495760482,
       15.303132182686772
      ],
      [
       145.13288384717185,
       15.436848854177345
      ],
      [
       145.41088669244965,
       15.519191173915358
      ],
      [
       145.7,
       15.546994772731383
      ]
     ]
    ]
   },
   "properties": {
    "time": "2026-07-06 05:00:00",
    "beaufort_threshold": 10,
    "grade": "超强台风",
    "pressure_hpa": 915.0,
    "wind_ms": 62.0
   }
  },
  {
   "type": "Feature",
   "geometry": {
    "type": "Polygon",
    "coordinates": [
     [
      [
       145.7,
       14.823497386365691
      ],
      [
       145.84455665377516,
       14.809595586957679
      ],
      [
       145.98355807641406,
       14.768424427088673
      ],
      [
       146.11166252119756,
       14.701566091343386
      ],
      [
       146.22394700615445,
       14.611589908069924
      ],
      [
       146.3160965014977,
       14.50195361153226
      ],
      [
       146.38456975379927,
       14.376870463121595
      ],
      [
       146.4267353743735,
       14.241147338083909
      ],
      [
       146.44097296206843,
       14.1
      ],
      [
       146.4267353743735,
       13.95885266191609
      ],
      [
       146.38456975379927,
       13.823129536878405
      ],
      [
       146.3160965014977,
       13.69804638846774
      ],
      [
       146.22394700615445,
       13.588410091930076
      ],
      [
       146.11166252119756,
       13.498433908656613
      ],
      [
       145.98355807641406,
       13.431575572911326
      ],
      [
       145.84455665377516,
       13.39040441304232
      ],
      [
       145.7,
       13.376502613634308
      ],
      [
       145.55544334622482,
       13.39040441304232
      ],
      [
       145.41644192358592,
       13.431575572911326
      ],
      [
       145.28833747880242,
       13.498433908656613
      ],
      [
       145.17605299384553,
       13.588410091930076
      ],
      [
       145.08390349850228,
       13.69804638846774
      ],
      [
       145.0154302462007,
       13.823129536878405
      ],
      [
       144.97326462562648,
       13.95885266191609
      ],
      [
       144.95902703793155,
       14.1
      ],
      [
       144.97326462562648,
       14.241147338083909
      ],
      [
       145.0154302462007,
       14.376870463121595
      ],
      [
       145.08390349850228,
       14.50195361153226
      ],
      [
       145.17605299384553,
       14.611589908069924
      ],
      [
       145.28833747880242,
       14.701566091343386
      ],
      [
       145.41644192358592,
       14.768424427088673
      ],
      [
       145.55544334622482,
       14.809595586957679
      ],
      [
       145.7,
       14.823497386365691
      ]
     ]
    ]
   },
   "properties": {
    "time": "2026-07-06 05:00:00",
    "beaufort_threshold": 12,
    "grade": "超强台风",
    "pressure_hpa": 915.0,
    "wind_ms": 62.0
   }
  },
  {
   "type": "Feature",
   "geometry": {
    "type": "Polygon",
    "coordinates": [
     [
      [
       145.1,
       17.736612585237037
      ],
      [
       145.7872508677975,
       17.670579038048977
      ],
      [
       146.44809107016027,
       17.4750160286712
      ],
      [
       147.05712488871495,
       17.157438933881085
      ],
      [
       147.59094749536462,
       16.730052063332142
      ],
      [
       148.02904438670686,
       16.20927965477824
      ],
      [
       148.35457974489498,
       15.615134699827575
      ],
      [
       148.55504342867613,
       14.970449855898574
      ],
      [
       148.06651093145592,
       14.3
      ],
      [
       148.00951025572726,
       13.735410647664361
      ],
      [
       147.84069873254313,
       13.192518147513624
      ],
      [
       147.56656369406892,
       12.692185553870958
      ],
      [
       147.1976399960965,
       12.253640367720305
      ],
      [
       146.74810516944416,
       11.893735634626454
      ],
      [
       146.2352345853981,
       11.626302291645308
      ],
      [
       145.67873757288208,
       11.461617652169284
      ],
      [
       145.1,
       11.1346989346501
      ],
      [
       144.46700577966018,
       11.195519307060154
      ],
      [
       143.8583371722208,
       11.375643131487056
      ],
      [
       143.29738497092043,
       11.668148350372686
      ],
      [
       142.80570625426944,
       12.061794152194082
      ],
      [
       142.4021959596121,
       12.541452949546361
      ],
      [
       142.10236076128095,
       13.088691723843025
      ],
      [
       141.9177231577983,
       13.682480395882893
      ],
      [
       142.13348906854407,
       14.3
      ],
      [
       142.19048974427272,
       14.86458935233564
      ],
      [
       142.35930126745686,
       15.407481852486379
      ],
      [
       142.63343630593107,
       15.907814446129041
      ],
      [
       143.00236000390348,
       16.346359632279697
      ],
      [
       143.45189483055583,
       16.706264365373546
      ],
      [
       143.96476541460189,
       16.973697708354692
      ],
      [
       144.52126242711788,
       17.138382347830717
      ],
      [
       145.1,
       17.736612585237037
      ]
     ]
    ]
   },
   "properties": {
    "time": "2026-07-06 08:00:00",
    "beaufort_threshold": 7,
    "grade": "超强台风",
    "pressure_hpa": 915.0,
    "wind_ms": 62.0
   }
  },
  {
   "type": "Feature",
   "geometry": {
    "type": "Polygon",
    "coordinates": [
     [
      [
       145.1,
       15.746994772731384
      ],
      [
       145.38936878644105,
       15.719191173915359
      ],
      [
       145.66761729269905,
       15.636848854177346
      ],
      [
       145.9240525847221,
       15.503132182686773
      ],
      [
       146.14881999804825,
       15.323179816139849
      ],
      [
       146.33328184703447,
       15.103907223064521
      ],
      [
       146.47034936627156,
       14.853740926243189
      ],
      [
       146.55475512786361,
       14.582294676167821
      ],
      [
       146.58325546572797,
       14.3
      ],
      [
       146.55475512786361,
       14.01770532383218
      ],
      [
       146.47034936627156,
       13.746259073756812
      ],
      [
       146.33328184703447,
       13.49609277693548
      ],
      [
       146.14881999804825,
       13.276820183860153
      ],
      [
       145.9240525847221,
       13.096867817313228
      ],
      [
       145.66761729269905,
       12.963151145822655
      ],
      [
       145.38936878644105,
       12.880808826084643
      ],
      [
       145.1,
       12.853005227268618
      ],
      [
       144.81063121355893,
       12.880808826084643
      ],
      [
       144.53238270730094,
       12.963151145822655
      ],
      [
       144.2759474152779,
       13.096867817313228
      ],
      [
       144.05118000195174,
       13.276820183860153
      ],
      [
       143.86671815296552,
       13.49609277693548
      ],
      [
       143.72965063372843,
       13.746259073756812
      ],
      [
       143.64524487213637,
       14.01770532383218
      ],
      [
       143.61674453427202,
       14.3
      ],
      [
       143.64524487213637,
       14.582294676167821
      ],
      [
       143.72965063372843,
       14.85374092624319
      ],
      [
       143.86671815296552,
       15.103907223064521
      ],
      [
       144.05118000195174,
       15.323179816139849
      ],
      [
       144.2759474152779,
       15.503132182686773
      ],
      [
       144.53238270730094,
       15.636848854177346
      ],
      [
       144.81063121355893,
       15.719191173915359
      ],
      [
       145.1,
       15.746994772731384
      ]
     ]
    ]
   },
   "properties": {
    "time": "2026-07-06 08:00:00",
    "beaufort_threshold": 10,
    "grade": "超强台风",
    "pressure_hpa": 915.0,
    "wind_ms": 62.0
   }
  },
  {
   "type": "Feature",
   "geometry": {
    "type": "Polygon",
    "coordinates": [
     [
      [
       145.1,
       15.023497386365692
      ],
      [
       145.24468439322052,
       15.00959558695768
      ],
      [
       145.38380864634954,
       14.968424427088674
      ],
      [
       145.51202629236104,
       14.901566091343387
      ],
      [
       145.62440999902412,
       14.811589908069925
      ],
      [
       145.71664092351722,
       14.70195361153226
      ],
      [
       145.78517468313578,
       14.576870463121596
      ],
      [
       145.8273775639318,
       14.44114733808391
      ],
      [
       145.84162773286397,
       14.3
      ],
      [
       145.8273775639318,
       14.158852661916091
      ],
      [
       145.78517468313578,
       14.023129536878406
      ],
      [
       145.71664092351722,
       13.89804638846774
      ],
      [
       145.62440999902412,
       13.788410091930077
      ],
      [
       145.51202629236104,
       13.698433908656614
      ],
      [
       145.38380864634954,
       13.631575572911327
      ],
      [
       145.24468439322052,
       13.590404413042322
      ],
      [
       145.1,
       13.57650261363431
      ],
      [
       144.95531560677946,
       13.590404413042322
      ],
      [
       144.81619135365045,
       13.631575572911327
      ],
      [
       144.68797370763895,
       13.698433908656614
      ],
      [
       144.57559000097586,
       13.788410091930077
      ],
      [
       144.48335907648277,
       13.89804638846774
      ],
      [
       144.4148253168642,
       14.023129536878406
      ],
      [
       144.37262243606818,
       14.158852661916091
      ],
      [
       144.35837226713602,
       14.3
      ],
      [
       144.37262243606818,
       14.44114733808391
      ],
      [
       144.4148253168642,
       14.576870463121596
      ],
      [
       144.48335907648277,
       14.70195361153226
      ],
      [
       144.57559000097586,
       14.811589908069925
      ],
      [
       144.68797370763895,
       14.901566091343387
      ],
      [
       144.81619135365045,
       14.968424427088674
      ],
      [
       144.95531560677946,
       15.00959558695768
      ],
      [
       145.1,
       15.023497386365692
      ]
     ]
    ]
   },
   "properties": {
    "time": "2026-07-06 08:00:00",
    "beaufort_threshold": 12,
    "grade": "超强台风",
    "pressure_hpa": 915.0,
    "wind_ms": 62.0
   }
  },
  {
   "type": "Feature",
   "geometry": {
    "type": "Polygon",
    "coordinates": [
     [
      [
       144.6,
       18.036612585237037
      ],
      [
       145.28817876551392,
       17.970579038048978
      ],
      [
       145.94991120700428,
       17.775016028671196
      ],
      [
       146.55976731784835,
       17.457438933881086
      ],
      [
       147.09431066971771,
       17.03005206333214
      ],
      [
       147.53299906137534,
       16.509279654778236
      ],
      [
       147.85897394394914,
       15.915134699827574
      ],
      [
       148.05970828551062,
       15.270449855898573
      ],
      [
       147.57051619190457,
       14.6
      ],
      [
       147.51343855621948,
       14.03541064766436
      ],
      [
       147.344399110694,
       13.492518147513621
      ],
      [
       147.06989394642133,
       12.992185553870957
      ],
      [
       146.70047214292018,
       12.553640367720302
      ],
      [
       146.25033037292494,
       12.193735634626453
      ],
      [
       145.73676733221413,
       11.926302291645307
      ],
      [
       145.17951896043277,
       11.761617652169281
      ],
      [
       144.6,
       11.434698934650099
      ],
      [
       143.96615113702663,
       11.495519307060153
      ],
      [
       143.3566607303908,
       11.675643131487053
      ],
      [
       142.79495115461336,
       11.968148350372683
      ],
      [
       142.30260859368104,
       12.361794152194081
      ],
      [
       141.89855349610164,
       12.84145294954636
      ],
      [
       141.5983134726784,
       13.388691723843024
      ],
      [
       141.41342657913495,
       13.982480395882892
      ],
      [
       141.62948380809542,
       14.6
      ],
      [
       141.6865614437805,
       15.16458935233564
      ],
      [
       141.85560088930598,
       15.707481852486378
      ],
      [
       142.13010605357866,
       16.207814446129042
      ],
      [
       142.4995278570798,
       16.646359632279697
      ],
      [
       142.94966962707505,
       17.006264365373546
      ],
      [
       143.46323266778586,
       17.273697708354693
      ],
      [
       144.02048103956722,
       17.438382347830718
      ],
      [
       144.6,
       18.036612585237037
      ]
     ]
    ]
   },
   "properties": {
    "time": "2026-07-06 11:00:00",
    "beaufort_threshold": 7,
    "grade": "超强台风",
    "pressure_hpa": 915.0,
    "wind_ms": 62.0
   }
  },
  {
   "type": "Feature",
   "geometry": {
    "type": "Polygon",
    "coordinates": [
     [
      [
       144.6,
       16.046994772731384
      ],
      [
       144.88975948021638,
       16.01919117391536
      ],
      [
       145.16838366610705,
       15.936848854177345
      ],
      [
       145.42516518646246,
       15.803132182686772
      ],
      [
       145.65023607146009,
       15.623179816139848
      ],
      [
       145.83494697321066,
       15.403907223064522
      ],
      [
       145.972199555347,
       15.153740926243188
      ],
      [
       146.05671927810974,
       14.88229467616782
      ],
      [
       146.0852580959523,
       14.6
      ],
      [
       146.05671927810974,
       14.317705323832179
      ],
      [
       145.972199555347,
       14.046259073756811
      ],
      [
       145.83494697321066,
       13.796092776935478
      ],
      [
       145.65023607146009,
       13.576820183860152
      ],
      [
       145.42516518646246,
       13.396867817313227
      ],
      [
       145.16838366610705,
       13.263151145822654
      ],
      [
       144.88975948021638,
       13.180808826084641
      ],
      [
       144.6,
       13.153005227268617
      ],
      [
       144.3102405197836,
       13.180808826084641
      ],
      [
       144.03161633389294,
       13.263151145822654
      ],
      [
       143.77483481353752,
       13.396867817313227
      ],
      [
       143.5497639285399,
       13.57682018386015
      ],
      [
       143.36505302678933,
       13.79609277693548
      ],
      [
       143.22780044465298,
       14.046259073756811
      ],
      [
       143.14328072189025,
       14.317705323832179
      ],
      [
       143.1147419040477,
       14.6
      ],
      [
       143.14328072189025,
       14.88229467616782
      ],
      [
       143.22780044465298,
       15.153740926243188
      ],
      [
       143.36505302678933,
       15.40390722306452
      ],
      [
       143.5497639285399,
       15.623179816139848
      ],
      [
       143.77483481353752,
       15.803132182686772
      ],
      [
       144.03161633389294,
       15.936848854177345
      ],
      [
       144.3102405197836,
       16.01919117391536
      ],
      [
       144.6,
       16.046994772731384
      ]
     ]
    ]
   },
   "properties": {
    "time": "2026-07-06 11:00:00",
    "beaufort_threshold": 10,
    "grade": "超强台风",
    "pressure_hpa": 915.0,
    "wind_ms": 62.0
   }
  },
  {
   "type": "Feature",
   "geometry": {
    "type": "Polygon",
    "coordinates": [
     [
      [
       144.6,
       15.323497386365691
      ],
      [
       144.7448797401082,
       15.309595586957679
      ],
      [
       144.88419183305353,
       15.268424427088673
      ],
      [
       145.01258259323123,
       15.201566091343386
      ],
      [
       145.12511803573003,
       15.111589908069924
      ],
      [
       145.21747348660534,
       15.00195361153226
      ],
      [
       145.2860997776735,
       14.876870463121595
      ],
      [
       145.32835963905487,
       14.741147338083909
      ],
      [
       145.34262904797615,
       14.6
      ],
      [
       145.32835963905487,
       14.45885266191609
      ],
      [
       145.2860997776735,
       14.323129536878405
      ],
      [
       145.21747348660534,
       14.19804638846774
      ],
      [
       145.12511803573003,
       14.088410091930076
      ],
      [
       145.01258259323123,
       13.998433908656613
      ],
      [
       144.88419183305353,
       13.931575572911326
      ],
      [
       144.7448797401082,
       13.89040441304232
      ],
      [
       144.6,
       13.876502613634308
      ],
      [
       144.4551202598918,
       13.89040441304232
      ],
      [
       144.31580816694645,
       13.931575572911326
      ],
      [
       144.18741740676876,
       13.998433908656613
      ],
      [
       144.07488196426996,
       14.088410091930076
      ],
      [
       143.98252651339465,
       14.19804638846774
      ],
      [
       143.91390022232648,
       14.323129536878405
      ],
      [
       143.87164036094512,
       14.45885266191609
      ],
      [
       143.85737095202384,
       14.6
      ],
      [
       143.87164036094512,
       14.741147338083909
      ],
      [
       143.91390022232648,
       14.876870463121595
      ],
      [
       143.98252651339465,
       15.00195361153226
      ],
      [
       144.07488196426996,
       15.111589908069924
      ],
      [
       144.18741740676876,
       15.201566091343386
      ],
      [
       144.31580816694645,
       15.268424427088673
      ],
      [
       144.4551202598918,
       15.309595586957679
      ],
      [
       144.6,
       15.323497386365691
      ]
     ]
    ]
   },
   "properties": {
    "time": "2026-07-06 11:00:00",
    "beaufort_threshold": 12,
    "grade": "超强台风",
    "pressure_hpa": 915.0,
    "wind_ms": 62.0
   }
  },
  {
   "type": "Feature",
   "geometry": {
    "type": "Polygon",
    "coordinates": [
     [
      [
       144.2,
       18.236612585237037
      ],
      [
       144.88880925944505,
       18.170579038048977
      ],
      [
       145.55114796533832,
       17.9750160286712
      ],
      [
       146.16156281265614,
       17.657438933881085
      ],
      [
       146.69659590114068,
       17.230052063332142
      ],
      [
       147.1356862092515,
       16.70927965477824
      ],
      [
       147.46195974269258,
       16.115134699827575
      ],
      [
       147.66287799255008,
       15.470449855898574
      ],
      [
       147.17323771213324,
       14.8
      ],
      [
       147.11610778320008,
       14.235410647664361
      ],
      [
       146.9469134675306,
       13.692518147513624
      ],
      [
       146.67215680779074,
       13.192185553870958
      ],
      [
       146.302396548329,
       12.753640367720305
      ],
      [
       145.85184236855252,
       12.393735634626454
      ],
      [
       145.33780881291648,
       12.126302291645308
      ],
      [
       144.78004990269056,
       11.961617652169284
      ],
      [
       144.2,
       11.6346989346501
      ],
      [
       143.56557041893217,
       11.695519307060154
      ],
      [
       142.95552161087258,
       11.875643131487056
      ],
      [
       142.39329740939564,
       12.168148350372686
      ],
      [
       141.90050377526512,
       12.561794152194082
      ],
      [
       141.49607849147884,
       13.041452949546361
      ],
      [
       141.19556339488838,
       13.588691723843025
      ],
      [
       141.01050711212488,
       14.182480395882893
      ],
      [
       141.22676228786673,
       14.8
      ],
      [
       141.2838922167999,
       15.36458935233564
      ],
      [
       141.45308653246937,
       15.907481852486379
      ],
      [
       141.72784319220924,
       16.40781444612904
      ],
      [
       142.09760345167098,
       16.846359632279697
      ],
      [
       142.54815763144745,
       17.206264365373546
      ],
      [
       143.0621911870835,
       17.473697708354692
      ],
      [
       143.6199500973094,
       17.638382347830717
      ],
      [
       144.2,
       18.236612585237037
      ]
     ]
    ]
   },
   "properties": {
    "time": "2026-07-06 14:00:00",
    "beaufort_threshold": 7,
    "grade": "超强台风",
    "pressure_hpa": 915.0,
    "wind_ms": 62.0
   }
  },
  {
   "type": "Feature",
   "geometry": {
    "type": "Polygon",
    "coordinates": [
     [
      [
       144.2,
       16.246994772731384
      ],
      [
       144.49002495134528,
       16.21919117391536
      ],
      [
       144.76890440645823,
       16.136848854177348
      ],
      [
       145.02592118427626,
       16.003132182686773
      ],
      [
       145.2511982741645,
       15.823179816139849
      ],
      [
       145.43607840389535,
       15.603907223064521
      ],
      [
       145.57345673376528,
       15.353740926243189
      ],
      [
       145.65805389160002,
       15.082294676167821
      ],
      [
       145.68661885606662,
       14.8
      ],
      [
       145.65805389160002,
       14.51770532383218
      ],
      [
       145.57345673376528,
       14.246259073756812
      ],
      [
       145.43607840389535,
       13.99609277693548
      ],
      [
       145.2511982741645,
       13.776820183860153
      ],
      [
       145.02592118427626,
       13.596867817313228
      ],
      [
       144.76890440645823,
       13.463151145822655
      ],
      [
       144.49002495134528,
       13.380808826084643
      ],
      [
       144.2,
       13.353005227268618
      ],
      [
       143.9099750486547,
       13.380808826084643
      ],
      [
       143.63109559354174,
       13.463151145822655
      ],
      [
       143.37407881572372,
       13.596867817313228
      ],
      [
       143.14880172583548,
       13.776820183860153
      ],
      [
       142.96392159610463,
       13.99609277693548
      ],
      [
       142.8265432662347,
       14.246259073756812
      ],
      [
       142.74194610839996,
       14.51770532383218
      ],
      [
       142.71338114393336,
       14.8
      ],
      [
       142.74194610839996,
       15.082294676167821
      ],
      [
       142.8265432662347,
       15.35374092624319
      ],
      [
       142.9639215961046,
       15.603907223064521
      ],
      [
       143.14880172583548,
       15.823179816139849
      ],
      [
       143.37407881572372,
       16.003132182686773
      ],
      [
       143.63109559354174,
       16.136848854177348
      ],
      [
       143.9099750486547,
       16.21919117391536
      ],
      [
       144.2,
       16.246994772731384
      ]
     ]
    ]
   },
   "properties": {
    "time": "2026-07-06 14:00:00",
    "beaufort_threshold": 10,
    "grade": "超强台风",
    "pressure_hpa": 915.0,
    "wind_ms": 62.0
   }
  },
  {
   "type": "Feature",
   "geometry": {
    "type": "Polygon",
    "coordinates": [
     [
      [
       144.2,
       15.523497386365692
      ],
      [
       144.34501247567263,
       15.50959558695768
      ],
      [
       144.4844522032291,
       15.468424427088674
      ],
      [
       144.61296059213814,
       15.401566091343387
      ],
      [
       144.72559913708224,
       15.311589908069925
      ],
      [
       144.81803920194767,
       15.20195361153226
      ],
      [
       144.88672836688264,
       15.076870463121596
      ],
      [
       144.92902694580002,
       14.94114733808391
      ],
      [
       144.9433094280333,
       14.8
      ],
      [
       144.92902694580002,
       14.658852661916091
      ],
      [
       144.88672836688264,
       14.523129536878406
      ],
      [
       144.81803920194767,
       14.39804638846774
      ],
      [
       144.72559913708224,
       14.288410091930077
      ],
      [
       144.61296059213814,
       14.198433908656614
      ],
      [
       144.4844522032291,
       14.131575572911327
      ],
      [
       144.34501247567263,
       14.090404413042322
      ],
      [
       144.2,
       14.07650261363431
      ],
      [
       144.05498752432734,
       14.090404413042322
      ],
      [
       143.91554779677088,
       14.131575572911327
      ],
      [
       143.78703940786184,
       14.198433908656614
      ],
      [
       143.67440086291774,
       14.288410091930077
      ],
      [
       143.5819607980523,
       14.39804638846774
      ],
      [
       143.51327163311734,
       14.523129536878406
      ],
      [
       143.47097305419996,
       14.658852661916091
      ],
      [
       143.45669057196667,
       14.8
      ],
      [
       143.47097305419996,
       14.94114733808391
      ],
      [
       143.51327163311734,
       15.076870463121596
      ],
      [
       143.5819607980523,
       15.20195361153226
      ],
      [
       143.67440086291774,
       15.311589908069925
      ],
      [
       143.78703940786184,
       15.401566091343387
      ],
      [
       143.91554779677088,
       15.468424427088674
      ],
      [
       144.05498752432734,
       15.50959558695768
      ],
      [
       144.2,
       15.523497386365692
      ]
     ]
    ]
   },
   "properties": {
    "time": "2026-07-06 14:00:00",
    "beaufort_threshold": 12,
    "grade": "超强台风",
    "pressure_hpa": 915.0,
    "wind_ms": 62.0
   }
  },
  {
   "type": "Feature",
   "geometry": {
    "type": "Polygon",
    "coordinates": [
     [
      [
       143.4,
       18.536612585237037
      ],
      [
       144.08977294748618,
       18.470579038048978
      ],
      [
       144.7530383074296,
       18.275016028671196
      ],
      [
       145.3643071640111,
       17.957438933881086
      ],
      [
       145.90008879787584,
       17.53005206333214
      ],
      [
       146.33979342130414,
       17.009279654778236
      ],
      [
       146.66652343220687,
       16.415134699827572
      ],
      [
       146.8677227794973,
       15.770449855898573
      ],
      [
       146.37739746113098,
       15.1
      ],
      [
       146.32018760378722,
       14.53541064766436
      ],
      [
       146.15075657449,
       13.992518147513621
      ],
      [
       145.87561551267717,
       13.492185553870957
      ],
      [
       145.50533793505332,
       13.053640367720302
      ],
      [
       145.05415340127252,
       12.693735634626453
      ],
      [
       144.5394006799407,
       12.426302291645307
      ],
      [
       143.98086142946204,
       12.261617652169281
      ],
      [
       143.4,
       11.934698934650099
      ],
      [
       142.7646828115259,
       11.995519307060153
      ],
      [
       142.15378050631486,
       12.175643131487053
      ],
      [
       141.5907697173582,
       12.468148350372683
      ],
      [
       141.09728663353542,
       12.861794152194081
      ],
      [
       140.69229553300937,
       13.34145294954636
      ],
      [
       140.39135999665157,
       13.888691723843024
      ],
      [
       140.20604480835775,
       14.482480395882892
      ],
      [
       140.42260253886903,
       15.1
      ],
      [
       140.4798123962128,
       15.66458935233564
      ],
      [
       140.64924342551004,
       16.207481852486378
      ],
      [
       140.92438448732284,
       16.707814446129042
      ],
      [
       141.2946620649467,
       17.146359632279697
      ],
      [
       141.7458465987275,
       17.506264365373546
      ],
      [
       142.2605993200593,
       17.773697708354693
      ],
      [
       142.81913857053794,
       17.938382347830718
      ],
      [
       143.4,
       18.536612585237037
      ]
     ]
    ]
   },
   "properties": {
    "time": "2026-07-06 17:00:00",
    "beaufort_threshold": 7,
    "grade": "超强台风",
    "pressure_hpa": 915.0,
    "wind_ms": 62.0
   }
  },
  {
   "type": "Feature",
   "geometry": {
    "type": "Polygon",
    "coordinates": [
     [
      [
       143.4,
       16.546994772731384
      ],
      [
       143.69043071473104,
       16.51919117391536
      ],
      [
       143.96970033997036,
       16.436848854177345
      ],
      [
       144.22707670063627,
       16.303132182686774
      ],
      [
       144.45266896752668,
       16.12317981613985
      ],
      [
       144.6378077563386,
       15.903907223064522
      ],
      [
       144.775378287245,
       15.653740926243188
      ],
      [
       144.8600938018936,
       15.38229467616782
      ],
      [
       144.8886987305655,
       15.1
      ],
      [
       144.8600938018936,
       14.817705323832179
      ],
      [
       144.775378287245,
       14.546259073756811
      ],
      [
       144.6378077563386,
       14.296092776935478
      ],
      [
       144.45266896752668,
       14.076820183860152
      ],
      [
       144.22707670063627,
       13.896867817313227
      ],
      [
       143.96970033997036,
       13.763151145822654
      ],
      [
       143.69043071473104,
       13.680808826084641
      ],
      [
       143.4,
       13.653005227268617
      ],
      [
       143.10956928526898,
       13.680808826084641
      ],
      [
       142.83029966002965,
       13.763151145822654
      ],
      [
       142.57292329936374,
       13.896867817313227
      ],
      [
       142.34733103247333,
       14.07682018386015
      ],
      [
       142.16219224366142,
       14.29609277693548
      ],
      [
       142.02462171275502,
       14.546259073756811
      ],
      [
       141.9399061981064,
       14.817705323832179
      ],
      [
       141.91130126943452,
       15.1
      ],
      [
       141.9399061981064,
       15.38229467616782
      ],
      [
       142.02462171275502,
       15.653740926243188
      ],
      [
       142.16219224366142,
       15.90390722306452
      ],
      [
       142.34733103247333,
       16.12317981613985
      ],
      [
       142.57292329936374,
       16.303132182686774
      ],
      [
       142.83029966002965,
       16.436848854177345
      ],
      [
       143.10956928526898,
       16.51919117391536
      ],
      [
       143.4,
       16.546994772731384
      ]
     ]
    ]
   },
   "properties": {
    "time": "2026-07-06 17:00:00",
    "beaufort_threshold": 10,
    "grade": "超强台风",
    "pressure_hpa": 915.0,
    "wind_ms": 62.0
   }
  },
  {
   "type": "Feature",
   "geometry": {
    "type": "Polygon",
    "coordinates": [
     [
      [
       143.4,
       15.823497386365691
      ],
      [
       143.54521535736552,
       15.809595586957679
      ],
      [
       143.6848501699852,
       15.768424427088673
      ],
      [
       143.81353835031814,
       15.701566091343386
      ],
      [
       143.92633448376333,
       15.611589908069924
      ],
      [
       144.01890387816928,
       15.50195361153226
      ],
      [
       144.0876891436225,
       15.376870463121595
      ],
      [
       144.1300469009468,
       15.241147338083909
      ],
      [
       144.14434936528275,
       15.1
      ],
      [
       144.1300469009468,
       14.95885266191609
      ],
      [
       144.0876891436225,
       14.823129536878405
      ],
      [
       144.01890387816928,
       14.69804638846774
      ],
      [
       143.92633448376333,
       14.588410091930076
      ],
      [
       143.81353835031814,
       14.498433908656613
      ],
      [
       143.6848501699852,
       14.431575572911326
      ],
      [
       143.54521535736552,
       14.39040441304232
      ],
      [
       143.4,
       14.376502613634308
      ],
      [
       143.2547846426345,
       14.39040441304232
      ],
      [
       143.11514983001481,
       14.431575572911326
      ],
      [
       142.98646164968187,
       14.498433908656613
      ],
      [
       142.87366551623668,
       14.588410091930076
      ],
      [
       142.78109612183073,
       14.69804638846774
      ],
      [
       142.7123108563775,
       14.823129536878405
      ],
      [
       142.6699530990532,
       14.95885266191609
      ],
      [
       142.65565063471726,
       15.1
      ],
      [
       142.6699530990532,
       15.241147338083909
      ],
      [
       142.7123108563775,
       15.376870463121595
      ],
      [
       142.78109612183073,
       15.50195361153226
      ],
      [
       142.87366551623668,
       15.611589908069924
      ],
      [
       142.98646164968187,
       15.701566091343386
      ],
      [
       143.11514983001481,
       15.768424427088673
      ],
      [
       143.2547846426345,
       15.809595586957679
      ],
      [
       143.4,
       15.823497386365691
      ]
     ]
    ]
   },
   "properties": {
    "time": "2026-07-06 17:00:00",
    "beaufort_threshold": 12,
    "grade": "超强台风",
    "pressure_hpa": 915.0,
    "wind_ms": 62.0
   }
  },
  {
   "type": "Feature",
   "geometry": {
    "type": "Polygon",
    "coordinates": [
     [
      [
       142.8,
       18.836612585237035
      ],
      [
       143.49075829984673,
       18.77057903804898
      ],
      [
       144.15497114561208,
       18.575016028671197
      ],
      [
       144.76711321012812,
       18.257438933881087
      ],
      [
       145.30366021714872,
       17.83005206333214
      ],
      [
       145.74399296609315,
       17.309279654778237
      ],
      [
       146.07118971636086,
       16.715134699827573
      ],
      [
       146.2726764803332,
       16.070449855898573
      ],
      [
       145.781650723929,
       15.4
      ],
      [
       145.7243591413332,
       14.83541064766436
      ],
      [
       145.55468607693547,
       14.292518147513622
      ],
      [
       145.27915197144685,
       13.792185553870958
      ],
      [
       144.90834544601998,
       13.353640367720303
      ],
      [
       144.4565163874763,
       12.993735634626454
      ],
      [
       143.94102833314702,
       12.726302291645307
      ],
      [
       143.38169119987094,
       12.561617652169282
      ],
      [
       142.8,
       12.2346989346501
      ],
      [
       142.16377525014119,
       12.295519307060154
      ],
      [
       141.55200026062047,
       12.475643131487054
      ],
      [
       140.9881852011978,
       12.768148350372684
      ],
      [
       140.49399716841566,
       13.161794152194082
      ],
      [
       140.08842753123002,
       13.64145294954636
      ],
      [
       139.78706210335184,
       14.188691723843025
      ],
      [
       139.60148218916683,
       14.782480395882892
      ],
      [
       139.81834927607102,
       15.4
      ],
      [
       139.87564085866683,
       15.96458935233564
      ],
      [
       140.04531392306455,
       16.50748185248638
      ],
      [
       140.32084802855317,
       17.007814446129043
      ],
      [
       140.69165455398004,
       17.446359632279698
      ],
      [
       141.1434836125237,
       17.806264365373547
      ],
      [
       141.658971666853,
       18.073697708354693
      ],
      [
       142.21830880012908,
       18.23838234783072
      ],
      [
       142.8,
       18.836612585237035
      ]
     ]
    ]
   },
   "properties": {
    "time": "2026-07-06 20:00:00",
    "beaufort_threshold": 7,
    "grade": "超强台风",
    "pressure_hpa": 915.0,
    "wind_ms": 62.0
   }
  },
  {
   "type": "Feature",
   "geometry": {
    "type": "Polygon",
    "coordinates": [
     [
      [
       142.8,
       16.846994772731385
      ],
      [
       143.09084559993548,
       16.81919117391536
      ],
      [
       143.3705141665735,
       16.736848854177346
      ],
      [
       143.62825819373816,
       16.603132182686775
      ],
      [
       143.85417272301,
       16.42317981613985
      ],
      [
       144.03957598572345,
       16.203907223064522
      ],
      [
       144.17734303846774,
       15.953740926243189
      ],
      [
       144.2621795706666,
       15.682294676167821
      ],
      [
       144.29082536196452,
       15.4
      ],
      [
       144.2621795706666,
       15.11770532383218
      ],
      [
       144.17734303846774,
       14.846259073756812
      ],
      [
       144.03957598572345,
       14.596092776935478
      ],
      [
       143.85417272301,
       14.376820183860152
      ],
      [
       143.62825819373816,
       14.196867817313228
      ],
      [
       143.3705141665735,
       14.063151145822655
      ],
      [
       143.09084559993548,
       13.980808826084642
      ],
      [
       142.8,
       13.953005227268617
      ],
      [
       142.50915440006455,
       13.980808826084642
      ],
      [
       142.2294858334265,
       14.063151145822655
      ],
      [
       141.97174180626186,
       14.196867817313228
      ],
      [
       141.74582727699,
       14.37682018386015
      ],
      [
       141.56042401427658,
       14.59609277693548
      ],
      [
       141.42265696153228,
       14.846259073756812
      ],
      [
       141.33782042933342,
       15.11770532383218
      ],
      [
       141.3091746380355,
       15.4
      ],
      [
       141.33782042933342,
       15.682294676167821
      ],
      [
       141.42265696153228,
       15.953740926243189
      ],
      [
       141.56042401427658,
       16.203907223064522
      ],
      [
       141.74582727699,
       16.42317981613985
      ],
      [
       141.97174180626186,
       16.603132182686775
      ],
      [
       142.2294858334265,
       16.736848854177346
      ],
      [
       142.50915440006455,
       16.81919117391536
      ],
      [
       142.8,
       16.846994772731385
      ]
     ]
    ]
   },
   "properties": {
    "time": "2026-07-06 20:00:00",
    "beaufort_threshold": 10,
    "grade": "超强台风",
    "pressure_hpa": 915.0,
    "wind_ms": 62.0
   }
  },
  {
   "type": "Feature",
   "geometry": {
    "type": "Polygon",
    "coordinates": [
     [
      [
       142.8,
       16.123497386365692
      ],
      [
       142.94542279996773,
       16.10959558695768
      ],
      [
       143.08525708328676,
       16.068424427088672
      ],
      [
       143.21412909686907,
       16.00156609134339
      ],
      [
       143.327086361505,
       15.911589908069924
      ],
      [
       143.41978799286173,
       15.80195361153226
      ],
      [
       143.4886715192339,
       15.676870463121595
      ],
      [
       143.5310897853333,
       15.54114733808391
      ],
      [
       143.54541268098225,
       15.4
      ],
      [
       143.5310897853333,
       15.258852661916091
      ],
      [
       143.4886715192339,
       15.123129536878405
      ],
      [
       143.41978799286173,
       14.99804638846774
      ],
      [
       143.327086361505,
       14.888410091930076
      ],
      [
       143.21412909686907,
       14.798433908656614
      ],
      [
       143.08525708328676,
       14.731575572911327
      ],
      [
       142.94542279996773,
       14.690404413042321
      ],
      [
       142.8,
       14.676502613634309
      ],
      [
       142.6545772000323,
       14.690404413042321
      ],
      [
       142.51474291671326,
       14.731575572911327
      ],
      [
       142.38587090313095,
       14.798433908656614
      ],
      [
       142.27291363849503,
       14.888410091930076
      ],
      [
       142.1802120071383,
       14.99804638846774
      ],
      [
       142.11132848076613,
       15.123129536878405
      ],
      [
       142.06891021466672,
       15.258852661916091
      ],
      [
       142.05458731901777,
       15.4
      ],
      [
       142.06891021466672,
       15.54114733808391
      ],
      [
       142.11132848076613,
       15.676870463121595
      ],
      [
       142.1802120071383,
       15.80195361153226
      ],
      [
       142.27291363849503,
       15.911589908069924
      ],
      [
       142.38587090313095,
       16.00156609134339
      ],
      [
       142.51474291671326,
       16.068424427088672
      ],
      [
       142.6545772000323,
       16.10959558695768
      ],
      [
       142.8,
       16.123497386365692
      ]
     ]
    ]
   },
   "properties": {
    "time": "2026-07-06 20:00:00",
    "beaufort_threshold": 12,
    "grade": "超强台风",
    "pressure_hpa": 915.0,
    "wind_ms": 62.0
   }
  },
  {
   "type": "Feature",
   "geometry": {
    "type": "Polygon",
    "coordinates": [
     [
      [
       142.0,
       19.136612585237035
      ],
      [
       142.69176546365006,
       19.070579038048976
      ],
      [
       143.3569467684786,
       18.875016028671197
      ],
      [
       143.969981369979,
       18.557438933881084
      ],
      [
       144.50731069220942,
       18.13005206333214
      ],
      [
       144.94828547065424,
       17.609279654778238
      ],
      [
       145.27595929187936,
       17.015134699827573
      ],
      [
       145.4777398346967,
       16.37044985589857
      ],
      [
       144.98599813558369,
       15.7
      ],
      [
       144.92862301869195,
       15.13541064766436
      ],
      [
       144.75870256158262,
       14.592518147513623
      ],
      [
       144.4827667121299,
       14.092185553870957
      ],
      [
       144.1114195302816,
       13.653640367720303
      ],
      [
       143.65893167998232,
       13.293735634626453
      ],
      [
       143.14269201556093,
       13.026302291645306
      ],
      [
       142.58253933781057,
       12.861617652169283
      ],
      [
       142.0,
       12.534698934650098
      ],
      [
       141.36284759926968,
       12.595519307060153
      ],
      [
       140.75018060798024,
       12.775643131487055
      ],
      [
       140.18554347501933,
       13.068148350372685
      ],
      [
       139.6906348887545,
       13.46179415219408
      ],
      [
       139.28447390860794,
       13.94145294954636
      ],
      [
       138.98266907326902,
       14.488691723843024
      ],
      [
       138.79681857330567,
       15.082480395882891
      ],
      [
       139.01400186441631,
       15.7
      ],
      [
       139.07137698130805,
       16.26458935233564
      ],
      [
       139.24129743841738,
       16.807481852486376
      ],
      [
       139.5172332878701,
       17.30781444612904
      ],
      [
       139.8885804697184,
       17.746359632279695
      ],
      [
       140.34106832001768,
       18.106264365373544
      ],
      [
       140.85730798443907,
       18.37369770835469
      ],
      [
       141.41746066218943,
       18.538382347830716
      ],
      [
       142.0,
       19.136612585237035
      ]
     ]
    ]
   },
   "properties": {
    "time": "2026-07-06 23:00:00",
    "beaufort_threshold": 7,
    "grade": "超强台风",
    "pressure_hpa": 915.0,
    "wind_ms": 62.0
   }
  },
  {
   "type": "Feature",
   "geometry": {
    "type": "Polygon",
    "coordinates": [
     [
      [
       142.0,
       17.146994772731382
      ],
      [
       142.2912696689053,
       17.119191173915357
      ],
      [
       142.57134600778045,
       17.036848854177347
      ],
      [
       142.82946583999117,
       16.90313218268677
      ],
      [
       143.0557097651408,
       16.723179816139847
      ],
      [
       143.24138335606494,
       16.50390722306452
      ],
      [
       143.3793512807913,
       16.25374092624319
      ],
      [
       143.46431150934598,
       15.98229467616782
      ],
      [
       143.49299906779183,
       15.7
      ],
      [
       143.46431150934598,
       15.417705323832179
      ],
      [
       143.3793512807913,
       15.146259073756811
      ],
      [
       143.24138335606494,
       14.896092776935479
      ],
      [
       143.0557097651408,
       14.676820183860151
      ],
      [
       142.82946583999117,
       14.496867817313227
      ],
      [
       142.57134600778045,
       14.363151145822654
      ],
      [
       142.2912696689053,
       14.280808826084641
      ],
      [
       142.0,
       14.253005227268616
      ],
      [
       141.7087303310947,
       14.280808826084641
      ],
      [
       141.42865399221955,
       14.363151145822654
      ],
      [
       141.17053416000883,
       14.496867817313227
      ],
      [
       140.9442902348592,
       14.676820183860151
      ],
      [
       140.75861664393506,
       14.896092776935479
      ],
      [
       140.6206487192087,
       15.146259073756811
      ],
      [
       140.53568849065402,
       15.417705323832179
      ],
      [
       140.50700093220817,
       15.7
      ],
      [
       140.53568849065402,
       15.98229467616782
      ],
      [
       140.6206487192087,
       16.25374092624319
      ],
      [
       140.75861664393506,
       16.50390722306452
      ],
      [
       140.9442902348592,
       16.723179816139847
      ],
      [
       141.17053416000883,
       16.90313218268677
      ],
      [
       141.42865399221955,
       17.036848854177347
      ],
      [
       141.7087303310947,
       17.119191173915357
      ],
      [
       142.0,
       17.146994772731382
      ]
     ]
    ]
   },
   "properties": {
    "time": "2026-07-06 23:00:00",
    "beaufort_threshold": 10,
    "grade": "超强台风",
    "pressure_hpa": 915.0,
    "wind_ms": 62.0
   }
  },
  {
   "type": "Feature",
   "geometry": {
    "type": "Polygon",
    "coordinates": [
     [
      [
       142.0,
       16.423497386365693
      ],
      [
       142.14563483445264,
       16.40959558695768
      ],
      [
       142.28567300389022,
       16.368424427088673
      ],
      [
       142.41473291999557,
       16.301566091343386
      ],
      [
       142.5278548825704,
       16.211589908069925
      ],
      [
       142.62069167803247,
       16.10195361153226
      ],
      [
       142.68967564039565,
       15.976870463121594
      ],
      [
       142.732155754673,
       15.841147338083909
      ],
      [
       142.74649953389593,
       15.7
      ],
      [
       142.732155754673,
       15.55885266191609
      ],
      [
       142.68967564039565,
       15.423129536878404
      ],
      [
       142.62069167803247,
       15.29804638846774
      ],
      [
       142.5278548825704,
       15.188410091930075
      ],
      [
       142.41473291999557,
       15.098433908656613
      ],
      [
       142.28567300389022,
       15.031575572911326
      ],
      [
       142.14563483445264,
       14.99040441304232
      ],
      [
       142.0,
       14.976502613634308
      ],
      [
       141.85436516554736,
       14.99040441304232
      ],
      [
       141.71432699610978,
       15.031575572911326
      ],
      [
       141.58526708000443,
       15.098433908656613
      ],
      [
       141.4721451174296,
       15.188410091930075
      ],
      [
       141.37930832196753,
       15.29804638846774
      ],
      [
       141.31032435960435,
       15.423129536878404
      ],
      [
       141.267844245327,
       15.55885266191609
      ],
      [
       141.25350046610407,
       15.7
      ],
      [
       141.267844245327,
       15.841147338083909
      ],
      [
       141.31032435960435,
       15.976870463121594
      ],
      [
       141.37930832196753,
       16.10195361153226
      ],
      [
       141.4721451174296,
       16.211589908069925
      ],
      [
       141.58526708000443,
       16.301566091343386
      ],
      [
       141.71432699610978,
       16.368424427088673
      ],
      [
       141.85436516554736,
       16.40959558695768
      ],
      [
       142.0,
       16.423497386365693
      ]
     ]
    ]
   },
   "properties": {
    "time": "2026-07-06 23:00:00",
    "beaufort_threshold": 12,
    "grade": "超强台风",
    "pressure_hpa": 915.0,
    "wind_ms": 62.0
   }
  },
  {
   "type": "Feature",
   "geometry": {
    "type": "Polygon",
    "coordinates": [
     [
      [
       141.2,
       19.236612585237037
      ],
      [
       141.89210605787588,
       19.170579038048977
      ],
      [
       142.55761486808515,
       18.9750160286712
      ],
      [
       143.1709513002731,
       18.657438933881085
      ],
      [
       143.70854517931375,
       18.230052063332142
      ],
      [
       144.14973707392173,
       17.70927965477824
      ],
      [
       144.4775722270105,
       17.115134699827575
      ],
      [
       144.67945211749898,
       16.470449855898572
      ],
      [
       144.18746830687255,
       15.8
      ],
      [
       144.13006494105176,
       15.235410647664361
      ],
      [
       143.9600608227457,
       14.692518147513624
      ],
      [
       143.68398911488146,
       14.192185553870958
      ],
      [
       143.3124590983695,
       13.753640367720305
      ],
      [
       142.85974846338786,
       13.393735634626454
      ],
      [
       142.34325462575592,
       13.126302291645308
      ],
      [
       141.78282615400073,
       12.961617652169284
      ],
      [
       141.2,
       12.6346989346501
      ],
      [
       140.56253389406166,
       12.695519307060154
      ],
      [
       139.94956525307944,
       12.875643131487056
      ],
      [
       139.3846501181695,
       13.168148350372686
      ],
      [
       138.88949786115836,
       13.561794152194082
      ],
      [
       138.48313690559837,
       14.041452949546361
      ],
      [
       138.18118347512186,
       14.588691723843025
      ],
      [
       137.9952414707246,
       15.182480395882893
      ],
      [
       138.21253169312743,
       15.8
      ],
      [
       138.26993505894822,
       16.364589352335642
      ],
      [
       138.43993917725427,
       16.907481852486377
      ],
      [
       138.71601088511852,
       17.40781444612904
      ],
      [
       139.0875409016305,
       17.846359632279697
      ],
      [
       139.54025153661212,
       18.206264365373546
      ],
      [
       140.05674537424406,
       18.473697708354692
      ],
      [
       140.61717384599925,
       18.638382347830717
      ],
      [
       141.2,
       19.236612585237037
      ]
     ]
    ]
   },
   "properties": {
    "time": "2026-07-07 02:00:00",
    "beaufort_threshold": 7,
    "grade": "超强台风",
    "pressure_hpa": 915.0,
    "wind_ms": 62.0
   }
  },
  {
   "type": "Feature",
   "geometry": {
    "type": "Polygon",
    "coordinates": [
     [
      [
       141.2,
       17.246994772731384
      ],
      [
       141.49141307700037,
       17.21919117391536
      ],
      [
       141.77162731287794,
       17.136848854177348
      ],
      [
       142.02987423169392,
       17.003132182686773
      ],
      [
       142.25622954918472,
       16.82317981613985
      ],
      [
       142.44199455744072,
       16.60390722306452
      ],
      [
       142.58003041137283,
       16.35374092624319
      ],
      [
       142.6650324705259,
       16.08229467616782
      ],
      [
       142.69373415343628,
       15.8
      ],
      [
       142.6650324705259,
       15.51770532383218
      ],
      [
       142.58003041137283,
       15.246259073756812
      ],
      [
       142.44199455744072,
       14.99609277693548
      ],
      [
       142.25622954918472,
       14.776820183860153
      ],
      [
       142.02987423169392,
       14.596867817313228
      ],
      [
       141.77162731287794,
       14.463151145822655
      ],
      [
       141.49141307700037,
       14.380808826084643
      ],
      [
       141.2,
       14.353005227268618
      ],
      [
       140.9085869229996,
       14.380808826084643
      ],
      [
       140.62837268712204,
       14.463151145822655
      ],
      [
       140.37012576830605,
       14.596867817313228
      ],
      [
       140.14377045081525,
       14.776820183860153
      ],
      [
       139.95800544255926,
       14.99609277693548
      ],
      [
       139.81996958862715,
       15.246259073756812
      ],
      [
       139.7349675294741,
       15.51770532383218
      ],
      [
       139.7062658465637,
       15.8
      ],
      [
       139.7349675294741,
       16.08229467616782
      ],
      [
       139.81996958862715,
       16.35374092624319
      ],
      [
       139.95800544255926,
       16.60390722306452
      ],
      [
       140.14377045081525,
       16.82317981613985
      ],
      [
       140.37012576830605,
       17.003132182686773
      ],
      [
       140.62837268712204,
       17.136848854177348
      ],
      [
       140.9085869229996,
       17.21919117391536
      ],
      [
       141.2,
       17.246994772731384
      ]
     ]
    ]
   },
   "properties": {
    "time": "2026-07-07 02:00:00",
    "beaufort_threshold": 10,
    "grade": "超强台风",
    "pressure_hpa": 915.0,
    "wind_ms": 62.0
   }
  },
  {
   "type": "Feature",
   "geometry": {
    "type": "Polygon",
    "coordinates": [
     [
      [
       141.2,
       16.523497386365694
      ],
      [
       141.34570653850017,
       16.50959558695768
      ],
      [
       141.48581365643898,
       16.468424427088674
      ],
      [
       141.61493711584694,
       16.401566091343387
      ],
      [
       141.72811477459237,
       16.311589908069926
      ],
      [
       141.82099727872037,
       16.20195361153226
      ],
      [
       141.8900152056864,
       16.076870463121594
      ],
      [
       141.93251623526294,
       15.94114733808391
      ],
      [
       141.94686707671812,
       15.8
      ],
      [
       141.93251623526294,
       15.658852661916091
      ],
      [
       141.8900152056864,
       15.523129536878406
      ],
      [
       141.82099727872037,
       15.39804638846774
      ],
      [
       141.72811477459237,
       15.288410091930077
      ],
      [
       141.61493711584694,
       15.198433908656614
      ],
      [
       141.48581365643898,
       15.131575572911327
      ],
      [
       141.34570653850017,
       15.090404413042322
      ],
      [
       141.2,
       15.07650261363431
      ],
      [
       141.0542934614998,
       15.090404413042322
      ],
      [
       140.914186343561,
       15.131575572911327
      ],
      [
       140.78506288415304,
       15.198433908656614
      ],
      [
       140.6718852254076,
       15.288410091930077
      ],
      [
       140.5790027212796,
       15.39804638846774
      ],
      [
       140.50998479431357,
       15.523129536878406
      ],
      [
       140.46748376473704,
       15.658852661916091
      ],
      [
       140.45313292328186,
       15.8
      ],
      [
       140.46748376473704,
       15.94114733808391
      ],
      [
       140.50998479431357,
       16.076870463121594
      ],
      [
       140.5790027212796,
       16.20195361153226
      ],
      [
       140.6718852254076,
       16.311589908069926
      ],
      [
       140.78506288415304,
       16.401566091343387
      ],
      [
       140.914186343561,
       16.468424427088674
      ],
      [
       141.0542934614998,
       16.50959558695768
      ],
      [
       141.2,
       16.523497386365694
      ]
     ]
    ]
   },
   "properties": {
    "time": "2026-07-07 02:00:00",
    "beaufort_threshold": 12,
    "grade": "超强台风",
    "pressure_hpa": 915.0,
    "wind_ms": 62.0
   }
  },
  {
   "type": "Feature",
   "geometry": {
    "type": "Polygon",
    "coordinates": [
     [
      [
       140.6,
       19.436612585237036
      ],
      [
       141.2927945897904,
       19.370579038048977
      ],
      [
       141.9589654720188,
       19.175016028671198
      ],
      [
       142.57291207327415,
       18.857438933881085
      ],
      [
       143.11104076997543,
       18.43005206333214
      ],
      [
       143.55267157809445,
       17.90927965477824
      ],
      [
       143.88083287334456,
       17.315134699827574
      ],
      [
       144.08291360118434,
       16.67044985589857
      ],
      [
       143.59044034742826,
       16.0
      ],
      [
       143.53297987468153,
       15.43541064766436
      ],
      [
       143.3628066301849,
       14.892518147513623
      ],
      [
       143.08646027629004,
       14.392185553870958
      ],
      [
       142.71456064840035,
       13.953640367720304
      ],
      [
       142.26139964065192,
       13.593735634626453
      ],
      [
       141.7443919764369,
       13.326302291645307
      ],
      [
       141.18340597034978,
       13.161617652169284
      ],
      [
       140.6,
       12.834698934650099
      ],
      [
       139.9618997199299,
       12.895519307060153
      ],
      [
       139.34832127577215,
       13.075643131487055
      ],
      [
       138.78284414303695,
       13.368148350372685
      ],
      [
       138.28719929081208,
       13.761794152194081
      ],
      [
       137.88043407280776,
       14.24145294954636
      ],
      [
       137.57818024823527,
       14.788691723843025
      ],
      [
       137.39205326206704,
       15.382480395882892
      ],
      [
       137.60955965257173,
       16.0
      ],
      [
       137.66702012531846,
       16.56458935233564
      ],
      [
       137.83719336981508,
       17.10748185248638
      ],
      [
       138.11353972370995,
       17.60781444612904
      ],
      [
       138.4854393515996,
       18.046359632279696
      ],
      [
       138.93860035934807,
       18.406264365373545
      ],
      [
       139.4556080235631,
       18.67369770835469
      ],
      [
       140.0165940296502,
       18.838382347830716
      ],
      [
       140.6,
       19.436612585237036
      ]
     ]
    ]
   },
   "properties": {
    "time": "2026-07-07 05:00:00",
    "beaufort_threshold": 7,
    "grade": "超强台风",
    "pressure_hpa": 915.0,
    "wind_ms": 62.0
   }
  },
  {
   "type": "Feature",
   "geometry": {
    "type": "Polygon",
    "coordinates": [
     [
      [
       140.6,
       17.446994772731383
      ],
      [
       140.8917029851749,
       17.419191173915358
      ],
      [
       141.17219598821845,
       17.336848854177347
      ],
      [
       141.43069982032597,
       17.203132182686772
      ],
      [
       141.65728032420017,
       17.023179816139848
      ],
      [
       141.84323013814503,
       16.80390722306452
      ],
      [
       141.98140331509245,
       16.55374092624319
      ],
      [
       142.06648993734078,
       16.28229467616782
      ],
      [
       142.09522017371413,
       16.0
      ],
      [
       142.06648993734078,
       15.71770532383218
      ],
      [
       141.98140331509245,
       15.446259073756812
      ],
      [
       141.84323013814503,
       15.19609277693548
      ],
      [
       141.65728032420017,
       14.976820183860152
      ],
      [
       141.43069982032597,
       14.796867817313228
      ],
      [
       141.17219598821845,
       14.663151145822654
      ],
      [
       140.8917029851749,
       14.580808826084642
      ],
      [
       140.6,
       14.553005227268617
      ],
      [
       140.3082970148251,
       14.580808826084642
      ],
      [
       140.02780401178154,
       14.663151145822654
      ],
      [
       139.76930017967402,
       14.796867817313228
      ],
      [
       139.54271967579982,
       14.976820183860152
      ],
      [
       139.35676986185496,
       15.19609277693548
      ],
      [
       139.21859668490754,
       15.446259073756812
      ],
      [
       139.1335100626592,
       15.71770532383218
      ],
      [
       139.10477982628586,
       16.0
      ],
      [
       139.1335100626592,
       16.28229467616782
      ],
      [
       139.21859668490754,
       16.55374092624319
      ],
      [
       139.35676986185496,
       16.80390722306452
      ],
      [
       139.54271967579982,
       17.023179816139848
      ],
      [
       139.76930017967402,
       17.203132182686772
      ],
      [
       140.02780401178154,
       17.336848854177347
      ],
      [
       140.3082970148251,
       17.419191173915358
      ],
      [
       140.6,
       17.446994772731383
      ]
     ]
    ]
   },
   "properties": {
    "time": "2026-07-07 05:00:00",
    "beaufort_threshold": 10,
    "grade": "超强台风",
    "pressure_hpa": 915.0,
    "wind_ms": 62.0
   }
  },
  {
   "type": "Feature",
   "geometry": {
    "type": "Polygon",
    "coordinates": [
     [
      [
       140.6,
       16.723497386365693
      ],
      [
       140.74585149258743,
       16.70959558695768
      ],
      [
       140.8860979941092,
       16.668424427088674
      ],
      [
       141.01534991016297,
       16.601566091343386
      ],
      [
       141.12864016210008,
       16.511589908069926
      ],
      [
       141.2216150690725,
       16.40195361153226
      ],
      [
       141.2907016575462,
       16.276870463121593
      ],
      [
       141.33324496867039,
       16.14114733808391
      ],
      [
       141.34761008685706,
       16.0
      ],
      [
       141.33324496867039,
       15.85885266191609
      ],
      [
       141.2907016575462,
       15.723129536878405
      ],
      [
       141.2216150690725,
       15.59804638846774
      ],
      [
       141.12864016210008,
       15.488410091930076
      ],
      [
       141.01534991016297,
       15.398433908656614
      ],
      [
       140.8860979941092,
       15.331575572911326
      ],
      [
       140.74585149258743,
       15.290404413042321
      ],
      [
       140.6,
       15.276502613634309
      ],
      [
       140.45414850741255,
       15.290404413042321
      ],
      [
       140.31390200589078,
       15.331575572911326
      ],
      [
       140.18465008983702,
       15.398433908656614
      ],
      [
       140.0713598378999,
       15.488410091930076
      ],
      [
       139.9783849309275,
       15.59804638846774
      ],
      [
       139.90929834245378,
       15.723129536878405
      ],
      [
       139.8667550313296,
       15.85885266191609
      ],
      [
       139.85238991314293,
       16.0
      ],
      [
       139.8667550313296,
       16.14114733808391
      ],
      [
       139.90929834245378,
       16.276870463121593
      ],
      [
       139.9783849309275,
       16.40195361153226
      ],
      [
       140.0713598378999,
       16.511589908069926
      ],
      [
       140.18465008983702,
       16.601566091343386
      ],
      [
       140.31390200589078,
       16.668424427088674
      ],
      [
       140.45414850741255,
       16.70959558695768
      ],
      [
       140.6,
       16.723497386365693
      ]
     ]
    ]
   },
   "properties": {
    "time": "2026-07-07 05:00:00",
    "beaufort_threshold": 12,
    "grade": "超强台风",
    "pressure_hpa": 915.0,
    "wind_ms": 62.0
   }
  },
  {
   "type": "Feature",
   "geometry": {
    "type": "Polygon",
    "coordinates": [
     [
      [
       139.9,
       19.636612585237035
      ],
      [
       140.59349295142908,
       19.570579038048976
      ],
      [
       141.26033535765004,
       19.375016028671197
      ],
      [
       141.8749008389614,
       19.057438933881084
      ],
      [
       142.4135719885686,
       18.63005206333214
      ],
      [
       142.8556479762825,
       18.109279654778238
      ],
      [
       143.1841400698144,
       17.515134699827573
      ],
      [
       143.38642450223026,
       16.87044985589857
      ],
      [
       142.89345481788195,
       16.2
      ],
      [
       142.83593642293076,
       15.63541064766436
      ],
      [
       142.66559163773843,
       15.092518147513623
      ],
      [
       142.3889667168695,
       14.592185553870957
      ],
      [
       142.01669220089988,
       14.153640367720303
      ],
      [
       141.56307439070432,
       13.793735634626453
      ],
      [
       141.0455455643369,
       13.526302291645306
      ],
      [
       140.48399406436133,
       13.361617652169283
      ],
      [
       139.9,
       13.034698934650098
      ],
      [
       139.26125649210482,
       13.095519307060153
      ],
      [
       138.64705953900653,
       13.275643131487055
      ],
      [
       138.08101238516716,
       13.568148350372685
      ],
      [
       137.58486790526578,
       13.96179415219408
      ],
      [
       137.177692653424,
       14.44145294954636
      ],
      [
       136.8751341462236,
       14.988691723843024
      ],
      [
       136.6888195374195,
       15.582480395882891
      ],
      [
       136.90654518211807,
       16.2
      ],
      [
       136.96406357706925,
       16.76458935233564
      ],
      [
       137.13440836226158,
       17.307481852486376
      ],
      [
       137.4110332831305,
       17.80781444612904
      ],
      [
       137.78330779910013,
       18.246359632279695
      ],
      [
       138.2369256092957,
       18.606264365373544
      ],
      [
       138.75445443566312,
       18.87369770835469
      ],
      [
       139.31600593563869,
       19.038382347830716
      ],
      [
       139.9,
       19.636612585237035
      ]
     ]
    ]
   },
   "properties": {
    "time": "2026-07-07 08:00:00",
    "beaufort_threshold": 7,
    "grade": "超强台风",
    "pressure_hpa": 915.0,
    "wind_ms": 62.0
   }
  },
  {
   "type": "Feature",
   "geometry": {
    "type": "Polygon",
    "coordinates": [
     [
      [
       139.9,
       17.646994772731382
      ],
      [
       140.19199703218067,
       17.619191173915357
      ],
      [
       140.47277278216845,
       17.536848854177347
      ],
      [
       140.73153719535216,
       17.40313218268677
      ],
      [
       140.95834610044994,
       17.223179816139847
      ],
      [
       141.14448335843474,
       17.00390722306452
      ],
      [
       141.28279581886923,
       16.75374092624319
      ],
      [
       141.36796821146538,
       16.482294676167818
      ],
      [
       141.396727408941,
       16.2
      ],
      [
       141.36796821146538,
       15.917705323832179
      ],
      [
       141.28279581886923,
       15.646259073756811
      ],
      [
       141.14448335843474,
       15.396092776935479
      ],
      [
       140.95834610044994,
       15.176820183860151
      ],
      [
       140.73153719535216,
       14.996867817313227
      ],
      [
       140.47277278216845,
       14.863151145822654
      ],
      [
       140.19199703218067,
       14.780808826084641
      ],
      [
       139.9,
       14.753005227268616
      ],
      [
       139.60800296781935,
       14.780808826084641
      ],
      [
       139.32722721783156,
       14.863151145822654
      ],
      [
       139.06846280464785,
       14.996867817313227
      ],
      [
       138.84165389955007,
       15.176820183860151
      ],
      [
       138.65551664156527,
       15.396092776935479
      ],
      [
       138.51720418113078,
       15.646259073756811
      ],
      [
       138.43203178853463,
       15.917705323832179
      ],
      [
       138.40327259105902,
       16.2
      ],
      [
       138.43203178853463,
       16.482294676167818
      ],
      [
       138.51720418113078,
       16.75374092624319
      ],
      [
       138.65551664156527,
       17.00390722306452
      ],
      [
       138.84165389955007,
       17.223179816139847
      ],
      [
       139.06846280464785,
       17.40313218268677
      ],
      [
       139.32722721783156,
       17.536848854177347
      ],
      [
       139.60800296781935,
       17.619191173915357
      ],
      [
       139.9,
       17.646994772731382
      ]
     ]
    ]
   },
   "properties": {
    "time": "2026-07-07 08:00:00",
    "beaufort_threshold": 10,
    "grade": "超强台风",
    "pressure_hpa": 915.0,
    "wind_ms": 62.0
   }
  },
  {
   "type": "Feature",
   "geometry": {
    "type": "Polygon",
    "coordinates": [
     [
      [
       139.9,
       16.923497386365693
      ],
      [
       140.04599851609032,
       16.90959558695768
      ],
      [
       140.18638639108423,
       16.868424427088673
      ],
      [
       140.31576859767608,
       16.801566091343386
      ],
      [
       140.42917305022496,
       16.711589908069925
      ],
      [
       140.5222416792174,
       16.60195361153226
      ],
      [
       140.59139790943462,
       16.476870463121593
      ],
      [
       140.63398410573268,
       16.34114733808391
      ],
      [
       140.64836370447048,
       16.2
      ],
      [
       140.63398410573268,
       16.058852661916088
      ],
      [
       140.59139790943462,
       15.923129536878404
      ],
      [
       140.5222416792174,
       15.79804638846774
      ],
      [
       140.42917305022496,
       15.688410091930075
      ],
      [
       140.31576859767608,
       15.598433908656613
      ],
      [
       140.18638639108423,
       15.531575572911326
      ],
      [
       140.04599851609032,
       15.49040441304232
      ],
      [
       139.9,
       15.476502613634308
      ],
      [
       139.7540014839097,
       15.49040441304232
      ],
      [
       139.61361360891578,
       15.531575572911326
      ],
      [
       139.48423140232393,
       15.598433908656613
      ],
      [
       139.37082694977505,
       15.688410091930075
      ],
      [
       139.27775832078262,
       15.79804638846774
      ],
      [
       139.2086020905654,
       15.923129536878404
      ],
      [
       139.16601589426733,
       16.058852661916088
      ],
      [
       139.15163629552953,
       16.2
      ],
      [
       139.16601589426733,
       16.34114733808391
      ],
      [
       139.2086020905654,
       16.476870463121593
      ],
      [
       139.27775832078262,
       16.60195361153226
      ],
      [
       139.37082694977505,
       16.711589908069925
      ],
      [
       139.48423140232393,
       16.801566091343386
      ],
      [
       139.61361360891578,
       16.868424427088673
      ],
      [
       139.7540014839097,
       16.90959558695768
      ],
      [
       139.9,
       16.923497386365693
      ]
     ]
    ]
   },
   "properties": {
    "time": "2026-07-07 08:00:00",
    "beaufort_threshold": 12,
    "grade": "超强台风",
    "pressure_hpa": 915.0,
    "wind_ms": 62.0
   }
  },
  {
   "type": "Feature",
   "geometry": {
    "type": "Polygon",
    "coordinates": [
     [
      [
       139.2,
       19.736612585237037
      ],
      [
       139.89384583299005,
       19.670579038048977
      ],
      [
       140.56102755973154,
       19.4750160286712
      ],
      [
       141.1759057606256,
       19.157438933881085
      ],
      [
       141.71485101123952,
       18.730052063332142
      ],
      [
       142.1571519478362,
       18.20927965477824
      ],
      [
       142.48581119346747,
       17.615134699827575
      ],
      [
       142.68819855763792,
       16.970449855898572
      ],
      [
       142.1949780273201,
       16.3
      ],
      [
       142.13743036432666,
       15.735410647664361
      ],
      [
       141.96699889976207,
       15.192518147513624
      ],
      [
       141.6902332192305,
       14.692185553870958
      ],
      [
       141.31776927262274,
       14.253640367720305
      ],
      [
       140.86392064052683,
       13.893735634626454
      ],
      [
       140.34612847135287,
       13.626302291645308
      ],
      [
       139.7842912277811,
       13.461617652169284
      ],
      [
       139.2,
       13.1346989346501
      ],
      [
       138.5609314696144,
       13.195519307060154
      ],
      [
       137.94642198445777,
       13.375643131487056
      ],
      [
       137.38008679942376,
       13.668148350372686
      ],
      [
       136.88368985806883,
       14.061794152194082
      ],
      [
       136.47630741646662,
       14.541452949546361
      ],
      [
       136.17359495338522,
       15.088691723843025
      ],
      [
       135.9871855390177,
       15.682480395882893
      ],
      [
       136.20502197267987,
       16.3
      ],
      [
       136.26256963567332,
       16.864589352335642
      ],
      [
       136.4330011002379,
       17.407481852486377
      ],
      [
       136.70976678076948,
       17.90781444612904
      ],
      [
       137.08223072737724,
       18.346359632279697
      ],
      [
       137.53607935947315,
       18.706264365373546
      ],
      [
       138.0538715286471,
       18.973697708354692
      ],
      [
       138.61570877221888,
       19.138382347830717
      ],
      [
       139.2,
       19.736612585237037
      ]
     ]
    ]
   },
   "properties": {
    "time": "2026-07-07 11:00:00",
    "beaufort_threshold": 7,
    "grade": "超强台风",
    "pressure_hpa": 930.0,
    "wind_ms": 55.0
   }
  },
  {
   "type": "Feature",
   "geometry": {
    "type": "Polygon",
    "coordinates": [
     [
      [
       139.2,
       17.746994772731384
      ],
      [
       139.49214561389056,
       17.71919117391536
      ],
      [
       139.77306423567643,
       17.636848854177348
      ],
      [
       140.0319603202634,
       17.503132182686773
      ],
      [
       140.25888463631136,
       17.32317981613985
      ],
      [
       140.44511660961524,
       17.10390722306452
      ],
      [
       140.58349944988103,
       16.85374092624319
      ],
      [
       140.66871518216334,
       16.58229467616782
      ],
      [
       140.69748901366006,
       16.3
      ],
      [
       140.66871518216334,
       16.017705323832182
      ],
      [
       140.58349944988103,
       15.746259073756812
      ],
      [
       140.44511660961524,
       15.49609277693548
      ],
      [
       140.25888463631136,
       15.276820183860153
      ],
      [
       140.0319603202634,
       15.096867817313228
      ],
      [
       139.77306423567643,
       14.963151145822655
      ],
      [
       139.49214561389056,
       14.880808826084643
      ],
      [
       139.2,
       14.853005227268618
      ],
      [
       138.90785438610942,
       14.880808826084643
      ],
      [
       138.62693576432355,
       14.963151145822655
      ],
      [
       138.36803967973657,
       15.096867817313228
      ],
      [
       138.1411153636886,
       15.276820183860153
      ],
      [
       137.95488339038474,
       15.49609277693548
      ],
      [
       137.81650055011895,
       15.746259073756812
      ],
      [
       137.73128481783664,
       16.017705323832182
      ],
      [
       137.70251098633992,
       16.3
      ],
      [
       137.73128481783664,
       16.58229467616782
      ],
      [
       137.81650055011895,
       16.85374092624319
      ],
      [
       137.95488339038474,
       17.10390722306452
      ],
      [
       138.1411153636886,
       17.32317981613985
      ],
      [
       138.36803967973657,
       17.503132182686773
      ],
      [
       138.62693576432355,
       17.636848854177348
      ],
      [
       138.90785438610942,
       17.71919117391536
      ],
      [
       139.2,
       17.746994772731384
      ]
     ]
    ]
   },
   "properties": {
    "time": "2026-07-07 11:00:00",
    "beaufort_threshold": 10,
    "grade": "超强台风",
    "pressure_hpa": 930.0,
    "wind_ms": 55.0
   }
  },
  {
   "type": "Feature",
   "geometry": {
    "type": "Polygon",
    "coordinates": [
     [
      [
       139.2,
       17.023497386365694
      ],
      [
       139.34607280694527,
       17.00959558695768
      ],
      [
       139.4865321178382,
       16.968424427088674
      ],
      [
       139.6159801601317,
       16.901566091343387
      ],
      [
       139.7294423181557,
       16.811589908069926
      ],
      [
       139.82255830480761,
       16.70195361153226
      ],
      [
       139.8917497249405,
       16.576870463121594
      ],
      [
       139.93435759108166,
       16.441147338083912
      ],
      [
       139.94874450683002,
       16.3
      ],
      [
       139.93435759108166,
       16.15885266191609
      ],
      [
       139.8917497249405,
       16.023129536878407
      ],
      [
       139.82255830480761,
       15.89804638846774
      ],
      [
       139.7294423181557,
       15.788410091930077
      ],
      [
       139.6159801601317,
       15.698433908656614
      ],
      [
       139.4865321178382,
       15.631575572911327
      ],
      [
       139.34607280694527,
       15.590404413042322
      ],
      [
       139.2,
       15.57650261363431
      ],
      [
       139.0539271930547,
       15.590404413042322
      ],
      [
       138.91346788216177,
       15.631575572911327
      ],
      [
       138.78401983986828,
       15.698433908656614
      ],
      [
       138.6705576818443,
       15.788410091930077
      ],
      [
       138.57744169519236,
       15.89804638846774
      ],
      [
       138.50825027505948,
       16.023129536878407
      ],
      [
       138.4656424089183,
       16.15885266191609
      ],
      [
       138.45125549316995,
       16.3
      ],
      [
       138.4656424089183,
       16.441147338083912
      ],
      [
       138.50825027505948,
       16.576870463121594
      ],
      [
       138.57744169519236,
       16.70195361153226
      ],
      [
       138.6705576818443,
       16.811589908069926
      ],
      [
       138.78401983986828,
       16.901566091343387
      ],
      [
       138.91346788216177,
       16.968424427088674
      ],
      [
       139.0539271930547,
       17.00959558695768
      ],
      [
       139.2,
       17.023497386365694
      ]
     ]
    ]
   },
   "properties": {
    "time": "2026-07-07 11:00:00",
    "beaufort_threshold": 12,
    "grade": "超强台风",
    "pressure_hpa": 930.0,
    "wind_ms": 55.0
   }
  },
  {
   "type": "Feature",
   "geometry": {
    "type": "Polygon",
    "coordinates": [
     [
      [
       138.4,
       19.936612585237036
      ],
      [
       139.09455902720896,
       19.870579038048977
      ],
      [
       139.76242654051546,
       19.675016028671198
      ],
      [
       140.37793676592756,
       19.357438933881085
      ],
      [
       140.91743599066479,
       18.93005206333214
      ],
      [
       141.36019156207513,
       18.40927965477824
      ],
      [
       141.68918863184948,
       17.815134699827574
      ],
      [
       141.8917840271001,
       17.17044985589857
      ],
      [
       141.39805652244573,
       16.5
      ],
      [
       141.34044970703167,
       15.93541064766436
      ],
      [
       141.16984305839955,
       15.392518147513623
      ],
      [
       140.89279289437906,
       14.892185553870958
      ],
      [
       140.51994609740194,
       14.453640367720304
      ],
      [
       140.0656309607811,
       14.093735634626453
      ],
      [
       139.54730656043407,
       13.826302291645307
      ],
      [
       138.98489181238648,
       13.661617652169284
      ],
      [
       138.4,
       13.334698934650099
      ],
      [
       137.7602745802023,
       13.395519307060153
      ],
      [
       137.14513344952525,
       13.575643131487055
      ],
      [
       136.57821613664566,
       13.868148350372685
      ],
      [
       136.08130895596665,
       14.261794152194081
      ],
      [
       135.6735077717729,
       14.74145294954636
      ],
      [
       135.3704841548755,
       15.288691723843025
      ],
      [
       135.18388313293414,
       15.882480395882892
      ],
      [
       135.40194347755428,
       16.5
      ],
      [
       135.45955029296834,
       17.06458935233564
      ],
      [
       135.63015694160046,
       17.60748185248638
      ],
      [
       135.90720710562096,
       18.10781444612904
      ],
      [
       136.28005390259807,
       18.546359632279696
      ],
      [
       136.7343690392189,
       18.906264365373545
      ],
      [
       137.25269343956595,
       19.17369770835469
      ],
      [
       137.8151081876135,
       19.338382347830716
      ],
      [
       138.4,
       19.936612585237036
      ]
     ]
    ]
   },
   "properties": {
    "time": "2026-07-07 14:00:00",
    "beaufort_threshold": 7,
    "grade": "超强台风",
    "pressure_hpa": 930.0,
    "wind_ms": 55.0
   }
  },
  {
   "type": "Feature",
   "geometry": {
    "type": "Polygon",
    "coordinates": [
     [
      [
       138.4,
       17.946994772731383
      ],
      [
       138.69244590619326,
       17.919191173915358
      ],
      [
       138.97365328021704,
       17.836848854177347
      ],
      [
       139.23281548039057,
       17.703132182686772
      ],
      [
       139.45997304870096,
       17.523179816139848
      ],
      [
       139.64639644718955,
       17.30390722306452
      ],
      [
       139.78492152919978,
       17.05374092624319
      ],
      [
       139.87022485351582,
       16.78229467616782
      ],
      [
       139.89902826122287,
       16.5
      ],
      [
       139.87022485351582,
       16.21770532383218
      ],
      [
       139.78492152919978,
       15.946259073756812
      ],
      [
       139.64639644718955,
       15.69609277693548
      ],
      [
       139.45997304870096,
       15.476820183860152
      ],
      [
       139.23281548039057,
       15.296867817313228
      ],
      [
       138.97365328021704,
       15.163151145822654
      ],
      [
       138.69244590619326,
       15.080808826084642
      ],
      [
       138.4,
       15.053005227268617
      ],
      [
       138.10755409380675,
       15.080808826084642
      ],
      [
       137.82634671978298,
       15.163151145822654
      ],
      [
       137.56718451960944,
       15.296867817313228
      ],
      [
       137.34002695129905,
       15.476820183860152
      ],
      [
       137.15360355281047,
       15.69609277693548
      ],
      [
       137.01507847080023,
       15.946259073756812
      ],
      [
       136.9297751464842,
       16.21770532383218
      ],
      [
       136.90097173877714,
       16.5
      ],
      [
       136.9297751464842,
       16.78229467616782
      ],
      [
       137.01507847080023,
       17.05374092624319
      ],
      [
       137.15360355281047,
       17.30390722306452
      ],
      [
       137.34002695129905,
       17.523179816139848
      ],
      [
       137.56718451960944,
       17.703132182686772
      ],
      [
       137.82634671978298,
       17.836848854177347
      ],
      [
       138.10755409380675,
       17.919191173915358
      ],
      [
       138.4,
       17.946994772731383
      ]
     ]
    ]
   },
   "properties": {
    "time": "2026-07-07 14:00:00",
    "beaufort_threshold": 10,
    "grade": "超强台风",
    "pressure_hpa": 930.0,
    "wind_ms": 55.0
   }
  },
  {
   "type": "Feature",
   "geometry": {
    "type": "Polygon",
    "coordinates": [
     [
      [
       138.4,
       17.223497386365693
      ],
      [
       138.54622295309662,
       17.20959558695768
      ],
      [
       138.68682664010854,
       17.168424427088674
      ],
      [
       138.81640774019527,
       17.101566091343386
      ],
      [
       138.92998652435048,
       17.011589908069926
      ],
      [
       139.02319822359476,
       16.90195361153226
      ],
      [
       139.0924607645999,
       16.776870463121593
      ],
      [
       139.13511242675793,
       16.64114733808391
      ],
      [
       139.14951413061144,
       16.5
      ],
      [
       139.13511242675793,
       16.35885266191609
      ],
      [
       139.0924607645999,
       16.223129536878407
      ],
      [
       139.02319822359476,
       16.09804638846774
      ],
      [
       138.92998652435048,
       15.988410091930076
      ],
      [
       138.81640774019527,
       15.898433908656614
      ],
      [
       138.68682664010854,
       15.831575572911326
      ],
      [
       138.54622295309662,
       15.790404413042321
      ],
      [
       138.4,
       15.776502613634309
      ],
      [
       138.2537770469034,
       15.790404413042321
      ],
      [
       138.11317335989148,
       15.831575572911326
      ],
      [
       137.98359225980474,
       15.898433908656614
      ],
      [
       137.87001347564953,
       15.988410091930076
      ],
      [
       137.77680177640525,
       16.09804638846774
      ],
      [
       137.7075392354001,
       16.223129536878407
      ],
      [
       137.66488757324208,
       16.35885266191609
      ],
      [
       137.65048586938858,
       16.5
      ],
      [
       137.66488757324208,
       16.64114733808391
      ],
      [
       137.7075392354001,
       16.776870463121593
      ],
      [
       137.77680177640525,
       16.90195361153226
      ],
      [
       137.87001347564953,
       17.011589908069926
      ],
      [
       137.98359225980474,
       17.101566091343386
      ],
      [
       138.11317335989148,
       17.168424427088674
      ],
      [
       138.2537770469034,
       17.20959558695768
      ],
      [
       138.4,
       17.223497386365693
      ]
     ]
    ]
   },
   "properties": {
    "time": "2026-07-07 14:00:00",
    "beaufort_threshold": 12,
    "grade": "超强台风",
    "pressure_hpa": 930.0,
    "wind_ms": 55.0
   }
  },
  {
   "type": "Feature",
   "geometry": {
    "type": "Polygon",
    "coordinates": [
     [
      [
       137.7,
       21.22185866478557
      ],
      [
       138.61484496001518,
       21.134972418485496
      ],
      [
       139.49453294126798,
       20.877652669304204
      ],
      [
       140.30525802797348,
       20.459788070896167
      ],
      [
       141.01586450970953,
       19.897436925437027
      ],
      [
       141.59904417789565,
       19.21221007207663
      ],
      [
       142.03238576493442,
       18.430440394509965
      ],
      [
       142.2992361966567,
       17.582170863024437
      ],
      [
       140.98253839243597,
       16.7
      ],
      [
       140.9194653376597,
       16.082480395882893
      ],
      [
       140.7326700354541,
       15.488691723843024
      ],
      [
       140.42933092452697,
       14.94145294954636
      ],
      [
       140.02110515679666,
       14.46179415219408
      ],
      [
       139.52368061958143,
       14.068148350372683
      ],
      [
       138.95617305888757,
       13.775643131487055
      ],
      [
       138.34039147201062,
       13.595519307060153
      ],
      [
       137.7,
       12.178141335214427
      ],
      [
       136.7851550399848,
       12.265027581514502
      ],
      [
       135.905467058732,
       12.522347330695792
      ],
      [
       135.0947419720265,
       12.940211929103834
      ],
      [
       134.38413549029045,
       13.502563074562971
      ],
      [
       133.80095582210433,
       14.18778992792337
      ],
      [
       133.36761423506556,
       14.969559605490035
      ],
      [
       133.10076380334328,
       15.81782913697556
      ],
      [
       133.94852755150174,
       16.7
      ],
      [
       134.02061104267463,
       17.40573669041955
      ],
      [
       134.23409138805243,
       18.084352315607973
      ],
      [
       134.58076465768346,
       18.7097680576613
      ],
      [
       135.04730839223237,
       19.25794954034962
      ],
      [
       135.6157935776212,
       19.70783045671693
      ],
      [
       136.2643736469856,
       20.042122135443364
      ],
      [
       136.96812403198783,
       20.247977934788395
      ],
      [
       137.7,
       21.22185866478557
      ]
     ]
    ]
   },
   "properties": {
    "time": "2026-07-07 17:00:00",
    "beaufort_threshold": 7,
    "grade": "超强台风",
    "pressure_hpa": 930.0,
    "wind_ms": 55.0
   }
  },
  {
   "type": "Feature",
   "geometry": {
    "type": "Polygon",
    "coordinates": [
     [
      [
       137.7,
       19.413115198871342
      ],
      [
       138.2489069760091,
       19.360983451091297
      ],
      [
       138.77671976476077,
       19.206591601582524
      ],
      [
       139.2631548167841,
       18.955872842537698
      ],
      [
       139.68951870582572,
       18.618462155262215
      ],
      [
       140.03942650673739,
       18.207326043245978
      ],
      [
       140.29943145896064,
       17.73826423670598
      ],
      [
       140.459541717994,
       17.229302517814663
      ],
      [
       140.32603071394877,
       16.7
      ],
      [
       140.27557227012775,
       16.205984316706314
      ],
      [
       140.12613602836328,
       15.73095337907442
      ],
      [
       139.88346473962156,
       15.293162359637087
      ],
      [
       139.55688412543734,
       14.909435321755264
      ],
      [
       139.15894449566514,
       14.594518680298146
      ],
      [
       138.70493844711007,
       14.360514505189643
      ],
      [
       138.2123131776085,
       14.21641544564812
      ],
      [
       137.7,
       13.986884801128655
      ],
      [
       137.15109302399088,
       14.039016548908702
      ],
      [
       136.6232802352392,
       14.193408398417475
      ],
      [
       136.13684518321588,
       14.444127157462301
      ],
      [
       135.71048129417426,
       14.781537844737784
      ],
      [
       135.3605734932626,
       15.192673956754023
      ],
      [
       135.10056854103934,
       15.66173576329402
      ],
      [
       134.94045828200598,
       16.170697482185336
      ],
      [
       135.0739692860512,
       16.7
      ],
      [
       135.12442772987222,
       17.194015683293685
      ],
      [
       135.2738639716367,
       17.66904662092558
      ],
      [
       135.51653526037842,
       18.10683764036291
      ],
      [
       135.84311587456264,
       18.490564678244734
      ],
      [
       136.24105550433484,
       18.80548131970185
      ],
      [
       136.6950615528899,
       19.039485494810357
      ],
      [
       137.18768682239147,
       19.183584554351878
      ],
      [
       137.7,
       19.413115198871342
      ]
     ]
    ]
   },
   "properties": {
    "time": "2026-07-07 17:00:00",
    "beaufort_threshold": 10,
    "grade": "超强台风",
    "pressure_hpa": 930.0,
    "wind_ms": 55.0
   }
  },
  {
   "type": "Feature",
   "geometry": {
    "type": "Polygon",
    "coordinates": [
     [
      [
       137.7,
       18.05655759943567
      ],
      [
       137.97445348800454,
       18.030491725545648
      ],
      [
       138.2383598823804,
       17.95329580079126
      ],
      [
       138.48157740839204,
       17.82793642126885
      ],
      [
       138.69475935291285,
       17.65923107763111
      ],
      [
       138.8697132533687,
       17.453663021622987
      ],
      [
       138.99971572948033,
       17.219132118352988
      ],
      [
       139.079770858997,
       16.96465125890733
      ],
      [
       138.63786811212455,
       16.7
      ],
      [
       138.61984723933134,
       16.52356582739511
      ],
      [
       138.56647715298686,
       16.353911921098007
      ],
      [
       138.47980883557912,
       16.197557985584673
      ],
      [
       138.3631729019419,
       16.060512614912593
      ],
      [
       138.22105160559468,
       15.948042385820766
      ],
      [
       138.0589065882536,
       15.864469466139157
      ],
      [
       137.88296899200301,
       15.8130055163029
      ],
      [
       137.7,
       15.343442400564328
      ],
      [
       137.42554651199544,
       15.36950827445435
      ],
      [
       137.16164011761958,
       15.446704199208737
      ],
      [
       136.91842259160794,
       15.57206357873115
      ],
      [
       136.70524064708712,
       15.740768922368892
      ],
      [
       136.53028674663128,
       15.94633697837701
      ],
      [
       136.40028427051965,
       16.18086788164701
      ],
      [
       136.32022914100298,
       16.435348741092668
      ],
      [
       136.76213188787543,
       16.7
      ],
      [
       136.78015276066864,
       16.87643417260489
      ],
      [
       136.8335228470131,
       17.04608807890199
      ],
      [
       136.92019116442086,
       17.202442014415325
      ],
      [
       137.03682709805807,
       17.339487385087406
      ],
      [
       137.1789483944053,
       17.451957614179232
      ],
      [
       137.34109341174639,
       17.53553053386084
      ],
      [
       137.51703100799696,
       17.586994483697097
      ],
      [
       137.7,
       18.05655759943567
      ]
     ]
    ]
   },
   "properties": {
    "time": "2026-07-07 17:00:00",
    "beaufort_threshold": 12,
    "grade": "超强台风",
    "pressure_hpa": 930.0,
    "wind_ms": 55.0
   }
  },
  {
   "type": "Feature",
   "geometry": {
    "type": "Polygon",
    "coordinates": [
     [
      [
       136.6,
       21.321858664785573
      ],
      [
       137.5153256402459,
       21.234972418485498
      ],
      [
       138.39547582945767,
       20.977652669304206
      ],
      [
       139.20662688945785,
       20.559788070896168
      ],
      [
       139.91760673990933,
       19.99743692543703
      ],
      [
       140.50109282388144,
       19.31221007207663
      ],
      [
       140.9346620983898,
       18.530440394509966
      ],
      [
       141.20165273936357,
       17.68217086302444
      ],
      [
       139.88426311234014,
       16.8
      ],
      [
       139.8211569175545,
       16.182480395882894
      ],
      [
       139.63426346887286,
       15.588691723843025
      ],
      [
       139.330764976717,
       15.041452949546361
      ],
      [
       138.92232471793653,
       14.561794152194082
      ],
      [
       138.4246388226205,
       14.168148350372684
      ],
      [
       137.85683308062036,
       13.875643131487056
      ],
      [
       137.24072794817212,
       13.695519307060154
      ],
      [
       136.6,
       12.278141335214428
      ],
      [
       135.6846743597541,
       12.365027581514504
      ],
      [
       134.80452417054232,
       12.622347330695794
      ],
      [
       133.99337311054214,
       13.040211929103835
      ],
      [
       133.28239326009066,
       13.602563074562973
      ],
      [
       132.69890717611855,
       14.287789927923372
      ],
      [
       132.2653379016102,
       15.069559605490037
      ],
      [
       131.99834726063642,
       15.917829136975561
      ],
      [
       132.84655644303984,
       16.8
      ],
      [
       132.91867780850913,
       17.50573669041955
      ],
      [
       133.13227032128816,
       18.184352315607974
      ],
      [
       133.47912574089486,
       18.8097680576613
      ],
      [
       133.9459146080725,
       19.357949540349622
      ],
      [
       134.5146984884337,
       19.807830456716932
      ],
      [
       135.16361933643384,
       20.142122135443365
      ],
      [
       135.86773948780328,
       20.347977934788396
      ],
      [
       136.6,
       21.321858664785573
      ]
     ]
    ]
   },
   "properties": {
    "time": "2026-07-07 20:00:00",
    "beaufort_threshold": 7,
    "grade": "超强台风",
    "pressure_hpa": 930.0,
    "wind_ms": 55.0
   }
  },
  {
   "type": "Feature",
   "geometry": {
    "type": "Polygon",
    "coordinates": [
     [
      [
       136.6,
       19.513115198871343
      ],
      [
       137.14919538414753,
       19.4609834510913
      ],
      [
       137.6772854976746,
       19.306591601582525
      ],
      [
       138.1639761336747,
       19.0558728425377
      ],
      [
       138.5905640439456,
       18.718462155262216
      ],
      [
       138.94065569432885,
       18.30732604324598
      ],
      [
       139.2007972590339,
       17.83826423670598
      ],
      [
       139.36099164361815,
       17.329302517814664
      ],
      [
       139.2274104898721,
       16.8
      ],
      [
       139.1769255340436,
       16.305984316706315
      ],
      [
       139.02741077509828,
       15.83095337907442
      ],
      [
       138.7846119813736,
       15.393162359637088
      ],
      [
       138.45785977434923,
       15.009435321755266
      ],
      [
       138.05971105809638,
       14.694518680298147
      ],
      [
       137.6054664644963,
       14.460514505189645
      ],
      [
       137.1125823585377,
       14.316415445648122
      ],
      [
       136.6,
       14.086884801128656
      ],
      [
       136.05080461585246,
       14.139016548908703
      ],
      [
       135.52271450232539,
       14.293408398417476
      ],
      [
       135.03602386632528,
       14.544127157462302
      ],
      [
       134.6094359560544,
       14.881537844737785
      ],
      [
       134.25934430567114,
       15.292673956754024
      ],
      [
       133.9992027409661,
       15.761735763294022
      ],
      [
       133.83900835638184,
       16.270697482185337
      ],
      [
       133.97258951012788,
       16.8
      ],
      [
       134.0230744659564,
       17.294015683293686
      ],
      [
       134.1725892249017,
       17.769046620925582
      ],
      [
       134.4153880186264,
       18.206837640362913
      ],
      [
       134.74214022565076,
       18.590564678244736
      ],
      [
       135.1402889419036,
       18.905481319701853
      ],
      [
       135.5945335355037,
       19.13948549481036
      ],
      [
       136.08741764146228,
       19.28358455435188
      ],
      [
       136.6,
       19.513115198871343
      ]
     ]
    ]
   },
   "properties": {
    "time": "2026-07-07 20:00:00",
    "beaufort_threshold": 10,
    "grade": "超强台风",
    "pressure_hpa": 930.0,
    "wind_ms": 55.0
   }
  },
  {
   "type": "Feature",
   "geometry": {
    "type": "Polygon",
    "coordinates": [
     [
      [
       136.6,
       18.156557599435672
      ],
      [
       136.87459769207376,
       18.13049172554565
      ],
      [
       137.1386427488373,
       18.05329580079126
      ],
      [
       137.38198806683735,
       17.92793642126885
      ],
      [
       137.5952820219728,
       17.75923107763111
      ],
      [
       137.77032784716442,
       17.553663021622988
      ],
      [
       137.90039862951693,
       17.31913211835299
      ],
      [
       137.98049582180906,
       17.064651258907332
      ],
      [
       137.53836088924004,
       16.8
      ],
      [
       137.5203305478727,
       16.62356582739511
      ],
      [
       137.46693241967796,
       16.45391192109801
      ],
      [
       137.38021856477627,
       16.297557985584675
      ],
      [
       137.26352134798185,
       16.160512614912594
      ],
      [
       137.12132537789157,
       16.048042385820768
      ],
      [
       136.95909516589154,
       15.964469466139159
      ],
      [
       136.78306512804917,
       15.913005516302901
      ],
      [
       136.6,
       15.44344240056433
      ],
      [
       136.32540230792623,
       15.469508274454352
      ],
      [
       136.0613572511627,
       15.546704199208738
      ],
      [
       135.81801193316264,
       15.672063578731152
      ],
      [
       135.6047179780272,
       15.840768922368893
      ],
      [
       135.42967215283556,
       16.046336978377013
      ],
      [
       135.29960137048306,
       16.280867881647012
      ],
      [
       135.21950417819093,
       16.53534874109267
      ],
      [
       135.66163911075995,
       16.8
      ],
      [
       135.67966945212729,
       16.97643417260489
      ],
      [
       135.73306758032203,
       17.146088078901993
      ],
      [
       135.81978143522372,
       17.302442014415327
      ],
      [
       135.93647865201814,
       17.439487385087407
      ],
      [
       136.07867462210842,
       17.551957614179234
      ],
      [
       136.24090483410845,
       17.63553053386084
      ],
      [
       136.41693487195082,
       17.6869944836971
      ],
      [
       136.6,
       18.156557599435672
      ]
     ]
    ]
   },
   "properties": {
    "time": "2026-07-07 20:00:00",
    "beaufort_threshold": 12,
    "grade": "超强台风",
    "pressure_hpa": 930.0,
    "wind_ms": 55.0
   }
  },
  {
   "type": "Feature",
   "geometry": {
    "type": "Polygon",
    "coordinates": [
     [
      [
       136.0,
       21.321858664785573
      ],
      [
       136.9153256402459,
       21.234972418485498
      ],
      [
       137.79547582945767,
       20.977652669304206
      ],
      [
       138.60662688945786,
       20.559788070896168
      ],
      [
       139.31760673990934,
       19.99743692543703
      ],
      [
       139.90109282388144,
       19.31221007207663
      ],
      [
       140.3346620983898,
       18.530440394509966
      ],
      [
       140.60165273936357,
       17.68217086302444
      ],
      [
       139.28426311234014,
       16.8
      ],
      [
       139.2211569175545,
       16.182480395882894
      ],
      [
       139.03426346887287,
       15.588691723843025
      ],
      [
       138.730764976717,
       15.041452949546361
      ],
      [
       138.32232471793654,
       14.561794152194082
      ],
      [
       137.8246388226205,
       14.168148350372684
      ],
      [
       137.25683308062037,
       13.875643131487056
      ],
      [
       136.64072794817213,
       13.695519307060154
      ],
      [
       136.0,
       12.278141335214428
      ],
      [
       135.0846743597541,
       12.365027581514504
      ],
      [
       134.20452417054233,
       12.622347330695794
      ],
      [
       133.39337311054214,
       13.040211929103835
      ],
      [
       132.68239326009066,
       13.602563074562973
      ],
      [
       132.09890717611856,
       14.287789927923372
      ],
      [
       131.6653379016102,
       15.069559605490037
      ],
      [
       131.39834726063643,
       15.917829136975561
      ],
      [
       132.24655644303985,
       16.8
      ],
      [
       132.31867780850914,
       17.50573669041955
      ],
      [
       132.53227032128817,
       18.184352315607974
      ],
      [
       132.87912574089486,
       18.8097680576613
      ],
      [
       133.34591460807252,
       19.357949540349622
      ],
      [
       133.91469848843371,
       19.807830456716932
      ],
      [
       134.56361933643385,
       20.142122135443365
      ],
      [
       135.26773948780328,
       20.347977934788396
      ],
      [
       136.0,
       21.321858664785573
      ]
     ]
    ]
   },
   "properties": {
    "time": "2026-07-07 23:00:00",
    "beaufort_threshold": 7,
    "grade": "超强台风",
    "pressure_hpa": 925.0,
    "wind_ms": 58.0
   }
  },
  {
   "type": "Feature",
   "geometry": {
    "type": "Polygon",
    "coordinates": [
     [
      [
       136.0,
       19.513115198871343
      ],
      [
       136.54919538414754,
       19.4609834510913
      ],
      [
       137.0772854976746,
       19.306591601582525
      ],
      [
       137.56397613367471,
       19.0558728425377
      ],
      [
       137.9905640439456,
       18.718462155262216
      ],
      [
       138.34065569432886,
       18.30732604324598
      ],
      [
       138.6007972590339,
       17.83826423670598
      ],
      [
       138.76099164361815,
       17.329302517814664
      ],
      [
       138.62741048987212,
       16.8
      ],
      [
       138.5769255340436,
       16.305984316706315
      ],
      [
       138.42741077509828,
       15.83095337907442
      ],
      [
       138.1846119813736,
       15.393162359637088
      ],
      [
       137.85785977434924,
       15.009435321755266
      ],
      [
       137.4597110580964,
       14.694518680298147
      ],
      [
       137.0054664644963,
       14.460514505189645
      ],
      [
       136.5125823585377,
       14.316415445648122
      ],
      [
       136.0,
       14.086884801128656
      ],
      [
       135.45080461585246,
       14.139016548908703
      ],
      [
       134.9227145023254,
       14.293408398417476
      ],
      [
       134.43602386632529,
       14.544127157462302
      ],
      [
       134.0094359560544,
       14.881537844737785
      ],
      [
       133.65934430567114,
       15.292673956754024
      ],
      [
       133.3992027409661,
       15.761735763294022
      ],
      [
       133.23900835638185,
       16.270697482185337
      ],
      [
       133.37258951012788,
       16.8
      ],
      [
       133.4230744659564,
       17.294015683293686
      ],
      [
       133.57258922490172,
       17.769046620925582
      ],
      [
       133.8153880186264,
       18.206837640362913
      ],
      [
       134.14214022565076,
       18.590564678244736
      ],
      [
       134.5402889419036,
       18.905481319701853
      ],
      [
       134.9945335355037,
       19.13948549481036
      ],
      [
       135.4874176414623,
       19.28358455435188
      ],
      [
       136.0,
       19.513115198871343
      ]
     ]
    ]
   },
   "properties": {
    "time": "2026-07-07 23:00:00",
    "beaufort_threshold": 10,
    "grade": "超强台风",
    "pressure_hpa": 925.0,
    "wind_ms": 58.0
   }
  },
  {
   "type": "Feature",
   "geometry": {
    "type": "Polygon",
    "coordinates": [
     [
      [
       136.0,
       18.156557599435672
      ],
      [
       136.27459769207377,
       18.13049172554565
      ],
      [
       136.5386427488373,
       18.05329580079126
      ],
      [
       136.78198806683736,
       17.92793642126885
      ],
      [
       136.9952820219728,
       17.75923107763111
      ],
      [
       137.17032784716443,
       17.553663021622988
      ],
      [
       137.30039862951693,
       17.31913211835299
      ],
      [
       137.38049582180906,
       17.064651258907332
      ],
      [
       136.93836088924004,
       16.8
      ],
      [
       136.9203305478727,
       16.62356582739511
      ],
      [
       136.86693241967797,
       16.45391192109801
      ],
      [
       136.78021856477628,
       16.297557985584675
      ],
      [
       136.66352134798186,
       16.160512614912594
      ],
      [
       136.52132537789157,
       16.048042385820768
      ],
      [
       136.35909516589155,
       15.964469466139159
      ],
      [
       136.18306512804918,
       15.913005516302901
      ],
      [
       136.0,
       15.44344240056433
      ],
      [
       135.72540230792623,
       15.469508274454352
      ],
      [
       135.4613572511627,
       15.546704199208738
      ],
      [
       135.21801193316264,
       15.672063578731152
      ],
      [
       135.0047179780272,
       15.840768922368893
      ],
      [
       134.82967215283557,
       16.046336978377013
      ],
      [
       134.69960137048307,
       16.280867881647012
      ],
      [
       134.61950417819094,
       16.53534874109267
      ],
      [
       135.06163911075996,
       16.8
      ],
      [
       135.0796694521273,
       16.97643417260489
      ],
      [
       135.13306758032203,
       17.146088078901993
      ],
      [
       135.21978143522372,
       17.302442014415327
      ],
      [
       135.33647865201814,
       17.439487385087407
      ],
      [
       135.47867462210843,
       17.551957614179234
      ],
      [
       135.64090483410845,
       17.63553053386084
      ],
      [
       135.81693487195082,
       17.6869944836971
      ],
      [
       136.0,
       18.156557599435672
      ]
     ]
    ]
   },
   "properties": {
    "time": "2026-07-07 23:00:00",
    "beaufort_threshold": 12,
    "grade": "超强台风",
    "pressure_hpa": 925.0,
    "wind_ms": 58.0
   }
  },
  {
   "type": "Feature",
   "geometry": {
    "type": "Polygon",
    "coordinates": [
     [
      [
       135.2,
       21.321858664785573
      ],
      [
       136.11532564024589,
       21.234972418485498
      ],
      [
       136.99547582945766,
       20.977652669304206
      ],
      [
       137.80662688945785,
       20.559788070896168
      ],
      [
       138.51760673990933,
       19.99743692543703
      ],
      [
       139.10109282388143,
       19.31221007207663
      ],
      [
       139.5346620983898,
       18.530440394509966
      ],
      [
       139.80165273936356,
       17.68217086302444
      ],
      [
       138.48426311234013,
       16.8
      ],
      [
       138.4211569175545,
       16.182480395882894
      ],
      [
       138.23426346887285,
       15.588691723843025
      ],
      [
       137.930764976717,
       15.041452949546361
      ],
      [
       137.52232471793653,
       14.561794152194082
      ],
      [
       137.0246388226205,
       14.168148350372684
      ],
      [
       136.45683308062036,
       13.875643131487056
      ],
      [
       135.84072794817212,
       13.695519307060154
      ],
      [
       135.2,
       12.278141335214428
      ],
      [
       134.2846743597541,
       12.365027581514504
      ],
      [
       133.40452417054232,
       12.622347330695794
      ],
      [
       132.59337311054213,
       13.040211929103835
      ],
      [
       131.88239326009065,
       13.602563074562973
      ],
      [
       131.29890717611855,
       14.287789927923372
      ],
      [
       130.8653379016102,
       15.069559605490037
      ],
      [
       130.59834726063642,
       15.917829136975561
      ],
      [
       131.44655644303984,
       16.8
      ],
      [
       131.51867780850912,
       17.50573669041955
      ],
      [
       131.73227032128815,
       18.184352315607974
      ],
      [
       132.07912574089485,
       18.8097680576613
      ],
      [
       132.5459146080725,
       19.357949540349622
      ],
      [
       133.1146984884337,
       19.807830456716932
      ],
      [
       133.76361933643383,
       20.142122135443365
      ],
      [
       134.46773948780327,
       20.347977934788396
      ],
      [
       135.2,
       21.321858664785573
      ]
     ]
    ]
   },
   "properties": {
    "time": "2026-07-08 02:00:00",
    "beaufort_threshold": 7,
    "grade": "超强台风",
    "pressure_hpa": 925.0,
    "wind_ms": 58.0
   }
  },
  {
   "type": "Feature",
   "geometry": {
    "type": "Polygon",
    "coordinates": [
     [
      [
       135.2,
       19.513115198871343
      ],
      [
       135.74919538414753,
       19.4609834510913
      ],
      [
       136.2772854976746,
       19.306591601582525
      ],
      [
       136.7639761336747,
       19.0558728425377
      ],
      [
       137.19056404394559,
       18.718462155262216
      ],
      [
       137.54065569432885,
       18.30732604324598
      ],
      [
       137.80079725903389,
       17.83826423670598
      ],
      [
       137.96099164361814,
       17.329302517814664
      ],
      [
       137.8274104898721,
       16.8
      ],
      [
       137.77692553404358,
       16.305984316706315
      ],
      [
       137.62741077509827,
       15.83095337907442
      ],
      [
       137.38461198137358,
       15.393162359637088
      ],
      [
       137.05785977434923,
       15.009435321755266
      ],
      [
       136.65971105809638,
       14.694518680298147
      ],
      [
       136.20546646449628,
       14.460514505189645
      ],
      [
       135.7125823585377,
       14.316415445648122
      ],
      [
       135.2,
       14.086884801128656
      ],
      [
       134.65080461585245,
       14.139016548908703
      ],
      [
       134.12271450232538,
       14.293408398417476
      ],
      [
       133.63602386632527,
       14.544127157462302
      ],
      [
       133.2094359560544,
       14.881537844737785
      ],
      [
       132.85934430567113,
       15.292673956754024
      ],
      [
       132.5992027409661,
       15.761735763294022
      ],
      [
       132.43900835638183,
       16.270697482185337
      ],
      [
       132.57258951012787,
       16.8
      ],
      [
       132.6230744659564,
       17.294015683293686
      ],
      [
       132.7725892249017,
       17.769046620925582
      ],
      [
       133.0153880186264,
       18.206837640362913
      ],
      [
       133.34214022565075,
       18.590564678244736
      ],
      [
       133.7402889419036,
       18.905481319701853
      ],
      [
       134.1945335355037,
       19.13948549481036
      ],
      [
       134.68741764146228,
       19.28358455435188
      ],
      [
       135.2,
       19.513115198871343
      ]
     ]
    ]
   },
   "properties": {
    "time": "2026-07-08 02:00:00",
    "beaufort_threshold": 10,
    "grade": "超强台风",
    "pressure_hpa": 925.0,
    "wind_ms": 58.0
   }
  },
  {
   "type": "Feature",
   "geometry": {
    "type": "Polygon",
    "coordinates": [
     [
      [
       135.2,
       18.156557599435672
      ],
      [
       135.47459769207376,
       18.13049172554565
      ],
      [
       135.7386427488373,
       18.05329580079126
      ],
      [
       135.98198806683735,
       17.92793642126885
      ],
      [
       136.1952820219728,
       17.75923107763111
      ],
      [
       136.37032784716442,
       17.553663021622988
      ],
      [
       136.50039862951692,
       17.31913211835299
      ],
      [
       136.58049582180905,
       17.064651258907332
      ],
      [
       136.13836088924003,
       16.8
      ],
      [
       136.1203305478727,
       16.62356582739511
      ],
      [
       136.06693241967795,
       16.45391192109801
      ],
      [
       135.98021856477627,
       16.297557985584675
      ],
      [
       135.86352134798184,
       16.160512614912594
      ],
      [
       135.72132537789156,
       16.048042385820768
      ],
      [
       135.55909516589153,
       15.964469466139159
      ],
      [
       135.38306512804917,
       15.913005516302901
      ],
      [
       135.2,
       15.44344240056433
      ],
      [
       134.92540230792622,
       15.469508274454352
      ],
      [
       134.66135725116268,
       15.546704199208738
      ],
      [
       134.41801193316263,
       15.672063578731152
      ],
      [
       134.2047179780272,
       15.840768922368893
      ],
      [
       134.02967215283556,
       16.046336978377013
      ],
      [
       133.89960137048305,
       16.280867881647012
      ],
      [
       133.81950417819093,
       16.53534874109267
      ],
      [
       134.26163911075994,
       16.8
      ],
      [
       134.27966945212728,
       16.97643417260489
      ],
      [
       134.33306758032202,
       17.146088078901993
      ],
      [
       134.4197814352237,
       17.302442014415327
      ],
      [
       134.53647865201813,
       17.439487385087407
      ],
      [
       134.67867462210842,
       17.551957614179234
      ],
      [
       134.84090483410844,
       17.63553053386084
      ],
      [
       135.0169348719508,
       17.6869944836971
      ],
      [
       135.2,
       18.156557599435672
      ]
     ]
    ]
   },
   "properties": {
    "time": "2026-07-08 02:00:00",
    "beaufort_threshold": 12,
    "grade": "超强台风",
    "pressure_hpa": 925.0,
    "wind_ms": 58.0
   }
  },
  {
   "type": "Feature",
   "geometry": {
    "type": "Polygon",
    "coordinates": [
     [
      [
       134.9,
       21.321858664785573
      ],
      [
       135.8153256402459,
       21.234972418485498
      ],
      [
       136.69547582945768,
       20.977652669304206
      ],
      [
       137.50662688945786,
       20.559788070896168
      ],
      [
       138.21760673990934,
       19.99743692543703
      ],
      [
       138.80109282388145,
       19.31221007207663
      ],
      [
       139.2346620983898,
       18.530440394509966
      ],
      [
       139.50165273936358,
       17.68217086302444
      ],
      [
       138.18426311234015,
       16.8
      ],
      [
       138.12115691755452,
       16.182480395882894
      ],
      [
       137.93426346887287,
       15.588691723843025
      ],
      [
       137.63076497671702,
       15.041452949546361
      ],
      [
       137.22232471793654,
       14.561794152194082
      ],
      [
       136.7246388226205,
       14.168148350372684
      ],
      [
       136.15683308062037,
       13.875643131487056
      ],
      [
       135.54072794817213,
       13.695519307060154
      ],
      [
       134.9,
       12.278141335214428
      ],
      [
       133.9846743597541,
       12.365027581514504
      ],
      [
       133.10452417054233,
       12.622347330695794
      ],
      [
       132.29337311054215,
       13.040211929103835
      ],
      [
       131.58239326009067,
       13.602563074562973
      ],
      [
       130.99890717611856,
       14.287789927923372
      ],
      [
       130.5653379016102,
       15.069559605490037
      ],
      [
       130.29834726063643,
       15.917829136975561
      ],
      [
       131.14655644303986,
       16.8
      ],
      [
       131.21867780850914,
       17.50573669041955
      ],
      [
       131.43227032128817,
       18.184352315607974
      ],
      [
       131.77912574089487,
       18.8097680576613
      ],
      [
       132.24591460807252,
       19.357949540349622
      ],
      [
       132.81469848843372,
       19.807830456716932
      ],
      [
       133.46361933643385,
       20.142122135443365
      ],
      [
       134.1677394878033,
       20.347977934788396
      ],
      [
       134.9,
       21.321858664785573
      ]
     ]
    ]
   },
   "properties": {
    "time": "2026-07-08 05:00:00",
    "beaufort_threshold": 7,
    "grade": "超强台风",
    "pressure_hpa": 920.0,
    "wind_ms": 60.0
   }
  },
  {
   "type": "Feature",
   "geometry": {
    "type": "Polygon",
    "coordinates": [
     [
      [
       134.9,
       19.513115198871343
      ],
      [
       135.44919538414754,
       19.4609834510913
      ],
      [
       135.97728549767461,
       19.306591601582525
      ],
      [
       136.46397613367472,
       19.0558728425377
      ],
      [
       136.8905640439456,
       18.718462155262216
      ],
      [
       137.24065569432886,
       18.30732604324598
      ],
      [
       137.5007972590339,
       17.83826423670598
      ],
      [
       137.66099164361816,
       17.329302517814664
      ],
      [
       137.52741048987212,
       16.8
      ],
      [
       137.4769255340436,
       16.305984316706315
      ],
      [
       137.3274107750983,
       15.83095337907442
      ],
      [
       137.0846119813736,
       15.393162359637088
      ],
      [
       136.75785977434924,
       15.009435321755266
      ],
      [
       136.3597110580964,
       14.694518680298147
      ],
      [
       135.9054664644963,
       14.460514505189645
      ],
      [
       135.41258235853772,
       14.316415445648122
      ],
      [
       134.9,
       14.086884801128656
      ],
      [
       134.35080461585247,
       14.139016548908703
      ],
      [
       133.8227145023254,
       14.293408398417476
      ],
      [
       133.3360238663253,
       14.544127157462302
      ],
      [
       132.9094359560544,
       14.881537844737785
      ],
      [
       132.55934430567115,
       15.292673956754024
      ],
      [
       132.2992027409661,
       15.761735763294022
      ],
      [
       132.13900835638185,
       16.270697482185337
      ],
      [
       132.2725895101279,
       16.8
      ],
      [
       132.3230744659564,
       17.294015683293686
      ],
      [
       132.47258922490172,
       17.769046620925582
      ],
      [
       132.7153880186264,
       18.206837640362913
      ],
      [
       133.04214022565077,
       18.590564678244736
      ],
      [
       133.44028894190362,
       18.905481319701853
      ],
      [
       133.8945335355037,
       19.13948549481036
      ],
      [
       134.3874176414623,
       19.28358455435188
      ],
      [
       134.9,
       19.513115198871343
      ]
     ]
    ]
   },
   "properties": {
    "time": "2026-07-08 05:00:00",
    "beaufort_threshold": 10,
    "grade": "超强台风",
    "pressure_hpa": 920.0,
    "wind_ms": 60.0
   }
  },
  {
   "type": "Feature",
   "geometry": {
    "type": "Polygon",
    "coordinates": [
     [
      [
       134.9,
       18.156557599435672
      ],
      [
       135.17459769207377,
       18.13049172554565
      ],
      [
       135.4386427488373,
       18.05329580079126
      ],
      [
       135.68198806683736,
       17.92793642126885
      ],
      [
       135.8952820219728,
       17.75923107763111
      ],
      [
       136.07032784716444,
       17.553663021622988
      ],
      [
       136.20039862951694,
       17.31913211835299
      ],
      [
       136.28049582180907,
       17.064651258907332
      ],
      [
       135.83836088924005,
       16.8
      ],
      [
       135.82033054787271,
       16.62356582739511
      ],
      [
       135.76693241967797,
       16.45391192109801
      ],
      [
       135.68021856477628,
       16.297557985584675
      ],
      [
       135.56352134798186,
       16.160512614912594
      ],
      [
       135.42132537789158,
       16.048042385820768
      ],
      [
       135.25909516589155,
       15.964469466139159
      ],
      [
       135.08306512804918,
       15.913005516302901
      ],
      [
       134.9,
       15.44344240056433
      ],
      [
       134.62540230792624,
       15.469508274454352
      ],
      [
       134.3613572511627,
       15.546704199208738
      ],
      [
       134.11801193316265,
       15.672063578731152
      ],
      [
       133.9047179780272,
       15.840768922368893
      ],
      [
       133.72967215283558,
       16.046336978377013
      ],
      [
       133.59960137048307,
       16.280867881647012
      ],
      [
       133.51950417819094,
       16.53534874109267
      ],
      [
       133.96163911075996,
       16.8
      ],
      [
       133.9796694521273,
       16.97643417260489
      ],
      [
       134.03306758032204,
       17.146088078901993
      ],
      [
       134.11978143522373,
       17.302442014415327
      ],
      [
       134.23647865201815,
       17.439487385087407
      ],
      [
       134.37867462210843,
       17.551957614179234
      ],
      [
       134.54090483410846,
       17.63553053386084
      ],
      [
       134.71693487195083,
       17.6869944836971
      ],
      [
       134.9,
       18.156557599435672
      ]
     ]
    ]
   },
   "properties": {
    "time": "2026-07-08 05:00:00",
    "beaufort_threshold": 12,
    "grade": "超强台风",
    "pressure_hpa": 920.0,
    "wind_ms": 60.0
   }
  },
  {
   "type": "Feature",
   "geometry": {
    "type": "Polygon",
    "coordinates": [
     [
      [
       134.1,
       21.42185866478557
      ],
      [
       135.0158096170441,
       21.334972418485496
      ],
      [
       135.8964251840972,
       21.077652669304207
      ],
      [
       136.70800513877228,
       20.659788070896163
      ],
      [
       137.41936091855047,
       20.097436925437027
      ],
      [
       138.0031555197478,
       19.412210072076626
      ],
      [
       138.43695404323606,
       18.630440394509964
      ],
      [
       138.7040858550346,
       17.782170863024437
      ],
      [
       137.3859996605977,
       16.9
      ],
      [
       137.32286009852422,
       16.282480395882892
      ],
      [
       137.13586783026523,
       15.688691723843023
      ],
      [
       136.83220886382344,
       15.141452949546359
      ],
      [
       136.42355264298533,
       14.66179415219408
      ],
      [
       135.9256035971406,
       14.268148350372682
      ],
      [
       135.35749762886803,
       13.975643131487054
      ],
      [
       134.74106673193089,
       13.795519307060152
      ],
      [
       134.1,
       12.378141335214426
      ],
      [
       133.18419038295588,
       12.465027581514502
      ],
      [
       132.30357481590278,
       12.722347330695792
      ],
      [
       131.4919948612277,
       13.140211929103833
      ],
      [
       130.78063908144952,
       13.70256307456297
      ],
      [
       130.1968444802522,
       14.38778992792337
      ],
      [
       129.76304595676393,
       15.169559605490035
      ],
      [
       129.49591414496538,
       16.01782913697556
      ],
      [
       130.34457181645976,
       16.9
      ],
      [
       130.4167313159723,
       17.605736690419548
      ],
      [
       130.63043676541113,
       18.284352315607972
      ],
      [
       130.97747558420176,
       18.9097680576613
      ],
      [
       131.44451126515963,
       19.45794954034962
      ],
      [
       132.01359588898217,
       19.90783045671693
      ],
      [
       132.66285985272222,
       20.242122135443363
      ],
      [
       133.3673523063647,
       20.447977934788394
      ],
      [
       134.1,
       21.42185866478557
      ]
     ]
    ]
   },
   "properties": {
    "time": "2026-07-08 08:00:00",
    "beaufort_threshold": 7,
    "grade": "超强台风",
    "pressure_hpa": 915.0,
    "wind_ms": 62.0
   }
  },
  {
   "type": "Feature",
   "geometry": {
    "type": "Polygon",
    "coordinates": [
     [
      [
       134.1,
       19.61311519887134
      ],
      [
       134.64948577022648,
       19.560983451091296
      ],
      [
       135.17785511045832,
       19.406591601582523
      ],
      [
       135.66480308326337,
       19.155872842537697
      ],
      [
       136.09161655113027,
       18.818462155262214
      ],
      [
       136.44189331184867,
       18.407326043245977
      ],
      [
       136.70217242594163,
       17.93826423670598
      ],
      [
       136.86245151302077,
       17.429302517814662
      ],
      [
       136.72879972847815,
       16.9
      ],
      [
       136.67828807881938,
       16.405984316706313
      ],
      [
       136.5286942642122,
       15.930953379074419
      ],
      [
       136.28576709105877,
       15.493162359637086
      ],
      [
       135.95884211438826,
       15.109435321755264
      ],
      [
       135.56048287771247,
       14.794518680298145
      ],
      [
       135.10599810309444,
       14.560514505189643
      ],
      [
       134.6128533855447,
       14.41641544564812
      ],
      [
       134.1,
       14.186884801128654
      ],
      [
       133.5505142297735,
       14.239016548908701
      ],
      [
       133.02214488954166,
       14.393408398417474
      ],
      [
       132.53519691673662,
       14.6441271574623
      ],
      [
       132.10838344886972,
       14.981537844737783
      ],
      [
       131.75810668815132,
       15.392673956754022
      ],
      [
       131.49782757405836,
       15.86173576329402
      ],
      [
       131.33754848697922,
       16.370697482185335
      ],
      [
       131.47120027152184,
       16.9
      ],
      [
       131.5217119211806,
       17.394015683293684
      ],
      [
       131.6713057357878,
       17.86904662092558
      ],
      [
       131.91423290894122,
       18.30683764036291
      ],
      [
       132.24115788561173,
       18.690564678244733
      ],
      [
       132.63951712228751,
       19.00548131970185
      ],
      [
       133.09400189690555,
       19.239485494810353
      ],
      [
       133.5871466144553,
       19.383584554351877
      ],
      [
       134.1,
       19.61311519887134
      ]
     ]
    ]
   },
   "properties": {
    "time": "2026-07-08 08:00:00",
    "beaufort_threshold": 10,
    "grade": "超强台风",
    "pressure_hpa": 915.0,
    "wind_ms": 62.0
   }
  },
  {
   "type": "Feature",
   "geometry": {
    "type": "Polygon",
    "coordinates": [
     [
      [
       134.1,
       18.25655759943567
      ],
      [
       134.37474288511322,
       18.230491725545647
      ],
      [
       134.63892755522915,
       18.15329580079126
      ],
      [
       134.88240154163168,
       18.027936421268848
      ],
      [
       135.09580827556513,
       17.859231077631108
      ],
      [
       135.27094665592432,
       17.653663021622986
      ],
      [
       135.40108621297082,
       17.419132118352987
      ],
      [
       135.48122575651038,
       17.16465125890733
      ],
      [
       135.03885704588504,
       16.9
      ],
      [
       135.0208171710069,
       16.72356582739511
      ],
      [
       134.9673908086472,
       16.553911921098006
      ],
      [
       134.88063110394955,
       16.397557985584672
      ],
      [
       134.76387218371008,
       16.260512614912592
      ],
      [
       134.62160102775445,
       16.148042385820766
      ],
      [
       134.45928503681944,
       16.06446946613916
      ],
      [
       134.2831619234088,
       16.0130055163029
      ],
      [
       134.1,
       15.543442400564327
      ],
      [
       133.82525711488677,
       15.56950827445435
      ],
      [
       133.56107244477084,
       15.646704199208736
      ],
      [
       133.3175984583683,
       15.77206357873115
      ],
      [
       133.10419172443486,
       15.94076892236889
      ],
      [
       132.92905334407567,
       16.14633697837701
      ],
      [
       132.79891378702916,
       16.38086788164701
      ],
      [
       132.7187742434896,
       16.635348741092667
      ],
      [
       133.16114295411495,
       16.9
      ],
      [
       133.17918282899308,
       17.076434172604888
      ],
      [
       133.2326091913528,
       17.24608807890199
      ],
      [
       133.31936889605043,
       17.402442014415325
      ],
      [
       133.4361278162899,
       17.539487385087405
      ],
      [
       133.57839897224554,
       17.65195761417923
      ],
      [
       133.74071496318055,
       17.73553053386084
      ],
      [
       133.91683807659118,
       17.786994483697097
      ],
      [
       134.1,
       18.25655759943567
      ]
     ]
    ]
   },
   "properties": {
    "time": "2026-07-08 08:00:00",
    "beaufort_threshold": 12,
    "grade": "超强台风",
    "pressure_hpa": 915.0,
    "wind_ms": 62.0
   }
  },
  {
   "type": "Feature",
   "geometry": {
    "type": "Polygon",
    "coordinates": [
     [
      [
       133.5,
       21.42185866478557
      ],
      [
       134.41580961704412,
       21.334972418485496
      ],
      [
       135.29642518409722,
       21.077652669304207
      ],
      [
       136.10800513877228,
       20.659788070896163
      ],
      [
       136.81936091855047,
       20.097436925437027
      ],
      [
       137.4031555197478,
       19.412210072076626
      ],
      [
       137.83695404323606,
       18.630440394509964
      ],
      [
       138.1040858550346,
       17.782170863024437
      ],
      [
       136.7859996605977,
       16.9
      ],
      [
       136.72286009852422,
       16.282480395882892
      ],
      [
       136.53586783026523,
       15.688691723843023
      ],
      [
       136.23220886382344,
       15.141452949546359
      ],
      [
       135.82355264298533,
       14.66179415219408
      ],
      [
       135.3256035971406,
       14.268148350372682
      ],
      [
       134.75749762886804,
       13.975643131487054
      ],
      [
       134.1410667319309,
       13.795519307060152
      ],
      [
       133.5,
       12.378141335214426
      ],
      [
       132.58419038295588,
       12.465027581514502
      ],
      [
       131.70357481590278,
       12.722347330695792
      ],
      [
       130.89199486122772,
       13.140211929103833
      ],
      [
       130.18063908144953,
       13.70256307456297
      ],
      [
       129.5968444802522,
       14.38778992792337
      ],
      [
       129.16304595676394,
       15.169559605490035
      ],
      [
       128.8959141449654,
       16.01782913697556
      ],
      [
       129.74457181645977,
       16.9
      ],
      [
       129.8167313159723,
       17.605736690419548
      ],
      [
       130.03043676541114,
       18.284352315607972
      ],
      [
       130.37747558420176,
       18.9097680576613
      ],
      [
       130.84451126515964,
       19.45794954034962
      ],
      [
       131.41359588898217,
       19.90783045671693
      ],
      [
       132.06285985272223,
       20.242122135443363
      ],
      [
       132.7673523063647,
       20.447977934788394
      ],
      [
       133.5,
       21.42185866478557
      ]
     ]
    ]
   },
   "properties": {
    "time": "2026-07-08 11:00:00",
    "beaufort_threshold": 7,
    "grade": "超强台风",
    "pressure_hpa": 915.0,
    "wind_ms": 62.0
   }
  },
  {
   "type": "Feature",
   "geometry": {
    "type": "Polygon",
    "coordinates": [
     [
      [
       133.5,
       19.61311519887134
      ],
      [
       134.04948577022648,
       19.560983451091296
      ],
      [
       134.57785511045833,
       19.406591601582523
      ],
      [
       135.06480308326337,
       19.155872842537697
      ],
      [
       135.49161655113028,
       18.818462155262214
      ],
      [
       135.84189331184868,
       18.407326043245977
      ],
      [
       136.10217242594163,
       17.93826423670598
      ],
      [
       136.26245151302078,
       17.429302517814662
      ],
      [
       136.12879972847816,
       16.9
      ],
      [
       136.07828807881938,
       16.405984316706313
      ],
      [
       135.9286942642122,
       15.930953379074419
      ],
      [
       135.68576709105878,
       15.493162359637086
      ],
      [
       135.35884211438827,
       15.109435321755264
      ],
      [
       134.96048287771248,
       14.794518680298145
      ],
      [
       134.50599810309444,
       14.560514505189643
      ],
      [
       134.0128533855447,
       14.41641544564812
      ],
      [
       133.5,
       14.186884801128654
      ],
      [
       132.95051422977352,
       14.239016548908701
      ],
      [
       132.42214488954167,
       14.393408398417474
      ],
      [
       131.93519691673663,
       14.6441271574623
      ],
      [
       131.50838344886972,
       14.981537844737783
      ],
      [
       131.15810668815132,
       15.392673956754022
      ],
      [
       130.89782757405837,
       15.86173576329402
      ],
      [
       130.73754848697922,
       16.370697482185335
      ],
      [
       130.87120027152184,
       16.9
      ],
      [
       130.92171192118062,
       17.394015683293684
      ],
      [
       131.0713057357878,
       17.86904662092558
      ],
      [
       131.31423290894122,
       18.30683764036291
      ],
      [
       131.64115788561173,
       18.690564678244733
      ],
      [
       132.03951712228752,
       19.00548131970185
      ],
      [
       132.49400189690556,
       19.239485494810353
      ],
      [
       132.9871466144553,
       19.383584554351877
      ],
      [
       133.5,
       19.61311519887134
      ]
     ]
    ]
   },
   "properties": {
    "time": "2026-07-08 11:00:00",
    "beaufort_threshold": 10,
    "grade": "超强台风",
    "pressure_hpa": 915.0,
    "wind_ms": 62.0
   }
  },
  {
   "type": "Feature",
   "geometry": {
    "type": "Polygon",
    "coordinates": [
     [
      [
       133.5,
       18.25655759943567
      ],
      [
       133.77474288511323,
       18.230491725545647
      ],
      [
       134.03892755522915,
       18.15329580079126
      ],
      [
       134.28240154163169,
       18.027936421268848
      ],
      [
       134.49580827556514,
       17.859231077631108
      ],
      [
       134.67094665592433,
       17.653663021622986
      ],
      [
       134.80108621297083,
       17.419132118352987
      ],
      [
       134.8812257565104,
       17.16465125890733
      ],
      [
       134.43885704588504,
       16.9
      ],
      [
       134.42081717100692,
       16.72356582739511
      ],
      [
       134.3673908086472,
       16.553911921098006
      ],
      [
       134.28063110394956,
       16.397557985584672
      ],
      [
       134.16387218371008,
       16.260512614912592
      ],
      [
       134.02160102775446,
       16.148042385820766
      ],
      [
       133.85928503681944,
       16.06446946613916
      ],
      [
       133.68316192340882,
       16.0130055163029
      ],
      [
       133.5,
       15.543442400564327
      ],
      [
       133.22525711488677,
       15.56950827445435
      ],
      [
       132.96107244477085,
       15.646704199208736
      ],
      [
       132.71759845836831,
       15.77206357873115
      ],
      [
       132.50419172443486,
       15.94076892236889
      ],
      [
       132.32905334407567,
       16.14633697837701
      ],
      [
       132.19891378702917,
       16.38086788164701
      ],
      [
       132.1187742434896,
       16.635348741092667
      ],
      [
       132.56114295411496,
       16.9
      ],
      [
       132.57918282899308,
       17.076434172604888
      ],
      [
       132.6326091913528,
       17.24608807890199
      ],
      [
       132.71936889605044,
       17.402442014415325
      ],
      [
       132.83612781628992,
       17.539487385087405
      ],
      [
       132.97839897224554,
       17.65195761417923
      ],
      [
       133.14071496318056,
       17.73553053386084
      ],
      [
       133.31683807659118,
       17.786994483697097
      ],
      [
       133.5,
       18.25655759943567
      ]
     ]
    ]
   },
   "properties": {
    "time": "2026-07-08 11:00:00",
    "beaufort_threshold": 12,
    "grade": "超强台风",
    "pressure_hpa": 915.0,
    "wind_ms": 62.0
   }
  },
  {
   "type": "Feature",
   "geometry": {
    "type": "Polygon",
    "coordinates": [
     [
      [
       133.1,
       21.42185866478557
      ],
      [
       134.0158096170441,
       21.334972418485496
      ],
      [
       134.8964251840972,
       21.077652669304207
      ],
      [
       135.70800513877228,
       20.659788070896163
      ],
      [
       136.41936091855047,
       20.097436925437027
      ],
      [
       137.0031555197478,
       19.412210072076626
      ],
      [
       137.43695404323606,
       18.630440394509964
      ],
      [
       137.7040858550346,
       17.782170863024437
      ],
      [
       136.3859996605977,
       16.9
      ],
      [
       136.32286009852422,
       16.282480395882892
      ],
      [
       136.13586783026523,
       15.688691723843023
      ],
      [
       135.83220886382344,
       15.141452949546359
      ],
      [
       135.42355264298533,
       14.66179415219408
      ],
      [
       134.9256035971406,
       14.268148350372682
      ],
      [
       134.35749762886803,
       13.975643131487054
      ],
      [
       133.74106673193089,
       13.795519307060152
      ],
      [
       133.1,
       12.378141335214426
      ],
      [
       132.18419038295588,
       12.465027581514502
      ],
      [
       131.30357481590278,
       12.722347330695792
      ],
      [
       130.4919948612277,
       13.140211929103833
      ],
      [
       129.78063908144952,
       13.70256307456297
      ],
      [
       129.1968444802522,
       14.38778992792337
      ],
      [
       128.76304595676393,
       15.169559605490035
      ],
      [
       128.49591414496538,
       16.01782913697556
      ],
      [
       129.34457181645976,
       16.9
      ],
      [
       129.4167313159723,
       17.605736690419548
      ],
      [
       129.63043676541113,
       18.284352315607972
      ],
      [
       129.97747558420176,
       18.9097680576613
      ],
      [
       130.44451126515963,
       19.45794954034962
      ],
      [
       131.01359588898217,
       19.90783045671693
      ],
      [
       131.66285985272222,
       20.242122135443363
      ],
      [
       132.3673523063647,
       20.447977934788394
      ],
      [
       133.1,
       21.42185866478557
      ]
     ]
    ]
   },
   "properties": {
    "time": "2026-07-08 14:00:00",
    "beaufort_threshold": 7,
    "grade": "超强台风",
    "pressure_hpa": 920.0,
    "wind_ms": 60.0
   }
  },
  {
   "type": "Feature",
   "geometry": {
    "type": "Polygon",
    "coordinates": [
     [
      [
       133.1,
       19.61311519887134
      ],
      [
       133.64948577022648,
       19.560983451091296
      ],
      [
       134.17785511045832,
       19.406591601582523
      ],
      [
       134.66480308326337,
       19.155872842537697
      ],
      [
       135.09161655113027,
       18.818462155262214
      ],
      [
       135.44189331184867,
       18.407326043245977
      ],
      [
       135.70217242594163,
       17.93826423670598
      ],
      [
       135.86245151302077,
       17.429302517814662
      ],
      [
       135.72879972847815,
       16.9
      ],
      [
       135.67828807881938,
       16.405984316706313
      ],
      [
       135.5286942642122,
       15.930953379074419
      ],
      [
       135.28576709105877,
       15.493162359637086
      ],
      [
       134.95884211438826,
       15.109435321755264
      ],
      [
       134.56048287771247,
       14.794518680298145
      ],
      [
       134.10599810309444,
       14.560514505189643
      ],
      [
       133.6128533855447,
       14.41641544564812
      ],
      [
       133.1,
       14.186884801128654
      ],
      [
       132.5505142297735,
       14.239016548908701
      ],
      [
       132.02214488954166,
       14.393408398417474
      ],
      [
       131.53519691673662,
       14.6441271574623
      ],
      [
       131.10838344886972,
       14.981537844737783
      ],
      [
       130.75810668815132,
       15.392673956754022
      ],
      [
       130.49782757405836,
       15.86173576329402
      ],
      [
       130.33754848697922,
       16.370697482185335
      ],
      [
       130.47120027152184,
       16.9
      ],
      [
       130.5217119211806,
       17.394015683293684
      ],
      [
       130.6713057357878,
       17.86904662092558
      ],
      [
       130.91423290894122,
       18.30683764036291
      ],
      [
       131.24115788561173,
       18.690564678244733
      ],
      [
       131.63951712228751,
       19.00548131970185
      ],
      [
       132.09400189690555,
       19.239485494810353
      ],
      [
       132.5871466144553,
       19.383584554351877
      ],
      [
       133.1,
       19.61311519887134
      ]
     ]
    ]
   },
   "properties": {
    "time": "2026-07-08 14:00:00",
    "beaufort_threshold": 10,
    "grade": "超强台风",
    "pressure_hpa": 920.0,
    "wind_ms": 60.0
   }
  },
  {
   "type": "Feature",
   "geometry": {
    "type": "Polygon",
    "coordinates": [
     [
      [
       133.1,
       18.25655759943567
      ],
      [
       133.37474288511322,
       18.230491725545647
      ],
      [
       133.63892755522915,
       18.15329580079126
      ],
      [
       133.88240154163168,
       18.027936421268848
      ],
      [
       134.09580827556513,
       17.859231077631108
      ],
      [
       134.27094665592432,
       17.653663021622986
      ],
      [
       134.40108621297082,
       17.419132118352987
      ],
      [
       134.48122575651038,
       17.16465125890733
      ],
      [
       134.03885704588504,
       16.9
      ],
      [
       134.0208171710069,
       16.72356582739511
      ],
      [
       133.9673908086472,
       16.553911921098006
      ],
      [
       133.88063110394955,
       16.397557985584672
      ],
      [
       133.76387218371008,
       16.260512614912592
      ],
      [
       133.62160102775445,
       16.148042385820766
      ],
      [
       133.45928503681944,
       16.06446946613916
      ],
      [
       133.2831619234088,
       16.0130055163029
      ],
      [
       133.1,
       15.543442400564327
      ],
      [
       132.82525711488677,
       15.56950827445435
      ],
      [
       132.56107244477084,
       15.646704199208736
      ],
      [
       132.3175984583683,
       15.77206357873115
      ],
      [
       132.10419172443486,
       15.94076892236889
      ],
      [
       131.92905334407567,
       16.14633697837701
      ],
      [
       131.79891378702916,
       16.38086788164701
      ],
      [
       131.7187742434896,
       16.635348741092667
      ],
      [
       132.16114295411495,
       16.9
      ],
      [
       132.17918282899308,
       17.076434172604888
      ],
      [
       132.2326091913528,
       17.24608807890199
      ],
      [
       132.31936889605043,
       17.402442014415325
      ],
      [
       132.4361278162899,
       17.539487385087405
      ],
      [
       132.57839897224554,
       17.65195761417923
      ],
      [
       132.74071496318055,
       17.73553053386084
      ],
      [
       132.91683807659118,
       17.786994483697097
      ],
      [
       133.1,
       18.25655759943567
      ]
     ]
    ]
   },
   "properties": {
    "time": "2026-07-08 14:00:00",
    "beaufort_threshold": 12,
    "grade": "超强台风",
    "pressure_hpa": 920.0,
    "wind_ms": 60.0
   }
  },
  {
   "type": "Feature",
   "geometry": {
    "type": "Polygon",
    "coordinates": [
     [
      [
       132.5,
       21.621858664785574
      ],
      [
       133.41678749314076,
       21.5349724184855
      ],
      [
       134.2983433570605,
       21.27765266930421
      ],
      [
       135.11078989429095,
       20.859788070896165
      ],
      [
       135.82290524003164,
       20.29743692543703
      ],
      [
       136.40732320090467,
       19.61221007207663
      ],
      [
       136.841584922419,
       18.830440394509967
      ],
      [
       137.10900197015366,
       17.98217086302444
      ],
      [
       135.78950835985336,
       17.1
      ],
      [
       135.72630137910755,
       16.482480395882895
      ],
      [
       135.5391094456933,
       15.888691723843026
      ],
      [
       135.23512624063326,
       15.341452949546362
      ],
      [
       134.82603366802215,
       14.861794152194083
      ],
      [
       134.32755292600368,
       14.468148350372685
      ],
      [
       133.75884034994235,
       14.175643131487057
      ],
      [
       133.14175124519855,
       13.995519307060155
      ],
      [
       132.5,
       12.57814133521443
      ],
      [
       131.58321250685924,
       12.665027581514504
      ],
      [
       130.7016566429395,
       12.922347330695795
      ],
      [
       129.88921010570905,
       13.340211929103836
      ],
      [
       129.17709475996836,
       13.902563074562973
      ],
      [
       128.59267679909533,
       14.587789927923373
      ],
      [
       128.158415077581,
       15.369559605490037
      ],
      [
       127.89099802984634,
       16.217829136975563
      ],
      [
       128.7405618744533,
       17.1
      ],
      [
       128.81279842387707,
       17.80573669041955
      ],
      [
       129.0267320620648,
       18.484352315607975
      ],
      [
       129.3741414392763,
       19.109768057661302
      ],
      [
       129.8416758079747,
       19.657949540349623
      ],
      [
       130.41136808456724,
       20.107830456716933
      ],
      [
       131.06132531435162,
       20.442122135443366
      ],
      [
       131.76657000548738,
       20.647977934788397
      ],
      [
       132.5,
       21.621858664785574
      ]
     ]
    ]
   },
   "properties": {
    "time": "2026-07-08 17:00:00",
    "beaufort_threshold": 7,
    "grade": "超强台风",
    "pressure_hpa": 925.0,
    "wind_ms": 58.0
   }
  },
  {
   "type": "Feature",
   "geometry": {
    "type": "Polygon",
    "coordinates": [
     [
      [
       132.5,
       19.813115198871344
      ],
      [
       133.05007249588445,
       19.7609834510913
      ],
      [
       133.57900601423628,
       19.606591601582526
      ],
      [
       134.06647393657457,
       19.3558728425377
      ],
      [
       134.493743144019,
       19.018462155262217
      ],
      [
       134.84439392054279,
       18.60732604324598
      ],
      [
       135.1049509534514,
       18.138264236705982
      ],
      [
       135.26540118209218,
       17.629302517814665
      ],
      [
       135.13160668788268,
       17.1
      ],
      [
       135.08104110328605,
       16.605984316706316
      ],
      [
       134.93128755655465,
       16.13095337907442
      ],
      [
       134.6881009925066,
       15.693162359637089
      ],
      [
       134.36082693441773,
       15.309435321755267
      ],
      [
       133.96204234080292,
       14.994518680298148
      ],
      [
       133.5070722799539,
       14.760514505189645
      ],
      [
       133.01340099615882,
       14.616415445648123
      ],
      [
       132.5,
       14.386884801128657
      ],
      [
       131.94992750411555,
       14.439016548908704
      ],
      [
       131.42099398576372,
       14.593408398417477
      ],
      [
       130.93352606342543,
       14.844127157462303
      ],
      [
       130.506256855981,
       15.181537844737786
      ],
      [
       130.15560607945721,
       15.592673956754025
      ],
      [
       129.8950490465486,
       16.061735763294024
      ],
      [
       129.73459881790782,
       16.570697482185338
      ],
      [
       129.86839331211732,
       17.1
      ],
      [
       129.91895889671395,
       17.594015683293687
      ],
      [
       130.06871244344535,
       18.069046620925583
      ],
      [
       130.3118990074934,
       18.506837640362914
      ],
      [
       130.63917306558227,
       18.890564678244736
      ],
      [
       131.03795765919708,
       19.205481319701853
      ],
      [
       131.49292772004614,
       19.439485494810356
      ],
      [
       131.98659900384118,
       19.58358455435188
      ],
      [
       132.5,
       19.813115198871344
      ]
     ]
    ]
   },
   "properties": {
    "time": "2026-07-08 17:00:00",
    "beaufort_threshold": 10,
    "grade": "超强台风",
    "pressure_hpa": 925.0,
    "wind_ms": 58.0
   }
  },
  {
   "type": "Feature",
   "geometry": {
    "type": "Polygon",
    "coordinates": [
     [
      [
       132.5,
       18.456557599435673
      ],
      [
       132.77503624794224,
       18.43049172554565
      ],
      [
       133.03950300711816,
       18.353295800791262
      ],
      [
       133.2832369682873,
       18.22793642126885
      ],
      [
       133.4968715720095,
       18.05923107763111
      ],
      [
       133.6721969602714,
       17.85366302162299
      ],
      [
       133.8024754767257,
       17.61913211835299
      ],
      [
       133.8827005910461,
       17.364651258907333
      ],
      [
       133.43985953138667,
       17.1
      ],
      [
       133.42180039403073,
       16.923565827395112
      ],
      [
       133.3683169844838,
       16.75391192109801
      ],
      [
       133.28146464018093,
       16.597557985584675
      ],
      [
       133.16458104800634,
       16.460512614912595
      ],
      [
       133.0221579788582,
       16.34804238582077
      ],
      [
       132.8596686714121,
       16.26446946613916
      ],
      [
       132.68335749862814,
       16.213005516302903
      ],
      [
       132.5,
       15.74344240056433
      ],
      [
       132.22496375205776,
       15.769508274454353
      ],
      [
       131.96049699288184,
       15.84670419920874
      ],
      [
       131.7167630317127,
       15.972063578731152
      ],
      [
       131.5031284279905,
       16.140768922368892
      ],
      [
       131.3278030397286,
       16.346336978377014
      ],
      [
       131.1975245232743,
       16.580867881647013
      ],
      [
       131.1172994089539,
       16.83534874109267
      ],
      [
       131.56014046861333,
       17.1
      ],
      [
       131.57819960596927,
       17.27643417260489
      ],
      [
       131.6316830155162,
       17.446088078901994
      ],
      [
       131.71853535981907,
       17.602442014415328
      ],
      [
       131.83541895199366,
       17.739487385087408
      ],
      [
       131.9778420211418,
       17.851957614179234
      ],
      [
       132.1403313285879,
       17.93553053386084
      ],
      [
       132.31664250137186,
       17.9869944836971
      ],
      [
       132.5,
       18.456557599435673
      ]
     ]
    ]
   },
   "properties": {
    "time": "2026-07-08 17:00:00",
    "beaufort_threshold": 12,
    "grade": "超强台风",
    "pressure_hpa": 925.0,
    "wind_ms": 58.0
   }
  },
  {
   "type": "Feature",
   "geometry": {
    "type": "Polygon",
    "coordinates": [
     [
      [
       131.9,
       21.821858664785573
      ],
      [
       132.8177786545643,
       21.734972418485498
      ],
      [
       133.7002875901299,
       21.477652669304206
      ],
      [
       134.51361248321973,
       21.059788070896168
      ],
      [
       135.2264977143102,
       20.49743692543703
      ],
      [
       135.81154750376112,
       19.81221007207663
      ],
      [
       136.24627871626362,
       19.030440394509966
      ],
      [
       136.51398487512128,
       18.18217086302444
      ],
      [
       135.1930647279464,
       17.3
      ],
      [
       135.1297894125849,
       16.682480395882894
      ],
      [
       134.94239510138453,
       16.088691723843024
      ],
      [
       134.63808325263278,
       15.541452949546361
      ],
      [
       134.22854840001713,
       15.061794152194082
      ],
      [
       133.7295287382538,
       14.668148350372684
      ],
      [
       133.16020131309094,
       14.375643131487056
      ],
      [
       132.54244505819503,
       14.195519307060154
      ],
      [
       131.9,
       12.778141335214428
      ],
      [
       130.9822213454357,
       12.865027581514504
      ],
      [
       130.0997124098701,
       13.122347330695794
      ],
      [
       129.28638751678028,
       13.540211929103835
      ],
      [
       128.5735022856898,
       14.102563074562973
      ],
      [
       127.9884524962389,
       14.787789927923372
      ],
      [
       127.55372128373641,
       15.569559605490037
      ],
      [
       127.28601512487873,
       16.417829136975563
      ],
      [
       128.13649745377555,
       17.3
      ],
      [
       128.20881209990299,
       18.00573669041955
      ],
      [
       128.42297702698912,
       18.684352315607974
      ],
      [
       128.77076199699113,
       19.3097680576613
      ],
      [
       129.23880182855186,
       19.857949540349622
      ],
      [
       129.80911001342423,
       20.307830456716932
      ],
      [
       130.45976992789608,
       20.642122135443365
      ],
      [
       131.16577707634855,
       20.847977934788396
      ],
      [
       131.9,
       21.821858664785573
      ]
     ]
    ]
   },
   "properties": {
    "time": "2026-07-08 20:00:00",
    "beaufort_threshold": 7,
    "grade": "超强台风",
    "pressure_hpa": 925.0,
    "wind_ms": 58.0
   }
  },
  {
   "type": "Feature",
   "geometry": {
    "type": "Polygon",
    "coordinates": [
     [
      [
       131.9,
       20.013115198871343
      ],
      [
       132.4506671927386,
       19.9609834510913
      ],
      [
       132.98017255407794,
       19.806591601582525
      ],
      [
       133.46816748993183,
       19.5558728425377
      ],
      [
       133.8958986285861,
       19.218462155262216
      ],
      [
       134.24692850225668,
       18.80732604324598
      ],
      [
       134.50776722975817,
       18.33826423670598
      ],
      [
       134.66839092507277,
       17.829302517814664
      ],
      [
       134.5344517823571,
       17.3
      ],
      [
       134.48383153006793,
       16.805984316706315
      ],
      [
       134.33391608110762,
       16.33095337907442
      ],
      [
       134.09046660210623,
       15.893162359637088
      ],
      [
       133.76283872001372,
       15.509435321755266
      ],
      [
       133.36362299060306,
       15.194518680298147
      ],
      [
       132.90816105047276,
       14.960514505189645
      ],
      [
       132.41395604655602,
       14.816415445648122
      ],
      [
       131.9,
       14.586884801128656
      ],
      [
       131.34933280726142,
       14.639016548908703
      ],
      [
       130.81982744592207,
       14.793408398417476
      ],
      [
       130.33183251006818,
       15.044127157462302
      ],
      [
       129.9041013714139,
       15.381537844737785
      ],
      [
       129.55307149774333,
       15.792673956754024
      ],
      [
       129.29223277024184,
       16.261735763294023
      ],
      [
       129.13160907492724,
       16.770697482185337
      ],
      [
       129.2655482176429,
       17.3
      ],
      [
       129.31616846993208,
       17.794015683293686
      ],
      [
       129.4660839188924,
       18.269046620925582
      ],
      [
       129.70953339789378,
       18.706837640362913
      ],
      [
       130.0371612799863,
       19.090564678244736
      ],
      [
       130.43637700939695,
       19.405481319701853
      ],
      [
       130.89183894952725,
       19.63948549481036
      ],
      [
       131.386043953444,
       19.78358455435188
      ],
      [
       131.9,
       20.013115198871343
      ]
     ]
    ]
   },
   "properties": {
    "time": "2026-07-08 20:00:00",
    "beaufort_threshold": 10,
    "grade": "超强台风",
    "pressure_hpa": 925.0,
    "wind_ms": 58.0
   }
  },
  {
   "type": "Feature",
   "geometry": {
    "type": "Polygon",
    "coordinates": [
     [
      [
       131.9,
       18.656557599435672
      ],
      [
       132.17533359636928,
       18.63049172554565
      ],
      [
       132.44008627703897,
       18.55329580079126
      ],
      [
       132.68408374496593,
       18.42793642126885
      ],
      [
       132.89794931429307,
       18.25923107763111
      ],
      [
       133.07346425112834,
       18.053663021622988
      ],
      [
       133.2038836148791,
       17.81913211835299
      ],
      [
       133.2841954625364,
       17.564651258907332
      ],
      [
       132.84087563655612,
       17.3
      ],
      [
       132.82279697502426,
       17.12356582739511
      ],
      [
       132.76925574325273,
       16.95391192109801
      ],
      [
       132.68230950075224,
       16.797557985584675
      ],
      [
       132.56529954286205,
       16.660512614912594
      ],
      [
       132.42272249664396,
       16.548042385820768
      ],
      [
       132.26005751802597,
       16.46446946613916
      ],
      [
       132.08355573091288,
       16.413005516302903
      ],
      [
       131.9,
       15.94344240056433
      ],
      [
       131.62466640363073,
       15.969508274454352
      ],
      [
       131.35991372296104,
       16.04670419920874
      ],
      [
       131.11591625503408,
       16.17206357873115
      ],
      [
       130.90205068570694,
       16.34076892236889
      ],
      [
       130.72653574887167,
       16.546336978377013
      ],
      [
       130.59611638512092,
       16.780867881647012
      ],
      [
       130.51580453746362,
       17.03534874109267
      ],
      [
       130.9591243634439,
       17.3
      ],
      [
       130.97720302497575,
       17.47643417260489
      ],
      [
       131.03074425674728,
       17.646088078901993
      ],
      [
       131.11769049924777,
       17.802442014415327
      ],
      [
       131.23470045713796,
       17.939487385087407
      ],
      [
       131.37727750335605,
       18.051957614179234
      ],
      [
       131.53994248197404,
       18.13553053386084
      ],
      [
       131.71644426908713,
       18.1869944836971
      ],
      [
       131.9,
       18.656557599435672
      ]
     ]
    ]
   },
   "properties": {
    "time": "2026-07-08 20:00:00",
    "beaufort_threshold": 12,
    "grade": "超强台风",
    "pressure_hpa": 925.0,
    "wind_ms": 58.0
   }
  },
  {
   "type": "Feature",
   "geometry": {
    "type": "Polygon",
    "coordinates": [
     [
      [
       131.4,
       22.021858664785572
      ],
      [
       132.3187831686445,
       21.934972418485497
      ],
      [
       133.2022580153775,
       21.67765266930421
      ],
      [
       134.01647309729753,
       21.259788070896164
      ],
      [
       134.7301385854234,
       20.697436925437028
      ],
      [
       135.3158287152747,
       20.012210072076627
      ],
      [
       135.75103574362004,
       19.230440394509966
      ],
      [
       136.019034908427,
       18.382170863024438
      ],
      [
       134.6966690064614,
       17.5
      ],
      [
       134.63332443589888,
       16.882480395882894
      ],
      [
       134.445725020534,
       16.288691723843023
      ],
      [
       134.14108010069228,
       15.74145294954636
      ],
      [
       133.73109700979637,
       15.261794152194081
      ],
      [
       133.23153116810826,
       14.868148350372683
      ],
      [
       132.66158061076428,
       14.575643131487055
      ],
      [
       132.04314821805116,
       14.395519307060153
      ],
      [
       131.4,
       12.978141335214428
      ],
      [
       130.4812168313555,
       13.065027581514503
      ],
      [
       129.5977419846225,
       13.322347330695793
      ],
      [
       128.78352690270248,
       13.740211929103834
      ],
      [
       128.06986141457662,
       14.302563074562972
      ],
      [
       127.48417128472532,
       14.987789927923371
      ],
      [
       127.04896425637999,
       15.769559605490036
      ],
      [
       126.78096509157302,
       16.617829136975562
      ],
      [
       127.63237827832982,
       17.5
      ],
      [
       127.70477207325841,
       18.20573669041955
      ],
      [
       127.919171405104,
       18.884352315607973
      ],
      [
       128.26733702778026,
       19.5097680576613
      ],
      [
       128.73588913166128,
       20.05794954034962
      ],
      [
       129.30682152216198,
       20.50783045671693
      ],
      [
       129.958193587698,
       20.842122135443365
      ],
      [
       130.66497346508442,
       21.047977934788396
      ],
      [
       131.4,
       22.021858664785572
      ]
     ]
    ]
   },
   "properties": {
    "time": "2026-07-08 23:00:00",
    "beaufort_threshold": 7,
    "grade": "超强台风",
    "pressure_hpa": 925.0,
    "wind_ms": 58.0
   }
  },
  {
   "type": "Feature",
   "geometry": {
    "type": "Polygon",
    "coordinates": [
     [
      [
       131.4,
       20.213115198871343
      ],
      [
       131.9512699011867,
       20.160983451091298
      ],
      [
       132.4813548092265,
       20.006591601582524
      ],
      [
       132.96988385837852,
       19.7558728425377
      ],
      [
       133.39808315125404,
       19.418462155262215
      ],
      [
       133.74949722916483,
       19.00732604324598
      ],
      [
       134.01062144617202,
       18.53826423670598
      ],
      [
       134.17142094505618,
       18.029302517814664
      ],
      [
       134.03733520516914,
       17.5
      ],
      [
       133.9866595487191,
       17.005984316706314
      ],
      [
       133.8365800164272,
       16.53095337907442
      ],
      [
       133.59286408055382,
       16.093162359637088
      ],
      [
       133.26487760783712,
       15.709435321755265
      ],
      [
       132.8652249344866,
       15.394518680298146
      ],
      [
       132.40926448861143,
       15.160514505189644
      ],
      [
       131.91451857444093,
       15.016415445648121
      ],
      [
       131.4,
       14.786884801128656
      ],
      [
       130.84873009881332,
       14.839016548908702
      ],
      [
       130.3186451907735,
       14.993408398417476
      ],
      [
       129.8301161416215,
       15.244127157462302
      ],
      [
       129.40191684874597,
       15.581537844737785
      ],
      [
       129.05050277083518,
       15.992673956754023
      ],
      [
       128.789378553828,
       16.461735763294023
      ],
      [
       128.62857905494383,
       16.970697482185336
      ],
      [
       128.76266479483087,
       17.5
      ],
      [
       128.8133404512809,
       17.994015683293686
      ],
      [
       128.9634199835728,
       18.46904662092558
      ],
      [
       129.2071359194462,
       18.906837640362912
      ],
      [
       129.5351223921629,
       19.290564678244735
      ],
      [
       129.9347750655134,
       19.605481319701852
      ],
      [
       130.39073551138858,
       19.839485494810354
      ],
      [
       130.88548142555908,
       19.98358455435188
      ],
      [
       131.4,
       20.213115198871343
      ]
     ]
    ]
   },
   "properties": {
    "time": "2026-07-08 23:00:00",
    "beaufort_threshold": 10,
    "grade": "超强台风",
    "pressure_hpa": 925.0,
    "wind_ms": 58.0
   }
  },
  {
   "type": "Feature",
   "geometry": {
    "type": "Polygon",
    "coordinates": [
     [
      [
       131.4,
       18.85655759943567
      ],
      [
       131.67563495059335,
       18.83049172554565
      ],
      [
       131.94067740461327,
       18.75329580079126
      ],
      [
       132.18494192918925,
       18.62793642126885
      ],
      [
       132.39904157562702,
       18.45923107763111
      ],
      [
       132.5747486145824,
       18.253663021622987
      ],
      [
       132.705310723086,
       18.01913211835299
      ],
      [
       132.7857104725281,
       17.76465125890733
      ],
      [
       132.34190543041754,
       17.5
      ],
      [
       132.3238069816854,
       17.32356582739511
      ],
      [
       132.270207148724,
       17.153911921098008
      ],
      [
       132.18316574305496,
       16.997557985584674
      ],
      [
       132.0660277170847,
       16.860512614912594
      ],
      [
       131.9232946194595,
       16.748042385820767
      ],
      [
       131.7604516030755,
       16.66446946613916
      ],
      [
       131.5837566337289,
       16.613005516302902
      ],
      [
       131.4,
       16.14344240056433
      ],
      [
       131.12436504940666,
       16.16950827445435
      ],
      [
       130.85932259538674,
       16.246704199208736
      ],
      [
       130.61505807081076,
       16.37206357873115
      ],
      [
       130.400958424373,
       16.54076892236889
      ],
      [
       130.2252513854176,
       16.746336978377013
      ],
      [
       130.094689276914,
       16.98086788164701
      ],
      [
       130.0142895274719,
       17.23534874109267
      ],
      [
       130.45809456958247,
       17.5
      ],
      [
       130.4761930183146,
       17.67643417260489
      ],
      [
       130.529792851276,
       17.846088078901992
      ],
      [
       130.61683425694505,
       18.002442014415326
      ],
      [
       130.73397228291532,
       18.139487385087406
      ],
      [
       130.8767053805405,
       18.251957614179233
      ],
      [
       131.03954839692452,
       18.33553053386084
      ],
      [
       131.2162433662711,
       18.386994483697098
      ],
      [
       131.4,
       18.85655759943567
      ]
     ]
    ]
   },
   "properties": {
    "time": "2026-07-08 23:00:00",
    "beaufort_threshold": 12,
    "grade": "超强台风",
    "pressure_hpa": 925.0,
    "wind_ms": 58.0
   }
  },
  {
   "type": "Feature",
   "geometry": {
    "type": "Polygon",
    "coordinates": [
     [
      [
       130.9,
       22.22185866478557
      ],
      [
       131.8198011037933,
       22.134972418485496
      ],
      [
       132.70425476699825,
       21.877652669304204
      ],
      [
       133.51937193134518,
       21.459788070896167
      ],
      [
       134.2338281013312,
       20.897436925437027
      ],
      [
       134.82016712701542,
       20.21221007207663
      ],
      [
       135.2558563284635,
       19.430440394509965
      ],
      [
       135.52415241400107,
       18.582170863024437
      ],
      [
       134.2003214408662,
       17.7
      ],
      [
       134.13690668980075,
       17.082480395882893
      ],
      [
       133.94909942992444,
       16.488691723843022
      ],
      [
       133.6441169889108,
       15.94145294954636
      ],
      [
       133.23367967093185,
       15.46179415219408
      ],
      [
       132.73356035194163,
       15.068148350372683
      ],
      [
       132.1629783368988,
       14.775643131487055
      ],
      [
       131.54386077265534,
       14.595519307060153
      ],
      [
       130.9,
       13.178141335214427
      ],
      [
       129.9801988962067,
       13.265027581514502
      ],
      [
       129.09574523300176,
       13.522347330695792
      ],
      [
       128.28062806865483,
       13.940211929103834
      ],
      [
       127.5661718986688,
       14.502563074562971
      ],
      [
       126.97983287298459,
       15.18778992792337
      ],
      [
       126.54414367153653,
       15.969559605490035
      ],
      [
       126.27584758599895,
       16.81782913697556
      ],
      [
       127.12820406758149,
       17.7
      ],
      [
       127.20067806879915,
       18.40573669041955
      ],
      [
       127.41531493722923,
       19.084352315607973
      ],
      [
       127.76386629838767,
       19.7097680576613
      ],
      [
       128.23293751893505,
       20.25794954034962
      ],
      [
       128.80450245492386,
       20.70783045671693
      ],
      [
       129.4565961864014,
       21.042122135443364
      ],
      [
       130.16415911696535,
       21.247977934788395
      ],
      [
       130.9,
       22.22185866478557
      ]
     ]
    ]
   },
   "properties": {
    "time": "2026-07-09 02:00:00",
    "beaufort_threshold": 7,
    "grade": "超强台风",
    "pressure_hpa": 925.0,
    "wind_ms": 58.0
   }
  },
  {
   "type": "Feature",
   "geometry": {
    "type": "Polygon",
    "coordinates": [
     [
      [
       130.9,
       20.413115198871342
      ],
      [
       131.45188066227598,
       20.360983451091297
      ],
      [
       131.98255286019895,
       20.206591601582524
      ],
      [
       132.47162315880712,
       19.955872842537698
      ],
      [
       132.90029686079873,
       19.618462155262215
      ],
      [
       133.25210027620926,
       19.207326043245978
      ],
      [
       133.5135137970781,
       18.73826423670598
      ],
      [
       133.67449144840063,
       18.229302517814663
      ],
      [
       133.54025715269296,
       17.7
      ],
      [
       133.4895253518406,
       17.205984316706314
      ],
      [
       133.33927954393957,
       16.730953379074418
      ],
      [
       133.09529359112864,
       16.293162359637087
      ],
      [
       132.76694373674547,
       15.909435321755264
      ],
      [
       132.3668482815533,
       15.594518680298146
      ],
      [
       131.91038266951904,
       15.360514505189643
      ],
      [
       131.41508861812426,
       15.21641544564812
      ],
      [
       130.9,
       14.986884801128655
      ],
      [
       130.34811933772403,
       15.039016548908702
      ],
      [
       129.81744713980106,
       15.193408398417475
      ],
      [
       129.3283768411929,
       15.444127157462301
      ],
      [
       128.89970313920128,
       15.781537844737784
      ],
      [
       128.54789972379075,
       16.19267395675402
      ],
      [
       128.2864862029219,
       16.661735763294022
      ],
      [
       128.12550855159938,
       17.170697482185336
      ],
      [
       128.25974284730705,
       17.7
      ],
      [
       128.3104746481594,
       18.194015683293685
      ],
      [
       128.46072045606044,
       18.66904662092558
      ],
      [
       128.70470640887137,
       19.10683764036291
      ],
      [
       129.03305626325454,
       19.490564678244734
      ],
      [
       129.4331517184467,
       19.80548131970185
      ],
      [
       129.88961733048097,
       20.039485494810357
      ],
      [
       130.38491138187575,
       20.183584554351878
      ],
      [
       130.9,
       20.413115198871342
      ]
     ]
    ]
   },
   "properties": {
    "time": "2026-07-09 02:00:00",
    "beaufort_threshold": 10,
    "grade": "超强台风",
    "pressure_hpa": 925.0,
    "wind_ms": 58.0
   }
  },
  {
   "type": "Feature",
   "geometry": {
    "type": "Polygon",
    "coordinates": [
     [
      [
       130.9,
       19.05655759943567
      ],
      [
       131.175940331138,
       19.030491725545648
      ],
      [
       131.4412764300995,
       18.95329580079126
      ],
      [
       131.68581157940355,
       18.82793642126885
      ],
      [
       131.90014843039935,
       18.65923107763111
      ],
      [
       132.07605013810462,
       18.453663021622987
      ],
      [
       132.20675689853906,
       18.219132118352988
      ],
      [
       132.28724572420032,
       17.96465125890733
      ],
      [
       131.84294898310463,
       17.7
      ],
      [
       131.82483048280022,
       17.52356582739511
      ],
      [
       131.77117126569271,
       17.353911921098007
      ],
      [
       131.6840334254031,
       17.197557985584673
      ],
      [
       131.56676562026624,
       17.060512614912593
      ],
      [
       131.42387438626903,
       16.948042385820766
      ],
      [
       131.26085095339965,
       16.86446946613916
      ],
      [
       131.08396022075866,
       16.8130055163029
      ],
      [
       130.9,
       16.343442400564328
      ],
      [
       130.624059668862,
       16.36950827445435
      ],
      [
       130.35872356990052,
       16.44670419920874
      ],
      [
       130.11418842059646,
       16.57206357873115
      ],
      [
       129.89985156960066,
       16.74076892236889
      ],
      [
       129.7239498618954,
       16.946336978377012
      ],
      [
       129.59324310146096,
       17.18086788164701
      ],
      [
       129.5127542757997,
       17.435348741092668
      ],
      [
       129.95705101689538,
       17.7
      ],
      [
       129.9751695171998,
       17.87643417260489
      ],
      [
       130.0288287343073,
       18.04608807890199
      ],
      [
       130.1159665745969,
       18.202442014415325
      ],
      [
       130.23323437973377,
       18.339487385087406
      ],
      [
       130.37612561373098,
       18.451957614179232
      ],
      [
       130.53914904660036,
       18.53553053386084
      ],
      [
       130.71603977924136,
       18.586994483697097
      ],
      [
       130.9,
       19.05655759943567
      ]
     ]
    ]
   },
   "properties": {
    "time": "2026-07-09 02:00:00",
    "beaufort_threshold": 12,
    "grade": "超强台风",
    "pressure_hpa": 925.0,
    "wind_ms": 58.0
   }
  },
  {
   "type": "Feature",
   "geometry": {
    "type": "Polygon",
    "coordinates": [
     [
      [
       130.5,
       22.42185866478557
      ],
      [
       131.4208325295169,
       22.334972418485496
      ],
      [
       132.30627798133327,
       22.077652669304207
      ],
      [
       133.1223091832994,
       21.659788070896163
      ],
      [
       133.83756651395925,
       21.097436925437027
      ],
      [
       134.4245630352165,
       20.412210072076626
      ],
      [
       134.8607407999507,
       19.630440394509964
      ],
      [
       135.1293377412744,
       18.782170863024437
      ],
      [
       133.80402228055442,
       17.9
      ],
      [
       133.74053641889208,
       17.282480395882892
      ],
      [
       133.55251855996548,
       16.68869172384302
      ],
      [
       133.24719412465154,
       16.14145294954636
      ],
      [
       132.83629655977145,
       15.66179415219408
      ],
      [
       132.33561642830958,
       15.268148350372682
      ],
      [
       131.7643945869333,
       14.975643131487054
      ],
      [
       131.14458277066183,
       14.795519307060152
      ],
      [
       130.5,
       13.378141335214426
      ],
      [
       129.5791674704831,
       13.465027581514502
      ],
      [
       128.69372201866673,
       13.722347330695792
      ],
      [
       127.8776908167006,
       14.140211929103833
      ],
      [
       127.16243348604075,
       14.70256307456297
      ],
      [
       126.5754369647835,
       15.38778992792337
      ],
      [
       126.13925920004931,
       16.169559605490036
      ],
      [
       125.8706622587256,
       17.01782913697556
      ],
      [
       126.72397453650925,
       17.9
      ],
      [
       126.79652980698047,
       18.605736690419548
      ],
      [
       127.01140736003944,
       19.284352315607972
      ],
      [
       127.3603495718268,
       19.9097680576613
      ],
      [
       127.82994678883261,
       20.45794954034962
      ],
      [
       128.40215265336047,
       20.90783045671693
      ],
      [
       129.0549776149334,
       21.242122135443363
      ],
      [
       129.7633339763865,
       21.447977934788394
      ],
      [
       130.5,
       22.42185866478557
      ]
     ]
    ]
   },
   "properties": {
    "time": "2026-07-09 05:00:00",
    "beaufort_threshold": 7,
    "grade": "超强台风",
    "pressure_hpa": 930.0,
    "wind_ms": 55.0
   }
  },
  {
   "type": "Feature",
   "geometry": {
    "type": "Polygon",
    "coordinates": [
     [
      [
       130.5,
       20.61311519887134
      ],
      [
       131.05249951771015,
       20.560983451091296
      ],
      [
       131.58376678879998,
       20.406591601582523
      ],
      [
       132.07338550997963,
       20.155872842537697
      ],
      [
       132.50253990837555,
       19.818462155262214
      ],
      [
       132.8547378211299,
       19.407326043245977
      ],
      [
       133.11644447997043,
       18.93826423670598
      ],
      [
       133.27760264476464,
       18.429302517814662
      ],
      [
       133.14321782444352,
       17.9
      ],
      [
       133.09242913511366,
       17.405984316706313
      ],
      [
       132.9420148479724,
       16.930953379074417
      ],
      [
       132.69775529972125,
       16.493162359637086
      ],
      [
       132.36903724781718,
       16.109435321755264
      ],
      [
       131.96849314264765,
       15.794518680298145
      ],
      [
       131.51151566954664,
       15.560514505189643
      ],
      [
       131.01566621652947,
       15.41641544564812
      ],
      [
       130.5,
       15.186884801128654
      ],
      [
       129.94750048228985,
       15.239016548908701
      ],
      [
       129.41623321120002,
       15.393408398417474
      ],
      [
       128.92661449002037,
       15.6441271574623
      ],
      [
       128.49746009162445,
       15.981537844737783
      ],
      [
       128.1452621788701,
       16.39267395675402
      ],
      [
       127.88355552002957,
       16.86173576329402
      ],
      [
       127.72239735523536,
       17.370697482185335
      ],
      [
       127.85678217555648,
       17.9
      ],
      [
       127.90757086488634,
       18.394015683293684
      ],
      [
       128.0579851520276,
       18.86904662092558
      ],
      [
       128.30224470027875,
       19.30683764036291
      ],
      [
       128.63096275218282,
       19.690564678244733
      ],
      [
       129.03150685735235,
       20.00548131970185
      ],
      [
       129.48848433045336,
       20.239485494810353
      ],
      [
       129.98433378347053,
       20.383584554351877
      ],
      [
       130.5,
       20.61311519887134
      ]
     ]
    ]
   },
   "properties": {
    "time": "2026-07-09 05:00:00",
    "beaufort_threshold": 10,
    "grade": "超强台风",
    "pressure_hpa": 930.0,
    "wind_ms": 55.0
   }
  },
  {
   "type": "Feature",
   "geometry": {
    "type": "Polygon",
    "coordinates": [
     [
      [
       130.5,
       19.25655759943567
      ],
      [
       130.77624975885507,
       19.230491725545647
      ],
      [
       131.04188339439997,
       19.15329580079126
      ],
      [
       131.28669275498982,
       19.027936421268848
      ],
      [
       131.50126995418776,
       18.859231077631108
      ],
      [
       131.67736891056495,
       18.653663021622986
      ],
      [
       131.8082222399852,
       18.419132118352987
      ],
      [
       131.88880132238234,
       18.16465125890733
      ],
      [
       131.4440063658727,
       17.9
      ],
      [
       131.42586754825487,
       17.72356582739511
      ],
      [
       131.37214815999013,
       17.553911921098006
      ],
      [
       131.2849126070433,
       17.397557985584672
      ],
      [
       131.16751330279186,
       17.260512614912592
      ],
      [
       131.02446183665987,
       17.148042385820766
      ],
      [
       130.86125559626666,
       17.06446946613916
      ],
      [
       130.6841665059034,
       17.0130055163029
      ],
      [
       130.5,
       16.543442400564327
      ],
      [
       130.22375024114493,
       16.56950827445435
      ],
      [
       129.95811660560003,
       16.646704199208735
      ],
      [
       129.71330724501018,
       16.77206357873115
      ],
      [
       129.49873004581224,
       16.94076892236889
      ],
      [
       129.32263108943505,
       17.14633697837701
      ],
      [
       129.1917777600148,
       17.38086788164701
      ],
      [
       129.11119867761766,
       17.635348741092667
      ],
      [
       129.5559936341273,
       17.9
      ],
      [
       129.57413245174513,
       18.076434172604888
      ],
      [
       129.62785184000987,
       18.24608807890199
      ],
      [
       129.7150873929567,
       18.402442014415325
      ],
      [
       129.83248669720814,
       18.539487385087405
      ],
      [
       129.97553816334013,
       18.65195761417923
      ],
      [
       130.13874440373334,
       18.73553053386084
      ],
      [
       130.3158334940966,
       18.786994483697097
      ],
      [
       130.5,
       19.25655759943567
      ]
     ]
    ]
   },
   "properties": {
    "time": "2026-07-09 05:00:00",
    "beaufort_threshold": 12,
    "grade": "超强台风",
    "pressure_hpa": 930.0,
    "wind_ms": 55.0
   }
  },
  {
   "type": "Feature",
   "geometry": {
    "type": "Polygon",
    "coordinates": [
     [
      [
       130.0,
       22.821858664785573
      ],
      [
       130.92293613625662,
       22.734972418485498
      ],
      [
       131.81040435438547,
       22.477652669304206
      ],
      [
       132.62829974846173,
       22.059788070896168
      ],
      [
       133.34519105717206,
       21.49743692543703
      ],
      [
       133.93352854956007,
       20.81221007207663
      ],
      [
       134.37070274573668,
       20.030440394509966
      ],
      [
       134.63991328651298,
       19.18217086302444
      ],
      [
       133.31157019324735,
       18.3
      ],
      [
       133.2479393005591,
       17.682480395882894
      ],
      [
       133.05949192201567,
       17.088691723843024
      ],
      [
       132.75346998469203,
       16.54145294954636
      ],
      [
       132.34163374002046,
       16.061794152194082
      ],
      [
       131.8398098239232,
       15.668148350372684
      ],
      [
       131.26728304806983,
       15.375643131487056
      ],
      [
       130.64605529537963,
       15.195519307060154
      ],
      [
       130.0,
       13.778141335214428
      ],
      [
       129.07706386374338,
       13.865027581514504
      ],
      [
       128.18959564561453,
       14.122347330695794
      ],
      [
       127.37170025153829,
       14.540211929103835
      ],
      [
       126.65480894282793,
       15.102563074562973
      ],
      [
       126.06647145043995,
       15.787789927923372
      ],
      [
       125.62929725426332,
       16.569559605490035
      ],
      [
       125.36008671348702,
       17.417829136975563
      ],
      [
       126.21534835057446,
       18.3
      ],
      [
       126.28806937078961,
       19.00573669041955
      ],
      [
       126.50343780341066,
       19.684352315607974
      ],
      [
       126.85317716035195,
       20.3097680576613
      ],
      [
       127.32384715426234,
       20.857949540349622
      ],
      [
       127.89736020123063,
       21.307830456716932
      ],
      [
       128.55167651649163,
       21.642122135443365
      ],
      [
       129.2616510909947,
       21.847977934788396
      ],
      [
       130.0,
       22.821858664785573
      ]
     ]
    ]
   },
   "properties": {
    "time": "2026-07-09 08:00:00",
    "beaufort_threshold": 7,
    "grade": "超强台风",
    "pressure_hpa": 930.0,
    "wind_ms": 55.0
   }
  },
  {
   "type": "Feature",
   "geometry": {
    "type": "Polygon",
    "coordinates": [
     [
      [
       130.0,
       21.013115198871343
      ],
      [
       130.55376168175397,
       20.9609834510913
      ],
      [
       131.08624261263128,
       20.806591601582525
      ],
      [
       131.57697984907702,
       20.5558728425377
      ],
      [
       132.00711463430324,
       20.218462155262216
      ],
      [
       132.36011712973604,
       19.80732604324598
      ],
      [
       132.622421647442,
       19.33826423670598
      ],
      [
       132.7839479719078,
       18.829302517814664
      ],
      [
       132.64925615459788,
       18.3
      ],
      [
       132.59835144044726,
       17.805984316706315
      ],
      [
       132.44759353761253,
       17.33095337907442
      ],
      [
       132.20277598775363,
       16.89316235963709
      ],
      [
       131.87330699201635,
       16.509435321755266
      ],
      [
       131.47184785913856,
       16.19451868029815
      ],
      [
       131.01382643845585,
       15.960514505189645
      ],
      [
       130.5168442363037,
       15.816415445648122
      ],
      [
       130.0,
       15.586884801128656
      ],
      [
       129.44623831824603,
       15.639016548908703
      ],
      [
       128.91375738736872,
       15.793408398417476
      ],
      [
       128.42302015092298,
       16.044127157462302
      ],
      [
       127.99288536569676,
       16.381537844737785
      ],
      [
       127.63988287026396,
       16.792673956754022
      ],
      [
       127.37757835255799,
       17.261735763294023
      ],
      [
       127.21605202809221,
       17.770697482185337
      ],
      [
       127.35074384540212,
       18.3
      ],
      [
       127.40164855955273,
       18.794015683293686
      ],
      [
       127.55240646238747,
       19.269046620925582
      ],
      [
       127.79722401224636,
       19.706837640362913
      ],
      [
       128.12669300798365,
       20.090564678244736
      ],
      [
       128.52815214086144,
       20.405481319701853
      ],
      [
       128.98617356154415,
       20.63948549481036
      ],
      [
       129.4831557636963,
       20.78358455435188
      ],
      [
       130.0,
       21.013115198871343
      ]
     ]
    ]
   },
   "properties": {
    "time": "2026-07-09 08:00:00",
    "beaufort_threshold": 10,
    "grade": "超强台风",
    "pressure_hpa": 930.0,
    "wind_ms": 55.0
   }
  },
  {
   "type": "Feature",
   "geometry": {
    "type": "Polygon",
    "coordinates": [
     [
      [
       130.0,
       19.656557599435672
      ],
      [
       130.276880840877,
       19.63049172554565
      ],
      [
       130.54312130631564,
       19.55329580079126
      ],
      [
       130.7884899245385,
       19.42793642126885
      ],
      [
       131.00355731715163,
       19.25923107763111
      ],
      [
       131.180058564868,
       19.053663021622988
      ],
      [
       131.311210823721,
       18.81913211835299
      ],
      [
       131.39197398595388,
       18.564651258907332
      ],
      [
       130.94616291235639,
       18.3
      ],
      [
       130.9279826573026,
       18.12356582739511
      ],
      [
       130.87414054914734,
       17.95391192109801
      ],
      [
       130.786705709912,
       17.797557985584675
      ],
      [
       130.6690382114344,
       17.660512614912594
      ],
      [
       130.52565994969234,
       17.548042385820768
      ],
      [
       130.3620808708771,
       17.46446946613916
      ],
      [
       130.1845872272513,
       17.413005516302903
      ],
      [
       130.0,
       16.94344240056433
      ],
      [
       129.723119159123,
       16.969508274454352
      ],
      [
       129.45687869368436,
       17.04670419920874
      ],
      [
       129.2115100754615,
       17.17206357873115
      ],
      [
       128.99644268284837,
       17.34076892236889
      ],
      [
       128.819941435132,
       17.546336978377013
      ],
      [
       128.688789176279,
       17.780867881647012
      ],
      [
       128.60802601404612,
       18.03534874109267
      ],
      [
       129.05383708764361,
       18.3
      ],
      [
       129.0720173426974,
       18.47643417260489
      ],
      [
       129.12585945085266,
       18.646088078901993
      ],
      [
       129.213294290088,
       18.802442014415327
      ],
      [
       129.3309617885656,
       18.939487385087407
      ],
      [
       129.47434005030766,
       19.051957614179234
      ],
      [
       129.6379191291229,
       19.13553053386084
      ],
      [
       129.8154127727487,
       19.1869944836971
      ],
      [
       130.0,
       19.656557599435672
      ]
     ]
    ]
   },
   "properties": {
    "time": "2026-07-09 08:00:00",
    "beaufort_threshold": 12,
    "grade": "超强台风",
    "pressure_hpa": 930.0,
    "wind_ms": 55.0
   }
  },
  {
   "type": "Feature",
   "geometry": {
    "type": "Polygon",
    "coordinates": [
     [
      [
       129.5,
       22.92185866478557
      ],
      [
       130.4234705812404,
       22.834972418485496
      ],
      [
       131.311452705932,
       22.577652669304207
      ],
      [
       132.12982171900902,
       22.159788070896163
      ],
      [
       132.84712815824554,
       21.597436925437027
      ],
      [
       133.43580633945177,
       20.912210072076626
      ],
      [
       133.8732336902585,
       20.130440394509964
      ],
      [
       134.1426001228863,
       19.282170863024437
      ],
      [
       134.23355403639172,
       18.4
      ],
      [
       134.1426001228863,
       17.51782913697556
      ],
      [
       133.8732336902585,
       16.669559605490033
      ],
      [
       133.43580633945177,
       15.88778992792337
      ],
      [
       132.84712815824554,
       15.202563074562972
      ],
      [
       132.12982171900902,
       14.640211929103833
      ],
      [
       131.311452705932,
       14.222347330695792
      ],
      [
       130.4234705812404,
       13.965027581514502
      ],
      [
       129.5,
       13.878141335214426
      ],
      [
       128.5765294187596,
       13.965027581514502
      ],
      [
       127.68854729406799,
       14.222347330695792
      ],
      [
       126.87017828099097,
       14.640211929103833
      ],
      [
       126.15287184175446,
       15.20256307456297
      ],
      [
       125.56419366054823,
       15.88778992792337
      ],
      [
       125.1267663097415,
       16.669559605490036
      ],
      [
       124.8573998771137,
       17.51782913697556
      ],
      [
       124.76644596360828,
       18.4
      ],
      [
       124.8573998771137,
       19.282170863024437
      ],
      [
       125.1267663097415,
       20.130440394509964
      ],
      [
       125.56419366054823,
       20.912210072076626
      ],
      [
       126.15287184175446,
       21.597436925437023
      ],
      [
       126.87017828099097,
       22.159788070896163
      ],
      [
       127.68854729406799,
       22.577652669304207
      ],
      [
       128.5765294187596,
       22.834972418485492
      ],
      [
       129.5,
       22.92185866478557
      ]
     ]
    ]
   },
   "properties": {
    "time": "2026-07-09 11:00:00",
    "beaufort_threshold": 7,
    "grade": "超强台风",
    "pressure_hpa": 935.0,
    "wind_ms": 52.0
   }
  },
  {
   "type": "Feature",
   "geometry": {
    "type": "Polygon",
    "coordinates": [
     [
      [
       129.5,
       21.11311519887134
      ],
      [
       130.05408234874423,
       21.060983451091296
      ],
      [
       130.5868716235592,
       20.906591601582523
      ],
      [
       131.0778930314054,
       20.655872842537697
      ],
      [
       131.50827689494733,
       20.318462155262214
      ],
      [
       131.86148380367106,
       19.907326043245977
      ],
      [
       132.1239402141551,
       19.43826423670598
      ],
      [
       132.28556007373177,
       18.929302517814662
      ],
      [
       132.15079026037935,
       18.4
      ],
      [
       132.09985606881634,
       17.905984316706313
      ],
      [
       131.94901086654477,
       17.430953379074417
      ],
      [
       131.704051550093,
       16.993162359637086
      ],
      [
       131.3743917686175,
       16.609435321755264
      ],
      [
       130.97270016264505,
       16.294518680298147
      ],
      [
       130.51441351532193,
       16.060514505189644
      ],
      [
       130.01714352549462,
       15.91641544564812
      ],
      [
       129.5,
       15.686884801128654
      ],
      [
       128.94591765125577,
       15.739016548908701
      ],
      [
       128.4131283764408,
       15.893408398417474
      ],
      [
       127.92210696859458,
       16.1441271574623
      ],
      [
       127.49172310505267,
       16.481537844737783
      ],
      [
       127.13851619632894,
       16.89267395675402
      ],
      [
       126.8760597858449,
       17.36173576329402
      ],
      [
       126.71443992626823,
       17.870697482185335
      ],
      [
       126.84920973962063,
       18.4
      ],
      [
       126.90014393118368,
       18.894015683293684
      ],
      [
       127.05098913345525,
       19.36904662092558
      ],
      [
       127.295948449907,
       19.80683764036291
      ],
      [
       127.6256082313825,
       20.190564678244733
      ],
      [
       128.02729983735495,
       20.50548131970185
      ],
      [
       128.48558648467807,
       20.739485494810353
      ],
      [
       128.98285647450538,
       20.883584554351877
      ],
      [
       129.5,
       21.11311519887134
      ]
     ]
    ]
   },
   "properties": {
    "time": "2026-07-09 11:00:00",
    "beaufort_threshold": 10,
    "grade": "超强台风",
    "pressure_hpa": 935.0,
    "wind_ms": 52.0
   }
  },
  {
   "type": "Feature",
   "geometry": {
    "type": "Polygon",
    "coordinates": [
     [
      [
       129.5,
       20.027869119322805
      ],
      [
       129.83244940924655,
       19.996590070654776
      ],
      [
       130.15212297413552,
       19.903954960949513
      ],
      [
       130.44673581884325,
       19.753523705522618
      ],
      [
       130.70496613696838,
       19.551077293157327
      ],
      [
       130.91689028220264,
       19.304395625947585
      ],
      [
       131.07436412849307,
       19.022958542023588
      ],
      [
       131.17133604423907,
       18.717581510688795
      ],
      [
       130.63605296873402,
       18.4
      ],
      [
       130.6142240294927,
       18.188278992874135
      ],
      [
       130.54957608566204,
       17.984694305317607
      ],
      [
       130.44459352146842,
       17.797069582701607
      ],
      [
       130.30331075797892,
       17.63261513789511
      ],
      [
       130.13115721256216,
       17.49765086298492
      ],
      [
       129.93474864942368,
       17.397363359366988
      ],
      [
       129.7216329394977,
       17.335606619563478
      ],
      [
       129.5,
       16.772130880677192
      ],
      [
       129.16755059075345,
       16.80340992934522
      ],
      [
       128.84787702586448,
       16.896045039050485
      ],
      [
       128.55326418115675,
       17.04647629447738
      ],
      [
       128.29503386303162,
       17.24892270684267
      ],
      [
       128.08310971779736,
       17.495604374052412
      ],
      [
       127.92563587150694,
       17.777041457976413
      ],
      [
       127.82866395576093,
       18.082418489311202
      ],
      [
       128.36394703126598,
       18.4
      ],
      [
       128.3857759705073,
       18.611721007125862
      ],
      [
       128.45042391433796,
       18.81530569468239
      ],
      [
       128.55540647853158,
       19.00293041729839
      ],
      [
       128.69668924202108,
       19.167384862104885
      ],
      [
       128.86884278743784,
       19.302349137015078
      ],
      [
       129.06525135057632,
       19.40263664063301
      ],
      [
       129.2783670605023,
       19.46439338043652
      ],
      [
       129.5,
       20.027869119322805
      ]
     ]
    ]
   },
   "properties": {
    "time": "2026-07-09 11:00:00",
    "beaufort_threshold": 12,
    "grade": "超强台风",
    "pressure_hpa": 935.0,
    "wind_ms": 52.0
   }
  },
  {
   "type": "Feature",
   "geometry": {
    "type": "Polygon",
    "coordinates": [
     [
      [
       128.9,
       23.22185866478557
      ],
      [
       129.82509456726288,
       23.134972418485496
      ],
      [
       130.71463826910488,
       22.877652669304204
      ],
      [
       131.53444643992603,
       22.459788070896167
      ],
      [
       132.2530143114754,
       21.897436925437027
      ],
      [
       132.84272772342686,
       21.21221007207663
      ],
      [
       133.2809243200742,
       20.430440394509965
      ],
      [
       133.55076445195178,
       19.582170863024437
      ],
      [
       133.6418783141196,
       18.7
      ],
      [
       133.55076445195178,
       17.81782913697556
      ],
      [
       133.2809243200742,
       16.969559605490034
      ],
      [
       132.84272772342686,
       16.18778992792337
      ],
      [
       132.2530143114754,
       15.502563074562973
      ],
      [
       131.53444643992603,
       14.940211929103834
      ],
      [
       130.71463826910488,
       14.522347330695792
      ],
      [
       129.82509456726288,
       14.265027581514502
      ],
      [
       128.9,
       14.178141335214427
      ],
      [
       127.97490543273712,
       14.265027581514502
      ],
      [
       127.08536173089514,
       14.522347330695792
      ],
      [
       126.26555356007398,
       14.940211929103834
      ],
      [
       125.54698568852461,
       15.502563074562971
      ],
      [
       124.95727227657315,
       16.187789927923372
      ],
      [
       124.51907567992579,
       16.969559605490034
      ],
      [
       124.24923554804823,
       17.81782913697556
      ],
      [
       124.15812168588042,
       18.7
      ],
      [
       124.24923554804823,
       19.582170863024437
      ],
      [
       124.51907567992579,
       20.430440394509965
      ],
      [
       124.95727227657315,
       21.212210072076626
      ],
      [
       125.54698568852461,
       21.897436925437024
      ],
      [
       126.26555356007398,
       22.459788070896167
      ],
      [
       127.08536173089514,
       22.877652669304204
      ],
      [
       127.97490543273712,
       23.134972418485496
      ],
      [
       128.9,
       23.22185866478557
      ]
     ]
    ]
   },
   "properties": {
    "time": "2026-07-09 14:00:00",
    "beaufort_threshold": 7,
    "grade": "超强台风",
    "pressure_hpa": 935.0,
    "wind_ms": 52.0
   }
  },
  {
   "type": "Feature",
   "geometry": {
    "type": "Polygon",
    "coordinates": [
     [
      [
       128.9,
       21.413115198871342
      ],
      [
       129.45505674035775,
       21.360983451091297
      ],
      [
       129.98878296146293,
       21.206591601582524
      ],
      [
       130.4806678639556,
       20.955872842537698
      ],
      [
       130.91180858688523,
       20.618462155262215
      ],
      [
       131.2656366340561,
       20.207326043245978
      ],
      [
       131.52855459204454,
       19.73826423670598
      ],
      [
       131.69045867117106,
       19.229302517814663
      ],
      [
       131.55545185590697,
       18.7
      ],
      [
       131.504428093093,
       18.205984316706314
      ],
      [
       131.35331761924155,
       17.730953379074418
      ],
      [
       131.10792752511904,
       17.293162359637087
      ],
      [
       130.77768801442622,
       16.909435321755264
      ],
      [
       130.37529000635857,
       16.594518680298147
      ],
      [
       129.91619743069873,
       16.360514505189645
      ],
      [
       129.41805295766721,
       16.21641544564812
      ],
      [
       128.9,
       15.986884801128655
      ],
      [
       128.34494325964226,
       16.0390165489087
      ],
      [
       127.81121703853708,
       16.193408398417475
      ],
      [
       127.3193321360444,
       16.4441271574623
      ],
      [
       126.88819141311477,
       16.781537844737784
      ],
      [
       126.53436336594389,
       17.19267395675402
      ],
      [
       126.27144540795548,
       17.661735763294022
      ],
      [
       126.10954132882894,
       18.170697482185336
      ],
      [
       126.24454814409303,
       18.7
      ],
      [
       126.29557190690701,
       19.194015683293685
      ],
      [
       126.44668238075845,
       19.66904662092558
      ],
      [
       126.69207247488096,
       20.10683764036291
      ],
      [
       127.02231198557378,
       20.490564678244734
      ],
      [
       127.42470999364144,
       20.80548131970185
      ],
      [
       127.88380256930128,
       21.039485494810357
      ],
      [
       128.3819470423328,
       21.183584554351878
      ],
      [
       128.9,
       21.413115198871342
      ]
     ]
    ]
   },
   "properties": {
    "time": "2026-07-09 14:00:00",
    "beaufort_threshold": 10,
    "grade": "超强台风",
    "pressure_hpa": 935.0,
    "wind_ms": 52.0
   }
  },
  {
   "type": "Feature",
   "geometry": {
    "type": "Polygon",
    "coordinates": [
     [
      [
       128.9,
       20.327869119322806
      ],
      [
       129.23303404421463,
       20.296590070654776
      ],
      [
       129.55326977687776,
       20.203954960949513
      ],
      [
       129.84840071837337,
       20.05352370552262
      ],
      [
       130.10708515213113,
       19.851077293157328
      ],
      [
       130.31938198043366,
       19.604395625947586
      ],
      [
       130.47713275522673,
       19.32295854202359
      ],
      [
       130.57427520270264,
       19.017581510688796
      ],
      [
       130.0380507953887,
       18.7
      ],
      [
       130.01618346846843,
       18.488278992874136
      ],
      [
       129.95142183681781,
       18.284694305317608
      ],
      [
       129.84625465362245,
       18.097069582701607
      ],
      [
       129.7047234347541,
       17.932615137895112
      ],
      [
       129.53226714558224,
       17.79765086298492
      ],
      [
       129.33551318458518,
       17.69736335936699
      ],
      [
       129.1220226961431,
       17.63560661956348
      ],
      [
       128.9,
       17.072130880677193
      ],
      [
       128.56696595578538,
       17.103409929345222
      ],
      [
       128.24673022312226,
       17.196045039050485
      ],
      [
       127.95159928162664,
       17.34647629447738
      ],
      [
       127.69291484786886,
       17.54892270684267
      ],
      [
       127.48061801956634,
       17.795604374052413
      ],
      [
       127.32286724477329,
       18.077041457976414
      ],
      [
       127.22572479729736,
       18.382418489311203
      ],
      [
       127.7619492046113,
       18.7
      ],
      [
       127.78381653153158,
       18.911721007125863
      ],
      [
       127.8485781631822,
       19.11530569468239
      ],
      [
       127.95374534637756,
       19.30293041729839
      ],
      [
       128.0952765652459,
       19.467384862104886
      ],
      [
       128.26773285441777,
       19.60234913701508
      ],
      [
       128.46448681541483,
       19.70263664063301
      ],
      [
       128.67797730385692,
       19.76439338043652
      ],
      [
       128.9,
       20.327869119322806
      ]
     ]
    ]
   },
   "properties": {
    "time": "2026-07-09 14:00:00",
    "beaufort_threshold": 12,
    "grade": "超强台风",
    "pressure_hpa": 935.0,
    "wind_ms": 52.0
   }
  },
  {
   "type": "Feature",
   "geometry": {
    "type": "Polygon",
    "coordinates": [
     [
      [
       128.9,
       23.22185866478557
      ],
      [
       129.82509456726288,
       23.134972418485496
      ],
      [
       130.71463826910488,
       22.877652669304204
      ],
      [
       131.53444643992603,
       22.459788070896167
      ],
      [
       132.2530143114754,
       21.897436925437027
      ],
      [
       132.84272772342686,
       21.21221007207663
      ],
      [
       133.2809243200742,
       20.430440394509965
      ],
      [
       133.55076445195178,
       19.582170863024437
      ],
      [
       133.6418783141196,
       18.7
      ],
      [
       133.55076445195178,
       17.81782913697556
      ],
      [
       133.2809243200742,
       16.969559605490034
      ],
      [
       132.84272772342686,
       16.18778992792337
      ],
      [
       132.2530143114754,
       15.502563074562973
      ],
      [
       131.53444643992603,
       14.940211929103834
      ],
      [
       130.71463826910488,
       14.522347330695792
      ],
      [
       129.82509456726288,
       14.265027581514502
      ],
      [
       128.9,
       14.178141335214427
      ],
      [
       127.97490543273712,
       14.265027581514502
      ],
      [
       127.08536173089514,
       14.522347330695792
      ],
      [
       126.26555356007398,
       14.940211929103834
      ],
      [
       125.54698568852461,
       15.502563074562971
      ],
      [
       124.95727227657315,
       16.187789927923372
      ],
      [
       124.51907567992579,
       16.969559605490034
      ],
      [
       124.24923554804823,
       17.81782913697556
      ],
      [
       124.15812168588042,
       18.7
      ],
      [
       124.24923554804823,
       19.582170863024437
      ],
      [
       124.51907567992579,
       20.430440394509965
      ],
      [
       124.95727227657315,
       21.212210072076626
      ],
      [
       125.54698568852461,
       21.897436925437024
      ],
      [
       126.26555356007398,
       22.459788070896167
      ],
      [
       127.08536173089514,
       22.877652669304204
      ],
      [
       127.97490543273712,
       23.134972418485496
      ],
      [
       128.9,
       23.22185866478557
      ]
     ]
    ]
   },
   "properties": {
    "time": "2026-07-09 17:00:00",
    "beaufort_threshold": 7,
    "grade": "超强台风",
    "pressure_hpa": 935.0,
    "wind_ms": 52.0
   }
  },
  {
   "type": "Feature",
   "geometry": {
    "type": "Polygon",
    "coordinates": [
     [
      [
       128.9,
       21.413115198871342
      ],
      [
       129.45505674035775,
       21.360983451091297
      ],
      [
       129.98878296146293,
       21.206591601582524
      ],
      [
       130.4806678639556,
       20.955872842537698
      ],
      [
       130.91180858688523,
       20.618462155262215
      ],
      [
       131.2656366340561,
       20.207326043245978
      ],
      [
       131.52855459204454,
       19.73826423670598
      ],
      [
       131.69045867117106,
       19.229302517814663
      ],
      [
       131.55545185590697,
       18.7
      ],
      [
       131.504428093093,
       18.205984316706314
      ],
      [
       131.35331761924155,
       17.730953379074418
      ],
      [
       131.10792752511904,
       17.293162359637087
      ],
      [
       130.77768801442622,
       16.909435321755264
      ],
      [
       130.37529000635857,
       16.594518680298147
      ],
      [
       129.91619743069873,
       16.360514505189645
      ],
      [
       129.41805295766721,
       16.21641544564812
      ],
      [
       128.9,
       15.986884801128655
      ],
      [
       128.34494325964226,
       16.0390165489087
      ],
      [
       127.81121703853708,
       16.193408398417475
      ],
      [
       127.3193321360444,
       16.4441271574623
      ],
      [
       126.88819141311477,
       16.781537844737784
      ],
      [
       126.53436336594389,
       17.19267395675402
      ],
      [
       126.27144540795548,
       17.661735763294022
      ],
      [
       126.10954132882894,
       18.170697482185336
      ],
      [
       126.24454814409303,
       18.7
      ],
      [
       126.29557190690701,
       19.194015683293685
      ],
      [
       126.44668238075845,
       19.66904662092558
      ],
      [
       126.69207247488096,
       20.10683764036291
      ],
      [
       127.02231198557378,
       20.490564678244734
      ],
      [
       127.42470999364144,
       20.80548131970185
      ],
      [
       127.88380256930128,
       21.039485494810357
      ],
      [
       128.3819470423328,
       21.183584554351878
      ],
      [
       128.9,
       21.413115198871342
      ]
     ]
    ]
   },
   "properties": {
    "time": "2026-07-09 17:00:00",
    "beaufort_threshold": 10,
    "grade": "超强台风",
    "pressure_hpa": 935.0,
    "wind_ms": 52.0
   }
  },
  {
   "type": "Feature",
   "geometry": {
    "type": "Polygon",
    "coordinates": [
     [
      [
       128.9,
       20.327869119322806
      ],
      [
       129.23303404421463,
       20.296590070654776
      ],
      [
       129.55326977687776,
       20.203954960949513
      ],
      [
       129.84840071837337,
       20.05352370552262
      ],
      [
       130.10708515213113,
       19.851077293157328
      ],
      [
       130.31938198043366,
       19.604395625947586
      ],
      [
       130.47713275522673,
       19.32295854202359
      ],
      [
       130.57427520270264,
       19.017581510688796
      ],
      [
       130.0380507953887,
       18.7
      ],
      [
       130.01618346846843,
       18.488278992874136
      ],
      [
       129.95142183681781,
       18.284694305317608
      ],
      [
       129.84625465362245,
       18.097069582701607
      ],
      [
       129.7047234347541,
       17.932615137895112
      ],
      [
       129.53226714558224,
       17.79765086298492
      ],
      [
       129.33551318458518,
       17.69736335936699
      ],
      [
       129.1220226961431,
       17.63560661956348
      ],
      [
       128.9,
       17.072130880677193
      ],
      [
       128.56696595578538,
       17.103409929345222
      ],
      [
       128.24673022312226,
       17.196045039050485
      ],
      [
       127.95159928162664,
       17.34647629447738
      ],
      [
       127.69291484786886,
       17.54892270684267
      ],
      [
       127.48061801956634,
       17.795604374052413
      ],
      [
       127.32286724477329,
       18.077041457976414
      ],
      [
       127.22572479729736,
       18.382418489311203
      ],
      [
       127.7619492046113,
       18.7
      ],
      [
       127.78381653153158,
       18.911721007125863
      ],
      [
       127.8485781631822,
       19.11530569468239
      ],
      [
       127.95374534637756,
       19.30293041729839
      ],
      [
       128.0952765652459,
       19.467384862104886
      ],
      [
       128.26773285441777,
       19.60234913701508
      ],
      [
       128.46448681541483,
       19.70263664063301
      ],
      [
       128.67797730385692,
       19.76439338043652
      ],
      [
       128.9,
       20.327869119322806
      ]
     ]
    ]
   },
   "properties": {
    "time": "2026-07-09 17:00:00",
    "beaufort_threshold": 12,
    "grade": "超强台风",
    "pressure_hpa": 935.0,
    "wind_ms": 52.0
   }
  },
  {
   "type": "Feature",
   "geometry": {
    "type": "Polygon",
    "coordinates": [
     [
      [
       128.8,
       23.321858664785573
      ],
      [
       129.7256428108245,
       23.234972418485498
      ],
      [
       130.61571368753548,
       22.977652669304206
      ],
      [
       131.43600770549844,
       22.559788070896168
      ],
      [
       132.15500142562925,
       21.99743692543703
      ],
      [
       132.74506432247958,
       21.31221007207663
      ],
      [
       133.1835206098346,
       20.530440394509966
      ],
      [
       133.45352065846038,
       19.68217086302444
      ],
      [
       133.54468851790594,
       18.8
      ],
      [
       133.45352065846038,
       17.917829136975563
      ],
      [
       133.1835206098346,
       17.069559605490035
      ],
      [
       132.74506432247958,
       16.28778992792337
      ],
      [
       132.15500142562925,
       15.602563074562974
      ],
      [
       131.43600770549844,
       15.040211929103835
      ],
      [
       130.61571368753548,
       14.622347330695794
      ],
      [
       129.7256428108245,
       14.365027581514504
      ],
      [
       128.8,
       14.730327201692985
      ],
      [
       127.96692147025797,
       14.808524823363054
      ],
      [
       127.16585768121809,
       15.040112597626214
      ],
      [
       126.42759306505143,
       15.416190736193451
      ],
      [
       125.7804987169337,
       15.922306767106676
      ],
      [
       125.2494421097684,
       16.539010935131035
      ],
      [
       124.85483145114887,
       17.242603644941035
      ],
      [
       124.6118314073857,
       18.006046223278005
      ],
      [
       124.24509902281032,
       18.8
      ],
      [
       124.33262016787808,
       19.64688402850346
      ],
      [
       124.5918202145588,
       20.461222778729567
      ],
      [
       125.01273825041962,
       21.21172166919356
      ],
      [
       125.57919863139595,
       21.869539448419545
      ],
      [
       126.26943260272152,
       22.40939654806032
      ],
      [
       127.05691485996596,
       22.81054656253204
      ],
      [
       127.91138290160849,
       23.057573521746075
      ],
      [
       128.8,
       23.321858664785573
      ]
     ]
    ]
   },
   "properties": {
    "time": "2026-07-09 20:00:00",
    "beaufort_threshold": 7,
    "grade": "强台风",
    "pressure_hpa": 945.0,
    "wind_ms": 48.0
   }
  },
  {
   "type": "Feature",
   "geometry": {
    "type": "Polygon",
    "coordinates": [
     [
      [
       128.8,
       21.513115198871343
      ],
      [
       129.3553856864947,
       21.4609834510913
      ],
      [
       129.8894282125213,
       21.306591601582525
      ],
      [
       130.38160462329907,
       21.0558728425377
      ],
      [
       130.81300085537754,
       20.718462155262216
      ],
      [
       131.16703859348775,
       20.30732604324598
      ],
      [
       131.43011236590078,
       19.83826423670598
      ],
      [
       131.5921123950762,
       19.329302517814664
      ],
      [
       131.45702557002733,
       18.8
      ],
      [
       131.4059715687378,
       18.305984316706315
      ],
      [
       131.25477154150738,
       17.83095337907442
      ],
      [
       131.0092360205886,
       17.39316235963709
      ],
      [
       130.67880079835237,
       17.009435321755266
      ],
      [
       130.27616431507914,
       16.69451868029815
      ],
      [
       129.8167996650199,
       16.460514505189646
      ],
      [
       129.31835997406174,
       16.316415445648122
      ],
      [
       128.8,
       16.086884801128658
      ],
      [
       128.2446143135053,
       16.139016548908703
      ],
      [
       127.71057178747873,
       16.293408398417476
      ],
      [
       127.21839537670095,
       16.544127157462302
      ],
      [
       126.78699914462247,
       16.881537844737785
      ],
      [
       126.43296140651226,
       17.292673956754022
      ],
      [
       126.16988763409925,
       17.761735763294023
      ],
      [
       126.0078876049238,
       18.270697482185337
      ],
      [
       126.1429744299727,
       18.8
      ],
      [
       126.19402843126221,
       19.294015683293686
      ],
      [
       126.34522845849264,
       19.769046620925582
      ],
      [
       126.59076397941145,
       20.206837640362913
      ],
      [
       126.92119920164764,
       20.590564678244736
      ],
      [
       127.3238356849209,
       20.905481319701853
      ],
      [
       127.78320033498015,
       21.13948549481036
      ],
      [
       128.2816400259383,
       21.28358455435188
      ],
      [
       128.8,
       21.513115198871343
      ]
     ]
    ]
   },
   "properties": {
    "time": "2026-07-09 20:00:00",
    "beaufort_threshold": 10,
    "grade": "强台风",
    "pressure_hpa": 945.0,
    "wind_ms": 48.0
   }
  },
  {
   "type": "Feature",
   "geometry": {
    "type": "Polygon",
    "coordinates": [
     [
      [
       128.8,
       20.427869119322807
      ],
      [
       129.13323141189682,
       20.396590070654778
      ],
      [
       129.45365692751278,
       20.303954960949515
      ],
      [
       129.74896277397946,
       20.15352370552262
      ],
      [
       130.00780051322653,
       19.95107729315733
      ],
      [
       130.22022315609266,
       19.704395625947587
      ],
      [
       130.37806741954046,
       19.42295854202359
      ],
      [
       130.47526743704574,
       19.117581510688797
      ],
      [
       129.93872524429744,
       18.8
      ],
      [
       129.9168449580305,
       18.588278992874137
      ],
      [
       129.8520449463603,
       18.38469430531761
      ],
      [
       129.7468154373951,
       18.19706958270161
      ],
      [
       129.60520034215102,
       18.032615137895114
      ],
      [
       129.43264184931962,
       17.89765086298492
      ],
      [
       129.23577128500852,
       17.79736335936699
      ],
      [
       129.02215427459788,
       17.73560661956348
      ],
      [
       128.8,
       17.172130880677194
      ],
      [
       128.4667685881032,
       17.203409929345224
      ],
      [
       128.14634307248724,
       17.296045039050487
      ],
      [
       127.85103722602058,
       17.44647629447738
      ],
      [
       127.5921994867735,
       17.648922706842672
      ],
      [
       127.37977684390736,
       17.895604374052414
      ],
      [
       127.22193258045955,
       18.177041457976415
      ],
      [
       127.12473256295428,
       18.482418489311204
      ],
      [
       127.66127475570259,
       18.8
      ],
      [
       127.68315504196953,
       19.011721007125864
      ],
      [
       127.74795505363971,
       19.215305694682392
      ],
      [
       127.85318456260491,
       19.402930417298393
      ],
      [
       127.994799657849,
       19.567384862104888
      ],
      [
       128.1673581506804,
       19.70234913701508
      ],
      [
       128.3642287149915,
       19.80263664063301
      ],
      [
       128.57784572540214,
       19.86439338043652
      ],
      [
       128.8,
       20.427869119322807
      ]
     ]
    ]
   },
   "properties": {
    "time": "2026-07-09 20:00:00",
    "beaufort_threshold": 12,
    "grade": "强台风",
    "pressure_hpa": 945.0,
    "wind_ms": 48.0
   }
  },
  {
   "type": "Feature",
   "geometry": {
    "type": "Polygon",
    "coordinates": [
     [
      [
       128.5,
       23.92185866478557
      ],
      [
       129.4290055477517,
       23.834972418485496
      ],
      [
       130.3223099332956,
       23.577652669304207
      ],
      [
       131.14558397006616,
       23.159788070896163
      ],
      [
       131.86718969852762,
       22.597436925437027
      ],
      [
       132.45939621521643,
       21.912210072076626
      ],
      [
       132.89944535580946,
       21.130440394509964
      ],
      [
       133.1704262786161,
       20.282170863024437
      ],
      [
       133.26192533874075,
       19.4
      ],
      [
       133.1704262786161,
       18.51782913697556
      ],
      [
       132.89944535580946,
       17.669559605490033
      ],
      [
       132.45939621521643,
       16.88778992792337
      ],
      [
       131.86718969852762,
       16.202563074562974
      ],
      [
       131.14558397006616,
       15.640211929103833
      ],
      [
       130.3223099332956,
       15.222347330695792
      ],
      [
       129.4290055477517,
       14.965027581514502
      ],
      [
       128.5,
       15.330327201692983
      ],
      [
       127.66389500702347,
       15.408524823363052
      ],
      [
       126.85992106003395,
       15.640112597626212
      ],
      [
       126.11897442694047,
       16.01619073619345
      ],
      [
       125.46952927132513,
       16.522306767106674
      ],
      [
       124.9365434063052,
       17.139010935131033
      ],
      [
       124.54049917977149,
       17.842603644941033
      ],
      [
       124.29661634924551,
       18.606046223278003
      ],
      [
       123.92855167480887,
       19.4
      ],
      [
       124.01639077252855,
       20.24688402850346
      ],
      [
       124.27653245842292,
       21.061222778729565
      ],
      [
       124.69897963339221,
       21.81172166919356
      ],
      [
       125.26749788941348,
       22.469539448419543
      ],
      [
       125.9602393887365,
       23.009396548060316
      ],
      [
       126.75058246403621,
       23.410546562532037
      ],
      [
       127.60815467415837,
       23.657573521746073
      ],
      [
       128.5,
       23.92185866478557
      ]
     ]
    ]
   },
   "properties": {
    "time": "2026-07-09 23:00:00",
    "beaufort_threshold": 7,
    "grade": "强台风",
    "pressure_hpa": 945.0,
    "wind_ms": 45.0
   }
  },
  {
   "type": "Feature",
   "geometry": {
    "type": "Polygon",
    "coordinates": [
     [
      [
       128.5,
       22.11311519887134
      ],
      [
       129.05740332865102,
       22.060983451091296
      ],
      [
       129.59338595997735,
       21.906591601582523
      ],
      [
       130.0873503820397,
       21.655872842537697
      ],
      [
       130.52031381911658,
       21.318462155262214
      ],
      [
       130.87563772912986,
       20.907326043245977
      ],
      [
       131.13966721348567,
       20.43826423670598
      ],
      [
       131.30225576716967,
       19.929302517814662
      ],
      [
       131.16667818969484,
       19.4
      ],
      [
       131.115438716025,
       18.905984316706313
      ],
      [
       130.9636893992533,
       18.430953379074417
      ],
      [
       130.71726188052122,
       17.993162359637086
      ],
      [
       130.38562623117548,
       17.609435321755264
      ],
      [
       129.98152702323705,
       17.294518680298147
      ],
      [
       129.52049356264553,
       17.060514505189644
      ],
      [
       129.02024310674093,
       16.91641544564812
      ],
      [
       128.5,
       16.686884801128656
      ],
      [
       127.94259667134898,
       16.7390165489087
      ],
      [
       127.40661404002263,
       16.893408398417474
      ],
      [
       126.91264961796031,
       17.1441271574623
      ],
      [
       126.47968618088342,
       17.481537844737783
      ],
      [
       126.12436227087014,
       17.89267395675402
      ],
      [
       125.86033278651432,
       18.36173576329402
      ],
      [
       125.69774423283035,
       18.870697482185335
      ],
      [
       125.83332181030518,
       19.4
      ],
      [
       125.88456128397499,
       19.894015683293684
      ],
      [
       126.0363106007467,
       20.36904662092558
      ],
      [
       126.2827381194788,
       20.80683764036291
      ],
      [
       126.61437376882452,
       21.190564678244733
      ],
      [
       127.01847297676295,
       21.50548131970185
      ],
      [
       127.47950643735446,
       21.739485494810353
      ],
      [
       127.97975689325905,
       21.883584554351877
      ],
      [
       128.5,
       22.11311519887134
      ]
     ]
    ]
   },
   "properties": {
    "time": "2026-07-09 23:00:00",
    "beaufort_threshold": 10,
    "grade": "强台风",
    "pressure_hpa": 945.0,
    "wind_ms": 45.0
   }
  },
  {
   "type": "Feature",
   "geometry": {
    "type": "Polygon",
    "coordinates": [
     [
      [
       128.5,
       21.027869119322805
      ],
      [
       128.83444199719062,
       20.996590070654776
      ],
      [
       129.15603157598642,
       20.903954960949513
      ],
      [
       129.4524102292238,
       20.753523705522618
      ],
      [
       129.71218829146994,
       20.551077293157327
      ],
      [
       129.92538263747792,
       20.304395625947585
      ],
      [
       130.0838003280914,
       20.022958542023588
      ],
      [
       130.1813534603018,
       19.717581510688795
      ],
      [
       129.64286208129778,
       19.4
      ],
      [
       129.62090230686786,
       19.188278992874135
      ],
      [
       129.55586688539427,
       18.984694305317607
      ],
      [
       129.45025509165194,
       18.797069582701607
      ],
      [
       129.30812552764664,
       18.63261513789511
      ],
      [
       129.1349401528159,
       18.49765086298492
      ],
      [
       128.93735438399094,
       18.397363359366988
      ],
      [
       128.7229613314604,
       18.335606619563478
      ],
      [
       128.5,
       17.772130880677192
      ],
      [
       128.16555800280938,
       17.80340992934522
      ],
      [
       127.84396842401358,
       17.896045039050485
      ],
      [
       127.54758977077618,
       18.04647629447738
      ],
      [
       127.28781170853006,
       18.24892270684267
      ],
      [
       127.07461736252208,
       18.495604374052412
      ],
      [
       126.9161996719086,
       18.777041457976413
      ],
      [
       126.81864653969821,
       19.082418489311202
      ],
      [
       127.35713791870222,
       19.4
      ],
      [
       127.37909769313214,
       19.611721007125862
      ],
      [
       127.44413311460573,
       19.81530569468239
      ],
      [
       127.54974490834806,
       20.00293041729839
      ],
      [
       127.69187447235336,
       20.167384862104885
      ],
      [
       127.86505984718413,
       20.302349137015078
      ],
      [
       128.06264561600906,
       20.40263664063301
      ],
      [
       128.2770386685396,
       20.46439338043652
      ],
      [
       128.5,
       21.027869119322805
      ]
     ]
    ]
   },
   "properties": {
    "time": "2026-07-09 23:00:00",
    "beaufort_threshold": 12,
    "grade": "强台风",
    "pressure_hpa": 945.0,
    "wind_ms": 45.0
   }
  },
  {
   "type": "Feature",
   "geometry": {
    "type": "Polygon",
    "coordinates": [
     [
      [
       128.2,
       24.42185866478557
      ],
      [
       129.13190486705858,
       24.334972418485496
      ],
      [
       130.02799715269438,
       24.077652669304207
      ],
      [
       130.85384053290477,
       23.659788070896163
      ],
      [
       131.57769830972651,
       23.097436925437027
      ],
      [
       132.17175303474053,
       22.412210072076626
      ],
      [
       132.6131755180142,
       21.630440394509964
      ],
      [
       132.88500214106796,
       20.782170863024437
      ],
      [
       132.97678675921992,
       19.9
      ],
      [
       132.88500214106796,
       19.01782913697556
      ],
      [
       132.6131755180142,
       18.169559605490033
      ],
      [
       132.17175303474053,
       17.38778992792337
      ],
      [
       131.57769830972651,
       16.702563074562974
      ],
      [
       130.85384053290477,
       16.14021192910383
      ],
      [
       130.02799715269438,
       15.722347330695792
      ],
      [
       129.13190486705858,
       15.465027581514502
      ],
      [
       128.2,
       15.830327201692983
      ],
      [
       127.36128561964725,
       15.908524823363052
      ],
      [
       126.55480256257503,
       16.140112597626214
      ],
      [
       125.8115435203857,
       16.51619073619345
      ],
      [
       125.16007152124611,
       17.022306767106674
      ],
      [
       124.6254222687335,
       17.639010935131033
      ],
      [
       124.2281420337872,
       18.342603644941033
      ],
      [
       123.98349807303882,
       19.106046223278003
      ],
      [
       123.61428471114885,
       19.9
      ],
      [
       123.70239794457474,
       20.74688402850346
      ],
      [
       123.96335150270633,
       21.561222778729565
      ],
      [
       124.38711708664907,
       22.31172166919356
      ],
      [
       124.95740962266252,
       22.969539448419543
      ],
      [
       125.6523130884114,
       23.509396548060316
      ],
      [
       126.44512273341337,
       23.910546562532037
      ],
      [
       127.30537132762373,
       24.157573521746073
      ],
      [
       128.2,
       24.42185866478557
      ]
     ]
    ]
   },
   "properties": {
    "time": "2026-07-10 02:00:00",
    "beaufort_threshold": 7,
    "grade": "强台风",
    "pressure_hpa": 945.0,
    "wind_ms": 45.0
   }
  },
  {
   "type": "Feature",
   "geometry": {
    "type": "Polygon",
    "coordinates": [
     [
      [
       128.2,
       22.61311519887134
      ],
      [
       128.75914292023515,
       22.560983451091296
      ],
      [
       129.29679829161662,
       22.406591601582523
      ],
      [
       129.79230431974284,
       22.155872842537697
      ],
      [
       130.2266189858359,
       21.818462155262214
      ],
      [
       130.5830518208443,
       21.407326043245977
      ],
      [
       130.84790531080853,
       20.93826423670598
      ],
      [
       131.01100128464077,
       20.429302517814662
      ],
      [
       130.87500058516315,
       19.9
      ],
      [
       130.82360119899806,
       19.405984316706313
      ],
      [
       130.67137829008794,
       18.930953379074417
      ],
      [
       130.4241816994547,
       18.493162359637086
      ],
      [
       130.09151105344685,
       18.109435321755264
      ],
      [
       129.68615069842667,
       17.794518680298147
      ],
      [
       129.22367840550885,
       17.560514505189644
      ],
      [
       128.72186672555281,
       17.41641544564812
      ],
      [
       128.2,
       17.186884801128656
      ],
      [
       127.64085707976483,
       17.2390165489087
      ],
      [
       127.10320170838335,
       17.393408398417474
      ],
      [
       126.60769568025712,
       17.6441271574623
      ],
      [
       126.17338101416406,
       17.981537844737783
      ],
      [
       125.81694817915567,
       18.39267395675402
      ],
      [
       125.55209468919145,
       18.86173576329402
      ],
      [
       125.38899871535921,
       19.370697482185335
      ],
      [
       125.52499941483683,
       19.9
      ],
      [
       125.57639880100193,
       20.394015683293684
      ],
      [
       125.72862170991202,
       20.86904662092558
      ],
      [
       125.97581830054528,
       21.30683764036291
      ],
      [
       126.30848894655313,
       21.690564678244733
      ],
      [
       126.71384930157332,
       22.00548131970185
      ],
      [
       127.17632159449113,
       22.239485494810353
      ],
      [
       127.67813327444718,
       22.383584554351877
      ],
      [
       128.2,
       22.61311519887134
      ]
     ]
    ]
   },
   "properties": {
    "time": "2026-07-10 02:00:00",
    "beaufort_threshold": 10,
    "grade": "强台风",
    "pressure_hpa": 945.0,
    "wind_ms": 45.0
   }
  },
  {
   "type": "Feature",
   "geometry": {
    "type": "Polygon",
    "coordinates": [
     [
      [
       128.2,
       21.527869119322805
      ],
      [
       128.53548575214108,
       21.496590070654776
      ],
      [
       128.85807897496997,
       21.403954960949513
      ],
      [
       129.1553825918457,
       21.253523705522618
      ],
      [
       129.41597139150153,
       21.051077293157327
      ],
      [
       129.62983109250658,
       20.804395625947585
      ],
      [
       129.7887431864851,
       20.522958542023588
      ],
      [
       129.88660077078447,
       20.217581510688795
      ],
      [
       129.34642882221277,
       19.9
      ],
      [
       129.3244005138563,
       19.688278992874135
      ],
      [
       129.2591621243234,
       19.484694305317607
      ],
      [
       129.15322072833771,
       19.297069582701607
      ],
      [
       129.01064759433436,
       19.13261513789511
      ],
      [
       128.83692172789713,
       18.99765086298492
      ],
      [
       128.63871931664664,
       18.897363359366988
      ],
      [
       128.42365716809405,
       18.835606619563478
      ],
      [
       128.2,
       18.272130880677192
      ],
      [
       127.86451424785889,
       18.30340992934522
      ],
      [
       127.54192102503,
       18.396045039050485
      ],
      [
       127.24461740815427,
       18.54647629447738
      ],
      [
       126.98402860849843,
       18.74892270684267
      ],
      [
       126.7701689074934,
       18.995604374052412
      ],
      [
       126.61125681351487,
       19.277041457976413
      ],
      [
       126.51339922921552,
       19.582418489311202
      ],
      [
       127.0535711777872,
       19.9
      ],
      [
       127.07559948614367,
       20.111721007125862
      ],
      [
       127.14083787567658,
       20.31530569468239
      ],
      [
       127.24677927166226,
       20.50293041729839
      ],
      [
       127.38935240566562,
       20.667384862104885
      ],
      [
       127.56307827210284,
       20.802349137015078
      ],
      [
       127.76128068335333,
       20.90263664063301
      ],
      [
       127.97634283190592,
       20.96439338043652
      ],
      [
       128.2,
       21.527869119322805
      ]
     ]
    ]
   },
   "properties": {
    "time": "2026-07-10 02:00:00",
    "beaufort_threshold": 12,
    "grade": "强台风",
    "pressure_hpa": 945.0,
    "wind_ms": 45.0
   }
  },
  {
   "type": "Feature",
   "geometry": {
    "type": "Polygon",
    "coordinates": [
     [
      [
       128.0,
       24.92185866478557
      ],
      [
       128.93489375857254,
       24.834972418485496
      ],
      [
       129.8338600742976,
       24.577652669304207
      ],
      [
       130.66235217580797,
       24.159788070896163
      ],
      [
       131.38853157626636,
       23.597436925437027
      ],
      [
       131.9844916085592,
       22.912210072076626
      ],
      [
       132.4273298628638,
       22.130440394509964
      ],
      [
       132.7000283134137,
       21.282170863024437
      ],
      [
       132.79210731168536,
       20.4
      ],
      [
       132.7000283134137,
       19.51782913697556
      ],
      [
       132.4273298628638,
       18.669559605490033
      ],
      [
       131.9844916085592,
       17.88778992792337
      ],
      [
       131.38853157626636,
       17.202563074562974
      ],
      [
       130.66235217580797,
       16.64021192910383
      ],
      [
       129.8338600742976,
       16.22234733069579
      ],
      [
       128.93489375857254,
       15.965027581514502
      ],
      [
       128.0,
       16.33032720169298
      ],
      [
       127.15859561728472,
       16.408524823363052
      ],
      [
       126.34952593313217,
       16.640112597626214
      ],
      [
       125.60388304177283,
       17.01619073619345
      ],
      [
       124.95032158136028,
       17.522306767106674
      ],
      [
       124.41395755229671,
       18.139010935131033
      ],
      [
       124.0154031234226,
       18.842603644941033
      ],
      [
       123.76997451792768,
       19.606046223278003
      ],
      [
       123.39957698078206,
       20.4
      ],
      [
       123.48797281912286,
       21.24688402850346
      ],
      [
       123.74976333165077,
       22.061222778729565
      ],
      [
       124.17488805578316,
       22.81172166919356
      ],
      [
       124.74700968678431,
       23.469539448419543
      ],
      [
       125.44414191122435,
       24.009396548060316
      ],
      [
       126.23949432867431,
       24.410546562532037
      ],
      [
       127.10250199177037,
       24.657573521746073
      ],
      [
       128.0,
       24.92185866478557
      ]
     ]
    ]
   },
   "properties": {
    "time": "2026-07-10 05:00:00",
    "beaufort_threshold": 7,
    "grade": "强台风",
    "pressure_hpa": 945.0,
    "wind_ms": 45.0
   }
  },
  {
   "type": "Feature",
   "geometry": {
    "type": "Polygon",
    "coordinates": [
     [
      [
       128.0,
       23.11311519887134
      ],
      [
       128.56093625514353,
       23.060983451091296
      ],
      [
       129.10031604457856,
       22.906591601582523
      ],
      [
       129.59741130548477,
       22.655872842537697
      ],
      [
       130.0331189457598,
       22.318462155262214
      ],
      [
       130.39069496513554,
       21.907326043245977
      ],
      [
       130.65639791771827,
       21.43826423670598
      ],
      [
       130.82001698804822,
       20.929302517814662
      ],
      [
       130.6835800945438,
       20.4
      ],
      [
       130.63201585551167,
       19.905984316706313
      ],
      [
       130.4793047232037,
       19.430953379074417
      ],
      [
       130.23131530079317,
       18.993162359637086
      ],
      [
       129.89757768270914,
       18.609435321755264
      ],
      [
       129.49091721845247,
       18.294518680298147
      ],
      [
       129.02696164160665,
       18.060514505189644
      ],
      [
       128.52354050480062,
       17.91641544564812
      ],
      [
       128.0,
       17.686884801128656
      ],
      [
       127.43906374485648,
       17.7390165489087
      ],
      [
       126.89968395542144,
       17.893408398417474
      ],
      [
       126.40258869451522,
       18.1441271574623
      ],
      [
       125.96688105424019,
       18.481537844737783
      ],
      [
       125.60930503486448,
       18.89267395675402
      ],
      [
       125.34360208228173,
       19.36173576329402
      ],
      [
       125.17998301195179,
       19.870697482185335
      ],
      [
       125.3164199054562,
       20.4
      ],
      [
       125.36798414448833,
       20.894015683293684
      ],
      [
       125.52069527679629,
       21.36904662092558
      ],
      [
       125.76868469920684,
       21.80683764036291
      ],
      [
       126.10242231729084,
       22.190564678244733
      ],
      [
       126.50908278154753,
       22.50548131970185
      ],
      [
       126.97303835839335,
       22.739485494810353
      ],
      [
       127.47645949519938,
       22.883584554351877
      ],
      [
       128.0,
       23.11311519887134
      ]
     ]
    ]
   },
   "properties": {
    "time": "2026-07-10 05:00:00",
    "beaufort_threshold": 10,
    "grade": "强台风",
    "pressure_hpa": 945.0,
    "wind_ms": 45.0
   }
  },
  {
   "type": "Feature",
   "geometry": {
    "type": "Polygon",
    "coordinates": [
     [
      [
       128.0,
       22.027869119322805
      ],
      [
       128.3365617530861,
       21.996590070654776
      ],
      [
       128.66018962674713,
       21.903954960949513
      ],
      [
       128.95844678329087,
       21.753523705522618
      ],
      [
       129.21987136745588,
       21.551077293157327
      ],
      [
       129.4344169790813,
       21.304395625947585
      ],
      [
       129.59383875063097,
       21.022958542023588
      ],
      [
       129.69201019282892,
       20.717581510688795
      ],
      [
       129.15010575480449,
       20.4
      ],
      [
       129.12800679521928,
       20.188278992874135
      ],
      [
       129.0625591670873,
       19.984694305317607
      ],
      [
       128.9562779860542,
       19.797069582701607
      ],
      [
       128.81324757830393,
       19.63261513789511
      ],
      [
       128.6389645221939,
       19.49765086298492
      ],
      [
       128.44012641783144,
       19.397363359366988
      ],
      [
       128.2243745020574,
       19.335606619563478
      ],
      [
       128.0,
       18.772130880677192
      ],
      [
       127.66343824691388,
       18.80340992934522
      ],
      [
       127.33981037325287,
       18.896045039050485
      ],
      [
       127.04155321670913,
       19.04647629447738
      ],
      [
       126.78012863254412,
       19.24892270684267
      ],
      [
       126.56558302091868,
       19.495604374052412
      ],
      [
       126.40616124936903,
       19.777041457976413
      ],
      [
       126.30798980717107,
       20.082418489311202
      ],
      [
       126.84989424519551,
       20.4
      ],
      [
       126.87199320478072,
       20.611721007125862
      ],
      [
       126.9374408329127,
       20.81530569468239
      ],
      [
       127.0437220139458,
       21.00293041729839
      ],
      [
       127.18675242169607,
       21.167384862104885
      ],
      [
       127.36103547780608,
       21.302349137015078
      ],
      [
       127.55987358216858,
       21.40263664063301
      ],
      [
       127.77562549794258,
       21.46439338043652
      ],
      [
       128.0,
       22.027869119322805
      ]
     ]
    ]
   },
   "properties": {
    "time": "2026-07-10 05:00:00",
    "beaufort_threshold": 12,
    "grade": "强台风",
    "pressure_hpa": 945.0,
    "wind_ms": 45.0
   }
  },
  {
   "type": "Feature",
   "geometry": {
    "type": "Polygon",
    "coordinates": [
     [
      [
       127.6,
       25.321858664785573
      ],
      [
       128.5373502505586,
       25.234972418485498
      ],
      [
       129.4386786566603,
       24.977652669304206
      ],
      [
       130.26934767312943,
       24.559788070896168
      ],
      [
       130.99743515550762,
       23.99743692543703
      ],
      [
       131.59496111016324,
       23.31221007207663
      ],
      [
       132.03896294975527,
       22.530440394509966
      ],
      [
       132.3123779325873,
       21.68217086302444
      ],
      [
       132.40469887420204,
       20.8
      ],
      [
       132.3123779325873,
       19.917829136975563
      ],
      [
       132.03896294975527,
       19.069559605490035
      ],
      [
       131.59496111016324,
       18.28778992792337
      ],
      [
       130.99743515550762,
       17.602563074562973
      ],
      [
       130.26934767312943,
       17.040211929103833
      ],
      [
       129.4386786566603,
       16.622347330695796
      ],
      [
       128.5373502505586,
       16.365027581514504
      ],
      [
       127.6,
       16.730327201692987
      ],
      [
       126.75638477449725,
       16.808524823363054
      ],
      [
       125.9451892090057,
       17.040112597626216
      ],
      [
       125.19758709418349,
       17.416190736193453
      ],
      [
       124.54230836004312,
       17.922306767106676
      ],
      [
       124.00453500085308,
       18.539010935131035
      ],
      [
       123.60493334522025,
       19.242603644941035
      ],
      [
       123.3588598606714,
       20.006046223278005
      ],
      [
       122.98748908076604,
       20.8
      ],
      [
       123.07611718471617,
       21.64688402850346
      ],
      [
       123.33859556823492,
       22.461222778729567
      ],
      [
       123.76483733424328,
       23.21172166919356
      ],
      [
       124.33846225071267,
       23.869539448419545
      ],
      [
       125.03742623379573,
       24.40939654806032
      ],
      [
       125.8348684896061,
       24.81054656253204
      ],
      [
       126.70014375946373,
       25.057573521746075
      ],
      [
       127.6,
       25.321858664785573
      ]
     ]
    ]
   },
   "properties": {
    "time": "2026-07-10 08:00:00",
    "beaufort_threshold": 7,
    "grade": "强台风",
    "pressure_hpa": 955.0,
    "wind_ms": 42.0
   }
  },
  {
   "type": "Feature",
   "geometry": {
    "type": "Polygon",
    "coordinates": [
     [
      [
       127.6,
       23.513115198871343
      ],
      [
       128.16241015033515,
       23.4609834510913
      ],
      [
       128.70320719399618,
       23.306591601582525
      ],
      [
       129.20160860387767,
       23.0558728425377
      ],
      [
       129.63846109330458,
       22.718462155262216
      ],
      [
       129.99697666609794,
       22.30732604324598
      ],
      [
       130.26337776985315,
       21.83826423670598
      ],
      [
       130.4274267595524,
       21.329302517814664
      ],
      [
       130.29063136955313,
       20.8
      ],
      [
       130.2389316422489,
       20.305984316706315
      ],
      [
       130.08581925186294,
       19.83095337907442
      ],
      [
       129.8371782216914,
       19.39316235963709
      ],
      [
       129.50256368708426,
       19.009435321755266
      ],
      [
       129.0948346969525,
       18.69451868029815
      ],
      [
       128.62966004772977,
       18.460514505189646
      ],
      [
       128.12491614031282,
       18.316415445648122
      ],
      [
       127.6,
       18.086884801128658
      ],
      [
       127.03758984966483,
       18.139016548908703
      ],
      [
       126.49679280600381,
       18.293408398417476
      ],
      [
       125.99839139612233,
       18.544127157462302
      ],
      [
       125.56153890669542,
       18.881537844737785
      ],
      [
       125.20302333390205,
       19.292673956754022
      ],
      [
       124.93662223014682,
       19.761735763294023
      ],
      [
       124.7725732404476,
       20.270697482185337
      ],
      [
       124.90936863044685,
       20.8
      ],
      [
       124.96106835775109,
       21.294015683293686
      ],
      [
       125.11418074813703,
       21.769046620925582
      ],
      [
       125.36282177830859,
       22.206837640362913
      ],
      [
       125.69743631291573,
       22.590564678244736
      ],
      [
       126.1051653030475,
       22.905481319701853
      ],
      [
       126.57033995227022,
       23.13948549481036
      ],
      [
       127.07508385968717,
       23.28358455435188
      ],
      [
       127.6,
       23.513115198871343
      ]
     ]
    ]
   },
   "properties": {
    "time": "2026-07-10 08:00:00",
    "beaufort_threshold": 10,
    "grade": "强台风",
    "pressure_hpa": 955.0,
    "wind_ms": 42.0
   }
  },
  {
   "type": "Feature",
   "geometry": {
    "type": "Polygon",
    "coordinates": [
     [
      [
       127.6,
       21.97568325284425
      ],
      [
       127.84371106514523,
       21.95309282880623
      ],
      [
       128.07805645073168,
       21.886189694019095
      ],
      [
       128.29403039501366,
       21.777544898433003
      ],
      [
       128.48333314043197,
       21.631333600613626
      ],
      [
       128.63868988864243,
       21.453174618739926
      ],
      [
       128.75413036693638,
       21.24991450257259
      ],
      [
       128.8252182624727,
       21.029364424386355
      ],
      [
       128.65703375232445,
       20.8
      ],
      [
       128.6367231451692,
       20.605922410134625
      ],
      [
       128.57657184894614,
       20.419303113207807
      ],
      [
       128.4788914442359,
       20.24731378414314
      ],
      [
       128.34743573421167,
       20.096563876403856
      ],
      [
       128.18725648808848,
       19.972846624402845
      ],
      [
       128.00450930446527,
       19.880916412753074
      ],
      [
       127.80621705512289,
       19.824306067933193
      ],
      [
       127.6,
       19.624316747155753
      ],
      [
       127.35628893485476,
       19.64690717119377
      ],
      [
       127.12194354926831,
       19.713810305980907
      ],
      [
       126.90596960498634,
       19.822455101566998
      ],
      [
       126.71666685956801,
       19.968666399386375
      ],
      [
       126.56131011135756,
       20.146825381260076
      ],
      [
       126.44586963306362,
       20.35008549742741
      ],
      [
       126.37478173752729,
       20.570635575613647
      ],
      [
       126.54296624767555,
       20.8
      ],
      [
       126.56327685483079,
       20.994077589865377
      ],
      [
       126.62342815105383,
       21.180696886792195
      ],
      [
       126.72110855576408,
       21.35268621585686
      ],
      [
       126.85256426578832,
       21.503436123596146
      ],
      [
       127.01274351191152,
       21.627153375597157
      ],
      [
       127.19549069553473,
       21.719083587246928
      ],
      [
       127.3937829448771,
       21.775693932066808
      ],
      [
       127.6,
       21.97568325284425
      ]
     ]
    ]
   },
   "properties": {
    "time": "2026-07-10 08:00:00",
    "beaufort_threshold": 12,
    "grade": "强台风",
    "pressure_hpa": 955.0,
    "wind_ms": 42.0
   }
  },
  {
   "type": "Feature",
   "geometry": {
    "type": "Polygon",
    "coordinates": [
     [
      [
       127.3,
       25.621858664785574
      ],
      [
       128.23923121494184,
       25.5349724184855
      ],
      [
       129.14236830102038,
       25.27765266930421
      ],
      [
       129.97470420650276,
       24.859788070896165
      ],
      [
       130.70425272932064,
       24.29743692543703
      ],
      [
       131.30297772887766,
       23.61221007207663
      ],
      [
       131.74787053920969,
       22.830440394509967
      ],
      [
       132.02183417911442,
       21.98217086302444
      ],
      [
       132.11434037955087,
       21.1
      ],
      [
       132.02183417911442,
       20.217829136975563
      ],
      [
       131.74787053920969,
       19.369559605490036
      ],
      [
       131.30297772887766,
       18.587789927923374
      ],
      [
       130.70425272932064,
       17.902563074562977
      ],
      [
       129.97470420650276,
       17.340211929103834
      ],
      [
       129.14236830102038,
       16.922347330695793
      ],
      [
       128.23923121494184,
       16.665027581514504
      ],
      [
       127.3,
       17.030327201692984
      ],
      [
       126.45469190655236,
       17.108524823363055
      ],
      [
       125.64186852908165,
       17.340112597626216
      ],
      [
       124.89276621414751,
       17.716190736193454
      ],
      [
       124.23617254361142,
       18.222306767106677
      ],
      [
       123.6973200440101,
       18.839010935131036
      ],
      [
       123.29691651471128,
       19.542603644941035
      ],
      [
       123.05034923879703,
       20.306046223278006
      ],
      [
       122.67823323563115,
       21.1
      ],
      [
       122.76703918805016,
       21.94688402850346
      ],
      [
       123.0300442823587,
       22.761222778729568
      ],
      [
       123.45714138027743,
       23.511721669193562
      ],
      [
       124.03191737985217,
       24.169539448419545
      ],
      [
       124.73228396175735,
       24.70939654806032
      ],
      [
       125.53132643102043,
       25.11054656253204
      ],
      [
       126.39833803365583,
       25.357573521746076
      ],
      [
       127.3,
       25.621858664785574
      ]
     ]
    ]
   },
   "properties": {
    "time": "2026-07-10 11:00:00",
    "beaufort_threshold": 7,
    "grade": "台风",
    "pressure_hpa": 960.0,
    "wind_ms": 40.0
   }
  },
  {
   "type": "Feature",
   "geometry": {
    "type": "Polygon",
    "coordinates": [
     [
      [
       127.3,
       23.813115198871344
      ],
      [
       127.8635387289651,
       23.7609834510913
      ],
      [
       128.40542098061223,
       23.606591601582526
      ],
      [
       128.90482252390166,
       23.3558728425377
      ],
      [
       129.34255163759238,
       23.018462155262217
      ],
      [
       129.7017866373266,
       22.60732604324598
      ],
      [
       129.9687223235258,
       22.138264236705982
      ],
      [
       130.13310050746864,
       21.629302517814665
      ],
      [
       129.99603061254848,
       21.1
      ],
      [
       129.94422714030406,
       20.605984316706316
      ],
      [
       129.79080750195743,
       20.13095337907442
      ],
      [
       129.5416675281715,
       19.69316235963709
      ],
      [
       129.20638152841957,
       19.309435321755267
      ],
      [
       128.79783435564156,
       18.99451868029815
      ],
      [
       128.3317262485714,
       18.760514505189647
      ],
      [
       127.82596948036742,
       18.616415445648123
      ],
      [
       127.3,
       18.38688480112866
      ],
      [
       126.7364612710349,
       18.439016548908704
      ],
      [
       126.19457901938777,
       18.593408398417477
      ],
      [
       125.69517747609834,
       18.844127157462303
      ],
      [
       125.25744836240762,
       19.181537844737786
      ],
      [
       124.8982133626734,
       19.592673956754023
      ],
      [
       124.63127767647418,
       20.061735763294024
      ],
      [
       124.46689949253135,
       20.570697482185338
      ],
      [
       124.6039693874515,
       21.1
      ],
      [
       124.65577285969593,
       21.594015683293687
      ],
      [
       124.80919249804258,
       22.069046620925583
      ],
      [
       125.0583324718285,
       22.506837640362914
      ],
      [
       125.39361847158044,
       22.890564678244736
      ],
      [
       125.80216564435845,
       23.205481319701853
      ],
      [
       126.26827375142858,
       23.439485494810356
      ],
      [
       126.77403051963257,
       23.58358455435188
      ],
      [
       127.3,
       23.813115198871344
      ]
     ]
    ]
   },
   "properties": {
    "time": "2026-07-10 11:00:00",
    "beaufort_threshold": 10,
    "grade": "台风",
    "pressure_hpa": 960.0,
    "wind_ms": 40.0
   }
  },
  {
   "type": "Feature",
   "geometry": {
    "type": "Polygon",
    "coordinates": [
     [
      [
       127.3,
       22.27568325284425
      ],
      [
       127.54420011588488,
       22.25309282880623
      ],
      [
       127.7790157582653,
       22.186189694019095
      ],
      [
       127.99542309369072,
       22.077544898433004
      ],
      [
       128.18510570962337,
       21.931333600613627
      ],
      [
       128.3407742095082,
       21.753174618739926
      ],
      [
       128.4564463401945,
       21.54991450257259
      ],
      [
       128.52767688656974,
       21.329364424386355
      ],
      [
       128.3591548835012,
       21.1
      ],
      [
       128.33880351940516,
       20.905922410134625
      ],
      [
       128.27853151862612,
       20.719303113207808
      ],
      [
       128.18065510035308,
       20.547313784143142
      ],
      [
       128.04893560045053,
       20.396563876403857
      ],
      [
       127.8884349254306,
       20.272846624402845
      ],
      [
       127.70532102622448,
       20.180916412753074
      ],
      [
       127.5066308672872,
       20.124306067933194
      ],
      [
       127.3,
       19.924316747155753
      ],
      [
       127.05579988411512,
       19.94690717119377
      ],
      [
       126.82098424173469,
       20.013810305980908
      ],
      [
       126.60457690630928,
       20.122455101567
      ],
      [
       126.41489429037662,
       20.268666399386376
      ],
      [
       126.25922579049181,
       20.446825381260076
      ],
      [
       126.14355365980548,
       20.650085497427412
      ],
      [
       126.07232311343026,
       20.870635575613647
      ],
      [
       126.2408451164988,
       21.1
      ],
      [
       126.26119648059483,
       21.294077589865378
      ],
      [
       126.32146848137387,
       21.480696886792195
      ],
      [
       126.41934489964692,
       21.65268621585686
      ],
      [
       126.55106439954946,
       21.803436123596146
      ],
      [
       126.71156507456939,
       21.927153375597157
      ],
      [
       126.89467897377551,
       22.01908358724693
      ],
      [
       127.0933691327128,
       22.07569393206681
      ],
      [
       127.3,
       22.27568325284425
      ]
     ]
    ]
   },
   "properties": {
    "time": "2026-07-10 11:00:00",
    "beaufort_threshold": 12,
    "grade": "台风",
    "pressure_hpa": 960.0,
    "wind_ms": 40.0
   }
  },
  {
   "type": "Feature",
   "geometry": {
    "type": "Polygon",
    "coordinates": [
     [
      [
       126.9,
       26.321858664785573
      ],
      [
       127.84375062777433,
       26.234972418485498
      ],
      [
       128.75123344818473,
       25.977652669304206
      ],
      [
       129.58757440536507,
       25.559788070896168
      ],
      [
       130.32063338535633,
       24.99743692543703
      ],
      [
       130.92223934266164,
       24.31221007207663
      ],
      [
       131.36927289772626,
       23.530440394509966
      ],
      [
       131.6445548017284,
       22.68217086302444
      ],
      [
       131.7375061254771,
       21.8
      ],
      [
       131.6445548017284,
       20.917829136975563
      ],
      [
       131.36927289772626,
       20.069559605490035
      ],
      [
       130.92223934266164,
       19.28778992792337
      ],
      [
       130.32063338535633,
       18.602563074562973
      ],
      [
       129.58757440536507,
       18.040211929103833
      ],
      [
       128.75123344818473,
       17.622347330695796
      ],
      [
       127.84375062777433,
       17.365027581514504
      ],
      [
       126.9,
       17.27814133521443
      ],
      [
       125.95624937222568,
       17.365027581514504
      ],
      [
       125.04876655181529,
       17.622347330695796
      ],
      [
       124.21242559463494,
       18.040211929103833
      ],
      [
       123.4793666146437,
       18.602563074562973
      ],
      [
       122.87776065733837,
       19.287789927923374
      ],
      [
       122.43072710227374,
       20.069559605490035
      ],
      [
       122.15544519827161,
       20.917829136975563
      ],
      [
       122.255994119542,
       21.8
      ],
      [
       122.34522739034074,
       22.64688402850346
      ],
      [
       122.60949801818279,
       23.461222778729567
      ],
      [
       123.03865023104484,
       24.21172166919356
      ],
      [
       123.61619195005794,
       24.869539448419545
      ],
      [
       124.31992857084954,
       25.40939654806032
      ],
      [
       125.12281588974267,
       25.81054656253204
      ],
      [
       125.99399939733665,
       26.057573521746075
      ],
      [
       126.9,
       26.321858664785573
      ]
     ]
    ]
   },
   "properties": {
    "time": "2026-07-10 14:00:00",
    "beaufort_threshold": 7,
    "grade": "台风",
    "pressure_hpa": 960.0,
    "wind_ms": 40.0
   }
  },
  {
   "type": "Feature",
   "geometry": {
    "type": "Polygon",
    "coordinates": [
     [
      [
       126.9,
       24.9653010653499
      ],
      [
       127.56062543944203,
       24.90448069293985
      ],
      [
       128.1958634137293,
       24.724356868512945
      ],
      [
       128.78130208375555,
       24.431851649627315
      ],
      [
       129.29444336974942,
       24.03820584780592
      ],
      [
       129.71556753986314,
       23.55854705045364
      ],
      [
       130.02849102840838,
       23.011308276156978
      ],
      [
       130.2211883612099,
       22.417519604117107
      ],
      [
       129.99600392030536,
       21.8
      ],
      [
       129.9365150731062,
       21.23541064766436
      ],
      [
       129.7603346545448,
       20.692518147513624
      ],
      [
       129.47423317930344,
       20.192185553870956
      ],
      [
       129.08920536662805,
       19.753640367720305
      ],
      [
       128.62004761943365,
       19.393735634626456
      ],
      [
       128.08478940683824,
       19.12630229164531
      ],
      [
       127.50400040177557,
       18.961617652169284
      ],
      [
       126.9,
       19.086884801128658
      ],
      [
       126.33374962333541,
       19.139016548908703
      ],
      [
       125.78925993108918,
       19.293408398417476
      ],
      [
       125.28745535678097,
       19.544127157462302
      ],
      [
       124.84761996878622,
       19.881537844737785
      ],
      [
       124.48665639440303,
       20.292673956754022
      ],
      [
       124.21843626136425,
       20.761735763294023
      ],
      [
       124.05326711896296,
       21.270697482185337
      ],
      [
       124.19099656973283,
       21.8
      ],
      [
       124.24304931103211,
       22.294015683293686
      ],
      [
       124.3972071772733,
       22.769046620925582
      ],
      [
       124.6475459681095,
       23.206837640362913
      ],
      [
       124.98444530420046,
       23.590564678244736
      ],
      [
       125.39495833299557,
       23.905481319701853
      ],
      [
       125.86330926901657,
       24.13948549481036
      ],
      [
       126.37149964844639,
       24.28358455435188
      ],
      [
       126.9,
       24.9653010653499
      ]
     ]
    ]
   },
   "properties": {
    "time": "2026-07-10 14:00:00",
    "beaufort_threshold": 10,
    "grade": "台风",
    "pressure_hpa": 960.0,
    "wind_ms": 40.0
   }
  },
  {
   "type": "Feature",
   "geometry": {
    "type": "Polygon",
    "coordinates": [
     [
      [
       126.9,
       22.885246079548537
      ],
      [
       127.12650015066585,
       22.86439338043652
      ],
      [
       127.34429602756434,
       22.80263664063301
      ],
      [
       127.54501785728762,
       22.70234913701508
      ],
      [
       127.72095201248553,
       22.567384862104888
      ],
      [
       127.8653374422388,
       22.402930417298393
      ],
      [
       127.97262549545431,
       22.215305694682392
      ],
      [
       128.03869315241482,
       22.011721007125864
      ],
      [
       127.96425134760497,
       21.8
      ],
      [
       127.94380205638025,
       21.605922410134625
      ],
      [
       127.88324003749979,
       21.419303113207807
      ],
      [
       127.78489265538556,
       21.24731378414314
      ],
      [
       127.65253934477839,
       21.096563876403856
      ],
      [
       127.49126636918032,
       20.972846624402845
      ],
      [
       127.30727135860064,
       20.880916412753074
      ],
      [
       127.10762513811035,
       20.824306067933193
      ],
      [
       126.9,
       20.714753920451464
      ],
      [
       126.67349984933416,
       20.73560661956348
      ],
      [
       126.45570397243567,
       20.79736335936699
      ],
      [
       126.2549821427124,
       20.89765086298492
      ],
      [
       126.07904798751449,
       21.032615137895114
      ],
      [
       125.93466255776121,
       21.19706958270161
      ],
      [
       125.8273745045457,
       21.38469430531761
      ],
      [
       125.76130684758519,
       21.588278992874134
      ],
      [
       125.83574865239504,
       21.8
      ],
      [
       125.85619794361976,
       21.994077589865377
      ],
      [
       125.91675996250022,
       22.180696886792195
      ],
      [
       126.01510734461445,
       22.35268621585686
      ],
      [
       126.14746065522162,
       22.503436123596146
      ],
      [
       126.30873363081969,
       22.627153375597157
      ],
      [
       126.49272864139937,
       22.719083587246928
      ],
      [
       126.69237486188966,
       22.775693932066808
      ],
      [
       126.9,
       22.885246079548537
      ]
     ]
    ]
   },
   "properties": {
    "time": "2026-07-10 14:00:00",
    "beaufort_threshold": 12,
    "grade": "台风",
    "pressure_hpa": 960.0,
    "wind_ms": 40.0
   }
  },
  {
   "type": "Feature",
   "geometry": {
    "type": "Polygon",
    "coordinates": [
     [
      [
       126.8,
       26.42185866478557
      ],
      [
       127.74441134232062,
       26.334972418485496
      ],
      [
       128.65252948638786,
       26.077652669304207
      ],
      [
       129.4894559612037,
       25.659788070896163
      ],
      [
       130.22302815169476,
       25.097436925437027
      ],
      [
       130.8250552899725,
       24.412210072076626
      ],
      [
       131.2724018107336,
       23.630440394509964
      ],
      [
       131.54787643806006,
       22.782170863024437
      ],
      [
       131.64089283651165,
       21.9
      ],
      [
       131.54787643806006,
       21.01782913697556
      ],
      [
       131.2724018107336,
       20.169559605490033
      ],
      [
       130.8250552899725,
       19.38778992792337
      ],
      [
       130.22302815169476,
       18.702563074562974
      ],
      [
       129.4894559612037,
       18.14021192910383
      ],
      [
       128.65252948638786,
       17.72234733069579
      ],
      [
       127.74441134232062,
       17.4650275815145
      ],
      [
       126.8,
       17.378141335214426
      ],
      [
       125.85558865767938,
       17.4650275815145
      ],
      [
       124.94747051361215,
       17.72234733069579
      ],
      [
       124.11054403879629,
       18.140211929103835
      ],
      [
       123.37697184830523,
       18.70256307456297
      ],
      [
       122.77494471002748,
       19.38778992792337
      ],
      [
       122.32759818926638,
       20.169559605490036
      ],
      [
       122.05212356193994,
       21.01782913697556
      ],
      [
       122.15274287694882,
       21.9
      ],
      [
       122.24203861946233,
       22.74688402850346
      ],
      [
       122.50649426169572,
       23.561222778729565
      ],
      [
       122.93594692162638,
       24.31172166919356
      ],
      [
       123.51389297437302,
       24.969539448419543
      ],
      [
       124.21812227724445,
       25.509396548060316
      ],
      [
       125.02157169306766,
       25.910546562532037
      ],
      [
       125.89336511137219,
       26.157573521746073
      ],
      [
       126.8,
       26.42185866478557
      ]
     ]
    ]
   },
   "properties": {
    "time": "2026-07-10 15:00:00",
    "beaufort_threshold": 7,
    "grade": "台风",
    "pressure_hpa": 960.0,
    "wind_ms": 40.0
   }
  },
  {
   "type": "Feature",
   "geometry": {
    "type": "Polygon",
    "coordinates": [
     [
      [
       126.8,
       25.0653010653499
      ],
      [
       127.46108793962443,
       25.004480692939847
      ],
      [
       128.0967706404715,
       24.824356868512943
      ],
      [
       128.68261917284258,
       24.531851649627313
      ],
      [
       129.19611970618632,
       24.138205847805917
      ],
      [
       129.61753870298077,
       23.658547050453638
      ],
      [
       129.93068126751353,
       23.111308276156976
      ],
      [
       130.12351350664204,
       22.517519604117105
      ],
      [
       129.89817141536744,
       21.9
      ],
      [
       129.83864092035844,
       21.335410647664357
      ],
      [
       129.66233715886952,
       20.792518147513622
      ],
      [
       129.3760353855824,
       20.292185553870958
      ],
      [
       128.99073801708465,
       19.853640367720303
      ],
      [
       128.52125181517036,
       19.493735634626454
      ],
      [
       127.98561887128822,
       19.226302291645307
      ],
      [
       127.40442325908519,
       19.061617652169282
      ],
      [
       126.8,
       19.186884801128656
      ],
      [
       126.23335319460762,
       19.2390165489087
      ],
      [
       125.68848230816728,
       19.393408398417474
      ],
      [
       125.18632642327778,
       19.6441271574623
      ],
      [
       124.74618310898313,
       19.981537844737783
      ],
      [
       124.3849668260165,
       20.39267395675402
      ],
      [
       124.11655891355983,
       20.86173576329402
      ],
      [
       123.95127413716396,
       21.370697482185335
      ],
      [
       124.08910001155347,
       21.9
      ],
      [
       124.14118919468636,
       22.394015683293684
      ],
      [
       124.29545498598917,
       22.86904662092558
      ],
      [
       124.5459690376154,
       23.30683764036291
      ],
      [
       124.88310423505092,
       23.690564678244733
      ],
      [
       125.29390466172593,
       24.00548131970185
      ],
      [
       125.7625834876228,
       24.239485494810353
      ],
      [
       126.27112964830044,
       24.383584554351877
      ],
      [
       126.8,
       25.0653010653499
      ]
     ]
    ]
   },
   "properties": {
    "time": "2026-07-10 15:00:00",
    "beaufort_threshold": 10,
    "grade": "台风",
    "pressure_hpa": 960.0,
    "wind_ms": 40.0
   }
  },
  {
   "type": "Feature",
   "geometry": {
    "type": "Polygon",
    "coordinates": [
     [
      [
       126.8,
       22.985246079548535
      ],
      [
       127.02665872215695,
       22.96439338043652
      ],
      [
       127.24460707673308,
       22.90263664063301
      ],
      [
       127.44546943068889,
       22.802349137015078
      ],
      [
       127.62152675640674,
       22.667384862104885
      ],
      [
       127.7660132695934,
       22.50293041729839
      ],
      [
       127.87337643457606,
       22.31530569468239
      ],
      [
       127.93949034513442,
       22.111721007125862
      ],
      [
       127.86499642403255,
       21.9
      ],
      [
       127.84453281637322,
       21.705922410134622
      ],
      [
       127.7839283983614,
       21.519303113207805
      ],
      [
       127.68551216379394,
       21.34731378414314
      ],
      [
       127.55306619337284,
       21.196563876403854
      ],
      [
       127.39168031146481,
       21.072846624402843
      ],
      [
       127.20755648700532,
       20.98091641275307
      ],
      [
       127.00777049531054,
       20.92430606793319
      ],
      [
       126.8,
       20.814753920451462
      ],
      [
       126.57334127784304,
       20.835606619563478
      ],
      [
       126.35539292326692,
       20.897363359366988
      ],
      [
       126.1545305693111,
       20.99765086298492
      ],
      [
       125.97847324359326,
       21.13261513789511
      ],
      [
       125.8339867304066,
       21.297069582701607
      ],
      [
       125.72662356542394,
       21.484694305317607
      ],
      [
       125.66050965486558,
       21.68827899287413
      ],
      [
       125.73500357596744,
       21.9
      ],
      [
       125.75546718362678,
       22.094077589865375
      ],
      [
       125.8160716016386,
       22.280696886792192
      ],
      [
       125.91448783620605,
       22.452686215856858
      ],
      [
       126.04693380662715,
       22.603436123596143
      ],
      [
       126.20831968853518,
       22.727153375597155
      ],
      [
       126.39244351299467,
       22.819083587246926
      ],
      [
       126.59222950468946,
       22.875693932066806
      ],
      [
       126.8,
       22.985246079548535
      ]
     ]
    ]
   },
   "properties": {
    "time": "2026-07-10 15:00:00",
    "beaufort_threshold": 12,
    "grade": "台风",
    "pressure_hpa": 960.0,
    "wind_ms": 40.0
   }
  },
  {
   "type": "Feature",
   "geometry": {
    "type": "Polygon",
    "coordinates": [
     [
      [
       126.7,
       26.621858664785574
      ],
      [
       127.64574420347257,
       26.5349724184855
      ],
      [
       128.55514398758515,
       26.27765266930421
      ],
      [
       129.3932516286316,
       25.859788070896165
      ],
      [
       130.1278591199826,
       25.29743692543703
      ],
      [
       130.73073590771824,
       24.61221007207663
      ],
      [
       131.17871377498298,
       23.830440394509967
      ],
      [
       131.45457718356678,
       22.98217086302444
      ],
      [
       131.54772485738368,
       22.1
      ],
      [
       131.45457718356678,
       21.217829136975563
      ],
      [
       131.17871377498298,
       20.369559605490036
      ],
      [
       130.73073590771824,
       19.587789927923374
      ],
      [
       130.1278591199826,
       18.902563074562977
      ],
      [
       129.3932516286316,
       18.340211929103834
      ],
      [
       128.55514398758515,
       17.922347330695793
      ],
      [
       127.64574420347257,
       17.665027581514504
      ],
      [
       126.7,
       17.57814133521443
      ],
      [
       125.75425579652743,
       17.665027581514504
      ],
      [
       124.84485601241485,
       17.922347330695793
      ],
      [
       124.00674837136843,
       18.340211929103837
      ],
      [
       123.2721408800174,
       18.902563074562973
      ],
      [
       122.66926409228178,
       19.587789927923374
      ],
      [
       122.22128622501701,
       20.36955960549004
      ],
      [
       121.94542281643322,
       21.217829136975563
      ],
      [
       122.04618413691166,
       22.1
      ],
      [
       122.1356059037759,
       22.94688402850346
      ],
      [
       122.40043477601634,
       23.761222778729568
      ],
      [
       122.8304935285905,
       24.511721669193562
      ],
      [
       123.4092552448167,
       25.169539448419545
      ],
      [
       124.11447843651369,
       25.70939654806032
      ],
      [
       124.91906177191825,
       26.11054656253204
      ],
      [
       125.79208556466634,
       26.357573521746076
      ],
      [
       126.7,
       26.621858664785574
      ]
     ]
    ]
   },
   "properties": {
    "time": "2026-07-10 16:00:00",
    "beaufort_threshold": 7,
    "grade": "台风",
    "pressure_hpa": 960.0,
    "wind_ms": 40.0
   }
  },
  {
   "type": "Feature",
   "geometry": {
    "type": "Polygon",
    "coordinates": [
     [
      [
       126.7,
       25.265301065349902
      ],
      [
       127.3620209424308,
       25.20448069293985
      ],
      [
       127.99860079130961,
       25.024356868512946
      ],
      [
       128.5852761400421,
       24.731851649627316
      ],
      [
       129.0995013839878,
       24.33820584780592
      ],
      [
       129.52151513540275,
       23.85854705045364
      ],
      [
       129.8350996424881,
       23.31130827615698
      ],
      [
       130.02820402849673,
       22.717519604117108
      ],
      [
       129.80254390872557,
       22.1
      ],
      [
       129.74292939748273,
       21.53541064766436
      ],
      [
       129.56637681598912,
       20.992518147513625
      ],
      [
       129.27967098093967,
       20.49218555387096
      ],
      [
       128.89382983678885,
       20.053640367720305
      ],
      [
       128.4236810423242,
       19.693735634626456
      ],
      [
       127.8872921520545,
       19.42630229164531
      ],
      [
       127.30527629022245,
       19.261617652169285
      ],
      [
       126.7,
       19.38688480112866
      ],
      [
       126.13255347791646,
       19.439016548908704
      ],
      [
       125.5869136074489,
       19.593408398417477
      ],
      [
       125.08404902282106,
       19.844127157462303
      ],
      [
       124.64328452801044,
       20.181537844737786
      ],
      [
       124.28155845536907,
       20.592673956754023
      ],
      [
       124.0127717350102,
       21.061735763294024
      ],
      [
       123.84725368985994,
       21.570697482185338
      ],
      [
       123.98527407986514,
       22.1
      ],
      [
       124.03743677720261,
       22.594015683293687
      ],
      [
       124.19192028600953,
       23.069046620925583
      ],
      [
       124.4427878916778,
       23.506837640362914
      ],
      [
       124.78039889280974,
       23.890564678244736
      ],
      [
       125.19177908796632,
       24.205481319701853
      ],
      [
       125.66111936695232,
       24.439485494810356
      ],
      [
       126.17038324605537,
       24.58358455435188
      ],
      [
       126.7,
       25.265301065349902
      ]
     ]
    ]
   },
   "properties": {
    "time": "2026-07-10 16:00:00",
    "beaufort_threshold": 10,
    "grade": "台风",
    "pressure_hpa": 960.0,
    "wind_ms": 40.0
   }
  },
  {
   "type": "Feature",
   "geometry": {
    "type": "Polygon",
    "coordinates": [
     [
      [
       126.7,
       23.185246079548538
      ],
      [
       126.92697860883342,
       23.164393380436522
      ],
      [
       127.14523455702044,
       23.102636640633012
      ],
      [
       127.34638039087159,
       23.00234913701508
      ],
      [
       127.52268618879583,
       22.86738486210489
      ],
      [
       127.66737661785238,
       22.702930417298393
      ],
      [
       127.77489130599592,
       22.515305694682393
      ],
      [
       127.84109852405602,
       22.311721007125865
      ],
      [
       127.76649946862442,
       22.1
      ],
      [
       127.74600698038469,
       21.905922410134625
      ],
      [
       127.68531703049626,
       21.719303113207808
      ],
      [
       127.58676189969802,
       21.547313784143142
      ],
      [
       127.45412900639617,
       21.396563876403857
      ],
      [
       127.29251535829894,
       21.272846624402845
      ],
      [
       127.10813167726874,
       21.180916412753074
      ],
      [
       126.90806372476396,
       21.124306067933194
      ],
      [
       126.7,
       21.014753920451465
      ],
      [
       126.47302139116658,
       21.03560661956348
      ],
      [
       126.25476544297956,
       21.09736335936699
      ],
      [
       126.05361960912842,
       21.197650862984922
      ],
      [
       125.87731381120417,
       21.332615137895115
      ],
      [
       125.73262338214762,
       21.49706958270161
      ],
      [
       125.62510869400408,
       21.68469430531761
      ],
      [
       125.55890147594398,
       21.888278992874135
      ],
      [
       125.63350053137559,
       22.1
      ],
      [
       125.65399301961531,
       22.294077589865378
      ],
      [
       125.71468296950374,
       22.480696886792195
      ],
      [
       125.81323810030199,
       22.65268621585686
      ],
      [
       125.94587099360383,
       22.803436123596146
      ],
      [
       126.10748464170106,
       22.927153375597157
      ],
      [
       126.29186832273128,
       23.01908358724693
      ],
      [
       126.49193627523604,
       23.07569393206681
      ],
      [
       126.7,
       23.185246079548538
      ]
     ]
    ]
   },
   "properties": {
    "time": "2026-07-10 16:00:00",
    "beaufort_threshold": 12,
    "grade": "台风",
    "pressure_hpa": 960.0,
    "wind_ms": 40.0
   }
  },
  {
   "type": "Feature",
   "geometry": {
    "type": "Polygon",
    "coordinates": [
     [
      [
       126.6,
       26.72185866478557
      ],
      [
       127.54641637435564,
       26.634972418485496
      ],
      [
       128.45646249820123,
       26.377652669304204
      ],
      [
       129.2951658093571,
       25.959788070896167
      ],
      [
       130.03029540992577,
       25.397436925437027
      ],
      [
       130.63360068162282,
       24.71221007207663
      ],
      [
       131.08189694119443,
       23.930440394509965
      ],
      [
       131.3579564147927,
       23.082170863024437
      ],
      [
       131.4511702916632,
       22.2
      ],
      [
       131.3579564147927,
       21.31782913697556
      ],
      [
       131.08189694119443,
       20.469559605490034
      ],
      [
       130.63360068162282,
       19.68778992792337
      ],
      [
       130.03029540992577,
       19.00256307456297
      ],
      [
       129.2951658093571,
       18.440211929103832
      ],
      [
       128.45646249820123,
       18.022347330695794
      ],
      [
       127.54641637435564,
       17.765027581514502
      ],
      [
       126.6,
       17.678141335214427
      ],
      [
       125.65358362564434,
       17.765027581514502
      ],
      [
       124.74353750179877,
       18.022347330695794
      ],
      [
       123.9048341906429,
       18.440211929103832
      ],
      [
       123.16970459007422,
       19.00256307456297
      ],
      [
       122.56639931837717,
       19.687789927923372
      ],
      [
       122.11810305880554,
       20.469559605490034
      ],
      [
       121.84204358520728,
       21.31782913697556
      ],
      [
       121.94287652000332,
       22.2
      ],
      [
       122.03236184179899,
       23.04688402850346
      ],
      [
       122.29737893645333,
       23.861222778729566
      ],
      [
       122.72774334564208,
       24.61172166919356
      ],
      [
       123.30691640647125,
       25.269539448419543
      ],
      [
       124.01264082301718,
       25.80939654806032
      ],
      [
       124.81779600172682,
       26.210546562532038
      ],
      [
       125.69144028061856,
       26.457573521746074
      ],
      [
       126.6,
       26.72185866478557
      ]
     ]
    ]
   },
   "properties": {
    "time": "2026-07-10 17:00:00",
    "beaufort_threshold": 7,
    "grade": "台风",
    "pressure_hpa": 960.0,
    "wind_ms": 40.0
   }
  },
  {
   "type": "Feature",
   "geometry": {
    "type": "Polygon",
    "coordinates": [
     [
      [
       126.6,
       25.3653010653499
      ],
      [
       127.26249146204894,
       25.304480692939848
      ],
      [
       127.89952374874086,
       25.124356868512944
      ],
      [
       128.48661606654997,
       24.831851649627314
      ],
      [
       129.00120678694805,
       24.438205847805918
      ],
      [
       129.42352047713598,
       23.95854705045364
      ],
      [
       129.7373278588361,
       23.411308276156976
      ],
      [
       129.93056949035488,
       22.817519604117106
      ],
      [
       129.70474898666444,
       22.2
      ],
      [
       129.64509210546734,
       21.635410647664358
      ],
      [
       129.46841404236443,
       21.092518147513623
      ],
      [
       129.1815044362386,
       20.592185553870955
      ],
      [
       128.79538906235248,
       20.153640367720303
      ],
      [
       128.32490611798855,
       19.793735634626454
      ],
      [
       127.78813599884879,
       19.526302291645308
      ],
      [
       127.2057064795876,
       19.361617652169283
      ],
      [
       126.6,
       19.486884801128657
      ],
      [
       126.0321501753866,
       19.5390165489087
      ],
      [
       125.48612250107925,
       19.693408398417475
      ],
      [
       124.98290051438573,
       19.9441271574623
      ],
      [
       124.54182275404453,
       20.281537844737784
      ],
      [
       124.1798395910263,
       20.69267395675402
      ],
      [
       123.91086183528333,
       21.161735763294022
      ],
      [
       123.74522615112437,
       21.670697482185336
      ],
      [
       123.8833446366686,
       22.2
      ],
      [
       123.93554440771607,
       22.694015683293685
      ],
      [
       124.09013771293111,
       23.16904662092558
      ],
      [
       124.34118361829121,
       23.60683764036291
      ],
      [
       124.67903457044156,
       23.990564678244734
      ],
      [
       125.09070714676002,
       24.30548131970185
      ],
      [
       125.5603810010073,
       24.539485494810357
      ],
      [
       126.07000683036082,
       24.683584554351878
      ],
      [
       126.6,
       25.3653010653499
      ]
     ]
    ]
   },
   "properties": {
    "time": "2026-07-10 17:00:00",
    "beaufort_threshold": 10,
    "grade": "台风",
    "pressure_hpa": 960.0,
    "wind_ms": 40.0
   }
  },
  {
   "type": "Feature",
   "geometry": {
    "type": "Polygon",
    "coordinates": [
     [
      [
       126.6,
       23.285246079548536
      ],
      [
       126.82713992984534,
       23.26439338043652
      ],
      [
       127.04555099956829,
       23.20263664063301
      ],
      [
       127.2468397942457,
       23.10234913701508
      ],
      [
       127.42327089838219,
       22.967384862104886
      ],
      [
       127.56806416358947,
       22.80293041729839
      ],
      [
       127.67565526588666,
       22.61530569468239
      ],
      [
       127.74190953955025,
       22.411721007125863
      ],
      [
       127.6672574641659,
       22.2
      ],
      [
       127.64675041125439,
       22.005922410134623
      ],
      [
       127.58601732706278,
       21.819303113207805
      ],
      [
       127.48739214995702,
       21.64731378414314
      ],
      [
       127.35466499018366,
       21.496563876403854
      ],
      [
       127.19293647805856,
       21.372846624402843
      ],
      [
       127.00842174960427,
       21.280916412753072
      ],
      [
       126.80821160235824,
       21.224306067933192
      ],
      [
       126.6,
       21.114753920451463
      ],
      [
       126.37286007015464,
       21.13560661956348
      ],
      [
       126.1544490004317,
       21.19736335936699
      ],
      [
       125.95316020575429,
       21.29765086298492
      ],
      [
       125.7767291016178,
       21.432615137895112
      ],
      [
       125.63193583641052,
       21.597069582701607
      ],
      [
       125.52434473411333,
       21.784694305317608
      ],
      [
       125.45809046044974,
       21.988278992874132
      ],
      [
       125.53274253583409,
       22.2
      ],
      [
       125.5532495887456,
       22.394077589865375
      ],
      [
       125.61398267293721,
       22.580696886792193
      ],
      [
       125.71260785004297,
       22.75268621585686
      ],
      [
       125.84533500981632,
       22.903436123596144
      ],
      [
       126.00706352194143,
       23.027153375597155
      ],
      [
       126.19157825039572,
       23.119083587246926
      ],
      [
       126.39178839764175,
       23.175693932066807
      ],
      [
       126.6,
       23.285246079548536
      ]
     ]
    ]
   },
   "properties": {
    "time": "2026-07-10 17:00:00",
    "beaufort_threshold": 12,
    "grade": "台风",
    "pressure_hpa": 960.0,
    "wind_ms": 40.0
   }
  },
  {
   "type": "Feature",
   "geometry": {
    "type": "Polygon",
    "coordinates": [
     [
      [
       126.4,
       26.92185866478557
      ],
      [
       127.34777225810464,
       26.834972418485496
      ],
      [
       128.2591221598471,
       26.577652669304207
      ],
      [
       129.09902703959438,
       26.159788070896163
      ],
      [
       129.83520982384184,
       25.597436925437027
      ],
      [
       130.4393794210469,
       24.912210072076626
      ],
      [
       130.88831793241124,
       24.130440394509964
      ],
      [
       131.1647729027107,
       23.282170863024437
      ],
      [
       131.2581203224744,
       22.4
      ],
      [
       131.1647729027107,
       21.51782913697556
      ],
      [
       130.88831793241124,
       20.669559605490033
      ],
      [
       130.4393794210469,
       19.88778992792337
      ],
      [
       129.83520982384184,
       19.202563074562974
      ],
      [
       129.09902703959438,
       18.64021192910383
      ],
      [
       128.2591221598471,
       18.22234733069579
      ],
      [
       127.34777225810464,
       17.9650275815145
      ],
      [
       126.4,
       17.878141335214426
      ],
      [
       125.45222774189537,
       17.9650275815145
      ],
      [
       124.5408778401529,
       18.22234733069579
      ],
      [
       123.70097296040564,
       18.640211929103835
      ],
      [
       122.96479017615817,
       19.20256307456297
      ],
      [
       122.36062057895309,
       19.88778992792337
      ],
      [
       121.91168206758877,
       20.669559605490036
      ],
      [
       121.63522709728932,
       21.51782913697556
      ],
      [
       121.73620449042457,
       22.4
      ],
      [
       121.82581801339774,
       23.24688402850346
      ],
      [
       122.09121478488522,
       24.061222778729565
      ],
      [
       122.52219575579497,
       24.81172166919356
      ],
      [
       123.10219856911185,
       25.469539448419543
      ],
      [
       123.8089340419894,
       26.009396548060316
      ],
      [
       124.61524272654678,
       26.410546562532037
      ],
      [
       125.49013863221955,
       26.657573521746073
      ],
      [
       126.4,
       26.92185866478557
      ]
     ]
    ]
   },
   "properties": {
    "time": "2026-07-10 18:00:00",
    "beaufort_threshold": 7,
    "grade": "台风",
    "pressure_hpa": 960.0,
    "wind_ms": 40.0
   }
  },
  {
   "type": "Feature",
   "geometry": {
    "type": "Polygon",
    "coordinates": [
     [
      [
       126.4,
       25.5653010653499
      ],
      [
       127.06344058067324,
       25.504480692939847
      ],
      [
       127.70138551189298,
       25.324356868512943
      ],
      [
       128.28931892771607,
       25.031851649627313
      ],
      [
       128.80464687668928,
       24.638205847805917
      ],
      [
       129.22756559473285,
       24.158547050453638
      ],
      [
       129.54182255268788,
       23.611308276156976
      ],
      [
       129.7353410318975,
       23.017519604117105
      ],
      [
       129.50919700638363,
       22.4
      ],
      [
       129.44945465773486,
       21.835410647664357
      ],
      [
       129.2725234767432,
       21.292518147513622
      ],
      [
       128.98520282947004,
       20.792185553870958
      ],
      [
       128.5985342872588,
       20.353640367720303
      ],
      [
       128.12737730534042,
       19.993735634626454
      ],
      [
       127.58983818230215,
       19.726302291645307
      ],
      [
       127.00657424518697,
       19.561617652169282
      ],
      [
       126.4,
       19.686884801128656
      ],
      [
       125.83133664513723,
       19.7390165489087
      ],
      [
       125.28452670409175,
       19.893408398417474
      ],
      [
       124.78058377624339,
       20.1441271574623
      ],
      [
       124.33887410569491,
       20.481537844737783
      ],
      [
       123.97637234737186,
       20.89267395675402
      ],
      [
       123.70700924055326,
       21.36173576329402
      ],
      [
       123.54113625837358,
       21.870697482185335
      ],
      [
       123.67945261941433,
       22.4
      ],
      [
       123.73172717448202,
       22.894015683293684
      ],
      [
       123.88654195784972,
       23.36904662092558
      ],
      [
       124.13794752421373,
       23.80683764036291
      ],
      [
       124.47628249864859,
       24.190564678244733
      ],
      [
       124.88854485782716,
       24.50548131970185
      ],
      [
       125.35889159048563,
       24.739485494810353
      ],
      [
       125.86924753546141,
       24.883584554351877
      ],
      [
       126.4,
       25.5653010653499
      ]
     ]
    ]
   },
   "properties": {
    "time": "2026-07-10 18:00:00",
    "beaufort_threshold": 10,
    "grade": "台风",
    "pressure_hpa": 960.0,
    "wind_ms": 40.0
   }
  },
  {
   "type": "Feature",
   "geometry": {
    "type": "Polygon",
    "coordinates": [
     [
      [
       126.4,
       23.485246079548535
      ],
      [
       126.62746534194511,
       23.46439338043652
      ],
      [
       126.84618931836332,
       23.40263664063301
      ],
      [
       127.04776648950265,
       23.302349137015078
      ],
      [
       127.22445035772205,
       23.167384862104885
      ],
      [
       127.36945106105127,
       23.00293041729839
      ],
      [
       127.4771963037787,
       22.81530569468239
      ],
      [
       127.54354549665057,
       22.611721007125862
      ],
      [
       127.46878647094438,
       22.4
      ],
      [
       127.44825003859636,
       22.205922410134622
      ],
      [
       127.38742994513048,
       22.019303113207805
      ],
      [
       127.28866347263033,
       21.84731378414314
      ],
      [
       127.1557461612452,
       21.696563876403854
      ],
      [
       126.99378594871077,
       21.572846624402843
      ],
      [
       126.80900687516638,
       21.48091641275307
      ],
      [
       126.60850989678302,
       21.42430606793319
      ],
      [
       126.4,
       21.314753920451462
      ],
      [
       126.1725346580549,
       21.335606619563478
      ],
      [
       125.9538106816367,
       21.397363359366988
      ],
      [
       125.75223351049736,
       21.49765086298492
      ],
      [
       125.57554964227796,
       21.63261513789511
      ],
      [
       125.43054893894875,
       21.797069582701607
      ],
      [
       125.32280369622131,
       21.984694305317607
      ],
      [
       125.25645450334945,
       22.18827899287413
      ],
      [
       125.33121352905563,
       22.4
      ],
      [
       125.35174996140366,
       22.594077589865375
      ],
      [
       125.41257005486953,
       22.780696886792192
      ],
      [
       125.51133652736968,
       22.952686215856858
      ],
      [
       125.6442538387548,
       23.103436123596143
      ],
      [
       125.80621405128925,
       23.227153375597155
      ],
      [
       125.99099312483364,
       23.319083587246926
      ],
      [
       126.19149010321699,
       23.375693932066806
      ],
      [
       126.4,
       23.485246079548535
      ]
     ]
    ]
   },
   "properties": {
    "time": "2026-07-10 18:00:00",
    "beaufort_threshold": 12,
    "grade": "台风",
    "pressure_hpa": 960.0,
    "wind_ms": 40.0
   }
  },
  {
   "type": "Feature",
   "geometry": {
    "type": "Polygon",
    "coordinates": [
     [
      [
       126.2,
       27.121858664785574
      ],
      [
       127.14914361404992,
       27.0349724184855
      ],
      [
       128.06181217129776,
       26.77765266930421
      ],
      [
       128.90293233091893,
       26.359788070896165
      ],
      [
       129.6401803168848,
       25.79743692543703
      ],
      [
       130.24522410254812,
       25.11221007207663
      ],
      [
       130.69481219453834,
       24.330440394509967
      ],
      [
       130.97166717461218,
       23.48217086302444
      ],
      [
       131.06514966114744,
       22.6
      ],
      [
       130.97166717461218,
       21.717829136975563
      ],
      [
       130.69481219453834,
       20.869559605490036
      ],
      [
       130.24522410254812,
       20.087789927923374
      ],
      [
       129.6401803168848,
       19.402563074562977
      ],
      [
       128.90293233091893,
       18.840211929103834
      ],
      [
       128.06181217129776,
       18.422347330695793
      ],
      [
       127.14914361404992,
       18.165027581514504
      ],
      [
       126.2,
       18.07814133521443
      ],
      [
       125.25085638595009,
       18.165027581514504
      ],
      [
       124.33818782870225,
       18.422347330695793
      ],
      [
       123.49706766908108,
       18.840211929103837
      ],
      [
       122.75981968311521,
       19.402563074562973
      ],
      [
       122.15477589745187,
       20.087789927923374
      ],
      [
       121.70518780546165,
       20.86955960549004
      ],
      [
       121.42833282538781,
       21.717829136975563
      ],
      [
       121.52945632529845,
       22.6
      ],
      [
       121.6191995123723,
       23.44688402850346
      ],
      [
       121.88498029324319,
       24.261222778729568
      ],
      [
       122.31658486155379,
       25.011721669193562
      ],
      [
       122.8974268957906,
       25.669539448419545
      ],
      [
       123.60518496231784,
       26.20939654806032
      ],
      [
       124.41266031555415,
       26.61054656253204
      ],
      [
       125.28882213051209,
       26.857573521746076
      ],
      [
       126.2,
       27.121858664785574
      ]
     ]
    ]
   },
   "properties": {
    "time": "2026-07-10 19:00:00",
    "beaufort_threshold": 7,
    "grade": "台风",
    "pressure_hpa": 960.0,
    "wind_ms": 40.0
   }
  },
  {
   "type": "Feature",
   "geometry": {
    "type": "Polygon",
    "coordinates": [
     [
      [
       126.2,
       25.765301065349902
      ],
      [
       126.86440052983494,
       25.70448069293985
      ],
      [
       127.50326851990843,
       25.524356868512946
      ],
      [
       128.09205263164324,
       25.231851649627316
      ],
      [
       128.60812622181936,
       24.83820584780592
      ],
      [
       129.0316568717837,
       24.35854705045364
      ],
      [
       129.34636853617684,
       23.81130827615698
      ],
      [
       129.54016702222853,
       23.217519604117108
      ],
      [
       129.31369578313436,
       22.6
      ],
      [
       129.2538669917518,
       22.03541064766436
      ],
      [
       129.07667980450455,
       21.492518147513625
      ],
      [
       128.7889434256308,
       20.99218555387096
      ],
      [
       128.40171540280627,
       20.553640367720305
      ],
      [
       127.92987669178812,
       20.193735634626456
      ],
      [
       127.39155978963058,
       19.92630229164531
      ],
      [
       126.80745191299195,
       19.761617652169285
      ],
      [
       126.2,
       19.88688480112866
      ],
      [
       125.63051383157006,
       19.939016548908704
      ],
      [
       125.08291269722135,
       20.093408398417477
      ],
      [
       124.57824060144864,
       20.344127157462303
      ],
      [
       124.13589180986912,
       20.681537844737786
      ],
      [
       123.77286553847112,
       21.092673956754023
      ],
      [
       123.503112683277,
       21.561735763294024
      ],
      [
       123.33699969523269,
       22.070697482185338
      ],
      [
       123.47551618975743,
       22.6
      ],
      [
       123.52786638221718,
       23.094015683293687
      ],
      [
       123.68290517105852,
       23.569046620925583
      ],
      [
       123.93467450257305,
       24.006837640362914
      ],
      [
       124.27349902254451,
       24.390564678244736
      ],
      [
       124.6863578946854,
       24.705481319701853
      ],
      [
       125.15738518407326,
       24.939485494810356
      ],
      [
       125.66847957613204,
       25.08358455435188
      ],
      [
       126.2,
       25.765301065349902
      ]
     ]
    ]
   },
   "properties": {
    "time": "2026-07-10 19:00:00",
    "beaufort_threshold": 10,
    "grade": "台风",
    "pressure_hpa": 960.0,
    "wind_ms": 40.0
   }
  },
  {
   "type": "Feature",
   "geometry": {
    "type": "Polygon",
    "coordinates": [
     [
      [
       126.2,
       23.685246079548538
      ],
      [
       126.42779446737198,
       23.664393380436522
      ],
      [
       126.64683492111146,
       23.602636640633012
      ],
      [
       126.84870375942054,
       23.50234913701508
      ],
      [
       127.02564327605235,
       23.36738486210489
      ],
      [
       127.17085378461155,
       23.202930417298393
      ],
      [
       127.2787549266892,
       23.015305694682393
      ],
      [
       127.34520012190693,
       22.811721007125865
      ],
      [
       127.27033292545244,
       22.6
      ],
      [
       127.24976677841468,
       22.405922410134625
      ],
      [
       127.18885868279844,
       22.219303113207808
      ],
      [
       127.0899493025606,
       22.047313784143142
      ],
      [
       126.95683966971465,
       21.896563876403857
      ],
      [
       126.79464511280217,
       21.772846624402845
      ],
      [
       126.60959867768551,
       21.680916412753074
      ],
      [
       126.40881159509098,
       21.624306067933194
      ],
      [
       126.2,
       21.514753920451465
      ],
      [
       125.97220553262802,
       21.53560661956348
      ],
      [
       125.75316507888854,
       21.59736335936699
      ],
      [
       125.55129624057946,
       21.697650862984922
      ],
      [
       125.37435672394766,
       21.832615137895115
      ],
      [
       125.22914621538845,
       21.99706958270161
      ],
      [
       125.1212450733108,
       22.18469430531761
      ],
      [
       125.05479987809308,
       22.388278992874135
      ],
      [
       125.12966707454757,
       22.6
      ],
      [
       125.15023322158532,
       22.794077589865378
      ],
      [
       125.21114131720157,
       22.980696886792195
      ],
      [
       125.31005069743941,
       23.15268621585686
      ],
      [
       125.44316033028535,
       23.303436123596146
      ],
      [
       125.60535488719783,
       23.427153375597157
      ],
      [
       125.7904013223145,
       23.51908358724693
      ],
      [
       125.99118840490902,
       23.57569393206681
      ],
      [
       126.2,
       23.685246079548538
      ]
     ]
    ]
   },
   "properties": {
    "time": "2026-07-10 19:00:00",
    "beaufort_threshold": 12,
    "grade": "台风",
    "pressure_hpa": 960.0,
    "wind_ms": 40.0
   }
  },
  {
   "type": "Feature",
   "geometry": {
    "type": "Polygon",
    "coordinates": [
     [
      [
       126.2,
       27.22185866478557
      ],
      [
       127.149835125523,
       27.134972418485496
      ],
      [
       128.0631686198458,
       26.877652669304204
      ],
      [
       128.90490158898498,
       26.459788070896167
      ],
      [
       129.64268670698573,
       25.897436925437027
      ],
      [
       130.24817130551796,
       25.21221007207663
      ],
      [
       130.69808695101975,
       24.430440394509965
      ],
      [
       130.97514363755008,
       23.582170863024437
      ],
      [
       131.06869423202076,
       22.7
      ],
      [
       130.97514363755008,
       21.81782913697556
      ],
      [
       130.69808695101975,
       20.969559605490034
      ],
      [
       130.24817130551796,
       20.18778992792337
      ],
      [
       129.64268670698573,
       19.50256307456297
      ],
      [
       128.90490158898498,
       18.940211929103832
      ],
      [
       128.0631686198458,
       18.522347330695794
      ],
      [
       127.149835125523,
       18.265027581514502
      ],
      [
       126.2,
       18.178141335214427
      ],
      [
       125.25016487447701,
       18.265027581514502
      ],
      [
       124.33683138015418,
       18.522347330695794
      ],
      [
       123.49509841101504,
       18.940211929103832
      ],
      [
       122.75731329301429,
       19.50256307456297
      ],
      [
       122.15182869448206,
       20.187789927923372
      ],
      [
       121.70191304898026,
       20.969559605490034
      ],
      [
       121.42485636244993,
       21.81782913697556
      ],
      [
       121.52605353726007,
       22.7
      ],
      [
       121.61586210795193,
       23.54688402850346
      ],
      [
       121.88183652702105,
       24.361222778729566
      ],
      [
       122.31375554670278,
       25.11172166919356
      ],
      [
       122.89502076129372,
       25.769539448419543
      ],
      [
       123.60329447457443,
       26.30939654806032
      ],
      [
       124.41135812494801,
       26.710546562532038
      ],
      [
       125.28815827949792,
       26.957573521746074
      ],
      [
       126.2,
       27.22185866478557
      ]
     ]
    ]
   },
   "properties": {
    "time": "2026-07-10 20:00:00",
    "beaufort_threshold": 7,
    "grade": "台风",
    "pressure_hpa": 960.0,
    "wind_ms": 40.0
   }
  },
  {
   "type": "Feature",
   "geometry": {
    "type": "Polygon",
    "coordinates": [
     [
      [
       126.2,
       25.8653010653499
      ],
      [
       126.8648845878661,
       25.804480692939848
      ],
      [
       127.50421803389207,
       25.624356868512944
      ],
      [
       128.0934311122895,
       25.331851649627314
      ],
      [
       128.60988069489,
       24.938205847805918
      ],
      [
       129.03371991386257,
       24.45854705045364
      ],
      [
       129.3486608657138,
       23.911308276156976
      ],
      [
       129.54260054628506,
       23.317519604117106
      ],
      [
       129.3159643084933,
       22.7
      ],
      [
       129.25609192803205,
       22.135410647664358
      ],
      [
       129.07877564865265,
       21.592518147513623
      ],
      [
       128.79082963553148,
       21.092185553870955
      ],
      [
       128.40331949247087,
       20.653640367720303
      ],
      [
       127.93113701695039,
       20.293735634626454
      ],
      [
       127.39242791670132,
       20.026302291645308
      ],
      [
       126.80789448033472,
       19.861617652169283
      ],
      [
       126.2,
       19.986884801128657
      ],
      [
       125.63009892468621,
       20.0390165489087
      ],
      [
       125.08209882809251,
       20.193408398417475
      ],
      [
       124.57705904660902,
       20.4441271574623
      ],
      [
       124.13438797580858,
       20.781537844737784
      ],
      [
       123.77109721668924,
       21.19267395675402
      ],
      [
       123.50114782938816,
       21.661735763294022
      ],
      [
       123.33491381746995,
       22.170697482185336
      ],
      [
       123.47353123006837,
       22.7
      ],
      [
       123.52591956297196,
       23.194015683293685
      ],
      [
       123.68107130742895,
       23.66904662092558
      ],
      [
       123.93302406890996,
       24.10683764036291
      ],
      [
       124.27209544408801,
       24.490564678244734
      ],
      [
       124.68525511016841,
       24.80548131970185
      ],
      [
       125.15662557288634,
       25.039485494810357
      ],
      [
       125.66809232970712,
       25.183584554351878
      ],
      [
       126.2,
       25.8653010653499
      ]
     ]
    ]
   },
   "properties": {
    "time": "2026-07-10 20:00:00",
    "beaufort_threshold": 10,
    "grade": "台风",
    "pressure_hpa": 960.0,
    "wind_ms": 40.0
   }
  },
  {
   "type": "Feature",
   "geometry": {
    "type": "Polygon",
    "coordinates": [
     [
      [
       126.2,
       23.785246079548536
      ],
      [
       126.42796043012552,
       23.76439338043652
      ],
      [
       126.647160468763,
       23.70263664063301
      ],
      [
       126.8491763813564,
       23.60234913701508
      ],
      [
       127.02624480967657,
       23.467384862104886
      ],
      [
       127.17156111332432,
       23.30293041729839
      ],
      [
       127.27954086824474,
       23.11530569468239
      ],
      [
       127.34603447301203,
       22.911721007125863
      ],
      [
       127.27111273104457,
       22.7
      ],
      [
       127.25053160026101,
       22.505922410134623
      ],
      [
       127.18957912922434,
       22.319303113207805
      ],
      [
       127.09059768721396,
       22.14731378414314
      ],
      [
       126.95739107553686,
       21.996563876403854
      ],
      [
       126.7950783495767,
       21.872846624402843
      ],
      [
       126.60989709636608,
       21.780916412753072
      ],
      [
       126.40896372761506,
       21.724306067933192
      ],
      [
       126.2,
       21.614753920451463
      ],
      [
       125.97203956987448,
       21.63560661956348
      ],
      [
       125.752839531237,
       21.69736335936699
      ],
      [
       125.5508236186436,
       21.79765086298492
      ],
      [
       125.37375519032344,
       21.932615137895112
      ],
      [
       125.22843888667569,
       22.097069582701607
      ],
      [
       125.12045913175527,
       22.284694305317608
      ],
      [
       125.05396552698798,
       22.488278992874132
      ],
      [
       125.12888726895544,
       22.7
      ],
      [
       125.14946839973899,
       22.894077589865375
      ],
      [
       125.21042087077566,
       23.080696886792193
      ],
      [
       125.30940231278605,
       23.25268621585686
      ],
      [
       125.44260892446314,
       23.403436123596144
      ],
      [
       125.60492165042331,
       23.527153375597155
      ],
      [
       125.79010290363392,
       23.619083587246926
      ],
      [
       125.99103627238495,
       23.675693932066807
      ],
      [
       126.2,
       23.785246079548536
      ]
     ]
    ]
   },
   "properties": {
    "time": "2026-07-10 20:00:00",
    "beaufort_threshold": 12,
    "grade": "台风",
    "pressure_hpa": 960.0,
    "wind_ms": 40.0
   }
  },
  {
   "type": "Feature",
   "geometry": {
    "type": "Polygon",
    "coordinates": [
     [
      [
       126.0,
       27.321858664785573
      ],
      [
       126.95053054294284,
       27.234972418485498
      ],
      [
       127.86453273018407,
       26.977652669304206
      ],
      [
       128.70688197024631,
       26.559788070896168
      ],
      [
       129.4452072542289,
       25.99743692543703
      ],
      [
       130.05113515552594,
       25.31221007207663
      ],
      [
       130.5013802046989,
       24.530440394509966
      ],
      [
       130.7786397370084,
       23.68217086302444
      ],
      [
       130.87225882411667,
       22.8
      ],
      [
       130.7786397370084,
       21.917829136975563
      ],
      [
       130.5013802046989,
       21.069559605490035
      ],
      [
       130.05113515552594,
       20.28778992792337
      ],
      [
       129.4452072542289,
       19.602563074562973
      ],
      [
       128.70688197024631,
       19.040211929103833
      ],
      [
       127.86453273018407,
       18.622347330695796
      ],
      [
       126.95053054294284,
       18.365027581514504
      ],
      [
       126.0,
       18.27814133521443
      ],
      [
       125.04946945705716,
       18.365027581514504
      ],
      [
       124.13546726981593,
       18.622347330695796
      ],
      [
       123.29311802975369,
       19.040211929103833
      ],
      [
       122.5547927457711,
       19.602563074562973
      ],
      [
       121.94886484447404,
       20.287789927923374
      ],
      [
       121.4986197953011,
       21.069559605490035
      ],
      [
       121.22136026299161,
       21.917829136975563
      ],
      [
       121.32263152884799,
       22.8
      ],
      [
       121.41250585247194,
       23.64688402850346
      ],
      [
       121.67867500348905,
       24.461222778729567
      ],
      [
       122.11091025069508,
       25.21172166919356
      ],
      [
       122.69260103594026,
       25.869539448419545
      ],
      [
       123.40139330856354,
       26.40939654806032
      ],
      [
       124.2100485790233,
       26.81054656253204
      ],
      [
       125.08749067877487,
       27.057573521746075
      ],
      [
       126.0,
       27.321858664785573
      ]
     ]
    ]
   },
   "properties": {
    "time": "2026-07-10 21:00:00",
    "beaufort_threshold": 7,
    "grade": "台风",
    "pressure_hpa": 960.0,
    "wind_ms": 40.0
   }
  },
  {
   "type": "Feature",
   "geometry": {
    "type": "Polygon",
    "coordinates": [
     [
      [
       126.0,
       25.9653010653499
      ],
      [
       126.66537138006,
       25.90448069293985
      ],
      [
       127.30517291112885,
       25.724356868512945
      ],
      [
       127.89481737917242,
       25.431851649627315
      ],
      [
       128.41164507796023,
       25.03820584780592
      ],
      [
       128.83579460886816,
       24.55854705045364
      ],
      [
       129.15096614328922,
       24.011308276156978
      ],
      [
       129.34504781590587,
       23.417519604117107
      ],
      [
       129.11824564743466,
       22.8
      ],
      [
       129.05832943168537,
       22.23541064766436
      ],
      [
       128.8808833310073,
       21.692518147513624
      ],
      [
       128.5927264995366,
       21.192185553870956
      ],
      [
       128.2049326427065,
       20.753640367720305
      ],
      [
       127.73240446095764,
       20.393735634626456
      ],
      [
       127.19330094731781,
       20.12630229164531
      ],
      [
       126.60833954748342,
       19.961617652169284
      ],
      [
       126.0,
       20.086884801128658
      ],
      [
       125.42968167423429,
       20.139016548908703
      ],
      [
       124.88128036188957,
       20.293408398417476
      ],
      [
       124.3758708178522,
       20.544127157462302
      ],
      [
       123.93287564746267,
       20.881537844737785
      ],
      [
       123.56931890668443,
       21.292673956754022
      ],
      [
       123.29917187718065,
       21.761735763294023
      ],
      [
       123.13281615779496,
       22.270697482185337
      ],
      [
       123.27153505849466,
       22.8
      ],
      [
       123.3239617472753,
       23.294015683293686
      ],
      [
       123.4792270853686,
       23.769046620925582
      ],
      [
       123.73136431290547,
       24.206837640362913
      ],
      [
       124.07068393763181,
       24.590564678244736
      ],
      [
       124.48414609666206,
       24.905481319701853
      ],
      [
       124.95586167109693,
       25.13948549481036
      ],
      [
       125.467702895952,
       25.28358455435188
      ],
      [
       126.0,
       25.9653010653499
      ]
     ]
    ]
   },
   "properties": {
    "time": "2026-07-10 21:00:00",
    "beaufort_threshold": 10,
    "grade": "台风",
    "pressure_hpa": 960.0,
    "wind_ms": 40.0
   }
  },
  {
   "type": "Feature",
   "geometry": {
    "type": "Polygon",
    "coordinates": [
     [
      [
       126.0,
       23.885246079548537
      ],
      [
       126.22812733030628,
       23.86439338043652
      ],
      [
       126.44748785524418,
       23.80263664063301
      ],
      [
       126.64965167285912,
       23.70234913701508
      ],
      [
       126.82684974101494,
       23.567384862104888
      ],
      [
       126.97227243732623,
       23.402930417298393
      ],
      [
       127.08033124912774,
       23.215305694682392
      ],
      [
       127.14687353688201,
       23.011721007125864
      ],
      [
       127.07189694130567,
       22.8
      ],
      [
       127.05130074214185,
       22.605922410134625
      ],
      [
       126.99030364503376,
       22.419303113207807
      ],
      [
       126.8912497342157,
       22.24731378414314
      ],
      [
       126.75794559593035,
       22.096563876403856
      ],
      [
       126.5955140334542,
       21.972846624402845
      ],
      [
       126.4101972006405,
       21.880916412753074
      ],
      [
       126.20911671944742,
       21.824306067933193
      ],
      [
       126.0,
       21.714753920451464
      ],
      [
       125.77187266969372,
       21.73560661956348
      ],
      [
       125.55251214475582,
       21.79736335936699
      ],
      [
       125.35034832714088,
       21.89765086298492
      ],
      [
       125.17315025898506,
       22.032615137895114
      ],
      [
       125.02772756267377,
       22.19706958270161
      ],
      [
       124.91966875087226,
       22.38469430531761
      ],
      [
       124.85312646311799,
       22.588278992874134
      ],
      [
       124.92810305869433,
       22.8
      ],
      [
       124.94869925785815,
       22.994077589865377
      ],
      [
       125.00969635496624,
       23.180696886792195
      ],
      [
       125.1087502657843,
       23.35268621585686
      ],
      [
       125.24205440406965,
       23.503436123596146
      ],
      [
       125.4044859665458,
       23.627153375597157
      ],
      [
       125.5898027993595,
       23.719083587246928
      ],
      [
       125.79088328055258,
       23.775693932066808
      ],
      [
       126.0,
       23.885246079548537
      ]
     ]
    ]
   },
   "properties": {
    "time": "2026-07-10 21:00:00",
    "beaufort_threshold": 12,
    "grade": "台风",
    "pressure_hpa": 960.0,
    "wind_ms": 40.0
   }
  },
  {
   "type": "Feature",
   "geometry": {
    "type": "Polygon",
    "coordinates": [
     [
      [
       125.9,
       27.521858664785572
      ],
      [
       126.85193314702462,
       27.434972418485497
      ],
      [
       127.76728403705935,
       27.17765266930421
      ],
      [
       128.61087624873483,
       26.759788070896164
      ],
      [
       129.35029100644837,
       26.197436925437028
      ],
      [
       129.95711301572956,
       25.512210072076627
      ],
      [
       130.40802244707146,
       24.730440394509966
      ],
      [
       130.68569110390052,
       23.882170863024438
      ],
      [
       130.7794483354532,
       23.0
      ],
      [
       130.68569110390052,
       22.117829136975562
      ],
      [
       130.40802244707146,
       21.269559605490034
      ],
      [
       129.95711301572956,
       20.487789927923373
      ],
      [
       129.35029100644837,
       19.802563074562975
      ],
      [
       128.61087624873483,
       19.240211929103832
      ],
      [
       127.76728403705935,
       18.82234733069579
      ],
      [
       126.85193314702462,
       18.565027581514503
      ],
      [
       125.9,
       18.478141335214428
      ],
      [
       124.94806685297539,
       18.565027581514503
      ],
      [
       124.03271596294066,
       18.82234733069579
      ],
      [
       123.18912375126517,
       19.240211929103836
      ],
      [
       122.44970899355165,
       19.802563074562972
      ],
      [
       121.84288698427045,
       20.487789927923373
      ],
      [
       121.39197755292855,
       21.269559605490038
      ],
      [
       121.11430889609949,
       22.117829136975562
      ],
      [
       121.21572959796495,
       23.0
      ],
      [
       121.30573654025551,
       23.84688402850346
      ],
      [
       121.5722984508114,
       24.661222778729567
      ],
      [
       122.00517150489964,
       25.41172166919356
      ],
      [
       122.58772063380958,
       26.069539448419544
      ],
      [
       123.29755880121456,
       26.609396548060317
      ],
      [
       124.10740732442304,
       27.01054656253204
      ],
      [
       124.98614417885636,
       27.257573521746075
      ],
      [
       125.9,
       27.521858664785572
      ]
     ]
    ]
   },
   "properties": {
    "time": "2026-07-10 22:00:00",
    "beaufort_threshold": 7,
    "grade": "台风",
    "pressure_hpa": 960.0,
    "wind_ms": 40.0
   }
  },
  {
   "type": "Feature",
   "geometry": {
    "type": "Polygon",
    "coordinates": [
     [
      [
       125.9,
       26.1653010653499
      ],
      [
       126.56635320291724,
       26.10448069293985
      ],
      [
       127.20709882594154,
       25.924356868512945
      ],
      [
       127.79761337411439,
       25.631851649627315
      ],
      [
       128.31520370451386,
       25.23820584780592
      ],
      [
       128.73997911101068,
       24.75854705045364
      ],
      [
       129.05561571295001,
       24.211308276156977
      ],
      [
       129.24998377273036,
       23.617519604117106
      ],
      [
       129.02284693469005,
       23.0
      ],
      [
       128.96284230649633,
       22.43541064766436
      ],
      [
       128.78513436612573,
       21.892518147513623
      ],
      [
       128.49655233006692,
       21.39218555387096
      ],
      [
       128.10818624412695,
       20.953640367720304
      ],
      [
       127.6349607991903,
       20.593735634626455
      ],
      [
       127.095061783718,
       20.32630229164531
      ],
      [
       126.50923721409576,
       20.161617652169284
      ],
      [
       125.9,
       20.286884801128657
      ],
      [
       125.32884011178523,
       20.339016548908702
      ],
      [
       124.7796295777644,
       20.493408398417476
      ],
      [
       124.27347425075911,
       20.7441271574623
      ],
      [
       123.82982539613099,
       21.081537844737785
      ],
      [
       123.46573219056228,
       21.49267395675402
      ],
      [
       123.19518653175713,
       21.961735763294023
      ],
      [
       123.02858533765969,
       22.470697482185336
      ],
      [
       123.16750893214622,
       23.0
      ],
      [
       123.22001298181571,
       23.494015683293686
      ],
      [
       123.37550742963998,
       23.96904662092558
      ],
      [
       123.62801671119145,
       24.406837640362912
      ],
      [
       123.96783703638893,
       24.790564678244735
      ],
      [
       124.3819093007085,
       25.105481319701852
      ],
      [
       124.85432093924678,
       25.339485494810354
      ],
      [
       125.36691743766622,
       25.48358455435188
      ],
      [
       125.9,
       26.1653010653499
      ]
     ]
    ]
   },
   "properties": {
    "time": "2026-07-10 22:00:00",
    "beaufort_threshold": 10,
    "grade": "台风",
    "pressure_hpa": 960.0,
    "wind_ms": 40.0
   }
  },
  {
   "type": "Feature",
   "geometry": {
    "type": "Polygon",
    "coordinates": [
     [
      [
       125.9,
       24.085246079548536
      ],
      [
       126.12846395528591,
       24.06439338043652
      ],
      [
       126.34814816889426,
       24.00263664063301
      ],
      [
       126.55061029969636,
       23.90234913701508
      ],
      [
       126.72806984154761,
       23.767384862104887
      ],
      [
       126.8737071237751,
       23.602930417298392
      ],
      [
       126.98192538729715,
       23.41530569468239
      ],
      [
       127.04856586493614,
       23.211721007125863
      ],
      [
       126.9734786337997,
       23.0
      ],
      [
       126.95285204285813,
       22.805922410134624
      ],
      [
       126.89176493835572,
       22.619303113207806
      ],
      [
       126.79256486346051,
       22.44731378414314
      ],
      [
       126.65906402141864,
       22.296563876403855
      ],
      [
       126.49639277472167,
       22.172846624402844
      ],
      [
       126.31080248815306,
       22.080916412753073
      ],
      [
       126.10942529234542,
       22.024306067933193
      ],
      [
       125.9,
       21.914753920451464
      ],
      [
       125.6715360447141,
       21.93560661956348
      ],
      [
       125.45185183110576,
       21.99736335936699
      ],
      [
       125.24938970030365,
       22.09765086298492
      ],
      [
       125.0719301584524,
       22.232615137895113
      ],
      [
       124.9262928762249,
       22.397069582701608
      ],
      [
       124.81807461270286,
       22.58469430531761
      ],
      [
       124.75143413506387,
       22.788278992874133
      ],
      [
       124.82652136620031,
       23.0
      ],
      [
       124.84714795714189,
       23.194077589865376
      ],
      [
       124.90823506164429,
       23.380696886792194
      ],
      [
       125.0074351365395,
       23.55268621585686
      ],
      [
       125.14093597858137,
       23.703436123596145
      ],
      [
       125.30360722527834,
       23.827153375597156
      ],
      [
       125.48919751184695,
       23.919083587246927
      ],
      [
       125.69057470765459,
       23.975693932066807
      ],
      [
       125.9,
       24.085246079548536
      ]
     ]
    ]
   },
   "properties": {
    "time": "2026-07-10 22:00:00",
    "beaufort_threshold": 12,
    "grade": "台风",
    "pressure_hpa": 960.0,
    "wind_ms": 40.0
   }
  },
  {
   "type": "Feature",
   "geometry": {
    "type": "Polygon",
    "coordinates": [
     [
      [
       125.8,
       27.621858664785574
      ],
      [
       126.75264035962395,
       27.5349724184855
      ],
      [
       127.66867128447441,
       27.27765266930421
      ],
      [
       128.51289021982547,
       26.859788070896165
      ],
      [
       129.252854305435,
       26.29743692543703
      ],
      [
       129.86012713646963,
       25.61221007207663
      ],
      [
       130.31137155859528,
       24.830440394509967
      ],
      [
       130.58924650173046,
       23.98217086302444
      ],
      [
       130.6830733876445,
       23.1
      ],
      [
       130.58924650173046,
       22.217829136975563
      ],
      [
       130.31137155859528,
       21.369559605490036
      ],
      [
       129.86012713646963,
       20.587789927923374
      ],
      [
       129.252854305435,
       19.902563074562977
      ],
      [
       128.51289021982547,
       19.340211929103834
      ],
      [
       127.66867128447441,
       18.922347330695793
      ],
      [
       126.75264035962395,
       18.665027581514504
      ],
      [
       125.8,
       18.57814133521443
      ],
      [
       124.84735964037604,
       18.665027581514504
      ],
      [
       123.93132871552558,
       18.922347330695793
      ],
      [
       123.08710978017453,
       19.340211929103837
      ],
      [
       122.34714569456501,
       19.902563074562973
      ],
      [
       121.73987286353035,
       20.587789927923374
      ],
      [
       121.2886284414047,
       21.36955960549004
      ],
      [
       121.01075349826954,
       22.217829136975563
      ],
      [
       121.11224954786128,
       23.1
      ],
      [
       121.20232335833876,
       23.94688402850346
      ],
      [
       121.46908330374852,
       24.761222778729568
      ],
      [
       121.90227794898914,
       25.511721669193562
      ],
      [
       122.48525986678241,
       26.169539448419545
      ],
      [
       123.19562538896754,
       26.70939654806032
      ],
      [
       124.00607556690456,
       27.11054656253204
      ],
      [
       124.885465254761,
       27.357573521746076
      ],
      [
       125.8,
       27.621858664785574
      ]
     ]
    ]
   },
   "properties": {
    "time": "2026-07-10 23:00:00",
    "beaufort_threshold": 7,
    "grade": "台风",
    "pressure_hpa": 960.0,
    "wind_ms": 40.0
   }
  },
  {
   "type": "Feature",
   "geometry": {
    "type": "Polygon",
    "coordinates": [
     [
      [
       125.8,
       26.265301065349902
      ],
      [
       126.46684825173676,
       26.20448069293985
      ],
      [
       127.10806989913209,
       26.024356868512946
      ],
      [
       127.69902315387782,
       25.731851649627316
      ],
      [
       128.2169980138045,
       25.33820584780592
      ],
      [
       128.64208899552875,
       24.85854705045364
      ],
      [
       128.9579600910167,
       24.31130827615698
      ],
      [
       129.1524725512113,
       23.717519604117108
      ],
      [
       128.92516696809247,
       23.1
      ],
      [
       128.86511776110748,
       22.53541064766436
      ],
      [
       128.687277797501,
       21.992518147513625
      ],
      [
       128.39848136734057,
       21.49218555387096
      ],
      [
       128.0098267554784,
       21.053640367720305
      ],
      [
       127.53624974068829,
       20.693735634626456
      ],
      [
       126.99594962206362,
       20.42630229164531
      ],
      [
       126.40968983015932,
       20.261617652169285
      ],
      [
       125.8,
       20.38688480112866
      ],
      [
       125.22841578422563,
       20.439016548908704
      ],
      [
       124.67879722931535,
       20.593408398417477
      ],
      [
       124.17226586810472,
       20.844127157462303
      ],
      [
       123.72828741673901,
       21.181537844737786
      ],
      [
       123.36392371811822,
       21.592673956754023
      ],
      [
       123.09317706484282,
       22.061735763294024
      ],
      [
       122.92645209896173,
       22.570697482185338
      ],
      [
       123.06547890291908,
       23.1
      ],
      [
       123.11802195903094,
       23.594015683293687
      ],
      [
       123.27363192718663,
       24.069046620925583
      ],
      [
       123.526328803577,
       24.506837640362914
      ],
      [
       123.8664015889564,
       24.890564678244736
      ],
      [
       124.28078147689773,
       25.205481319701853
      ],
      [
       124.75354408069433,
       25.439485494810356
      ],
      [
       125.26652139861058,
       25.58358455435188
      ],
      [
       125.8,
       26.265301065349902
      ]
     ]
    ]
   },
   "properties": {
    "time": "2026-07-10 23:00:00",
    "beaufort_threshold": 10,
    "grade": "台风",
    "pressure_hpa": 960.0,
    "wind_ms": 40.0
   }
  },
  {
   "type": "Feature",
   "geometry": {
    "type": "Polygon",
    "coordinates": [
     [
      [
       125.8,
       24.185246079548538
      ],
      [
       126.02863368630975,
       24.164393380436522
      ],
      [
       126.24848110827386,
       24.102636640633012
      ],
      [
       126.4510936527581,
       24.00234913701508
      ],
      [
       126.6286850333044,
       23.86738486210489
      ],
      [
       126.77443051275272,
       23.702930417298393
      ],
      [
       126.88272917406287,
       23.515305694682393
      ],
      [
       126.9494191604153,
       23.311721007125865
      ],
      [
       126.87427614528178,
       23.1
      ],
      [
       126.85363423038069,
       22.905922410134625
      ],
      [
       126.79250174289096,
       22.719303113207808
      ],
      [
       126.69322797002332,
       22.547313784143142
      ],
      [
       126.5596279471957,
       22.396563876403857
      ],
      [
       126.3968358483616,
       22.272846624402845
      ],
      [
       126.21110768258437,
       22.180916412753074
      ],
      [
       126.00958087911727,
       22.124306067933194
      ],
      [
       125.8,
       22.014753920451465
      ],
      [
       125.57136631369025,
       22.03560661956348
      ],
      [
       125.35151889172613,
       22.09736335936699
      ],
      [
       125.14890634724189,
       22.197650862984922
      ],
      [
       124.9713149666956,
       22.332615137895115
      ],
      [
       124.82556948724728,
       22.49706958270161
      ],
      [
       124.71727082593712,
       22.68469430531761
      ],
      [
       124.65058083958469,
       22.888278992874135
      ],
      [
       124.72572385471821,
       23.1
      ],
      [
       124.7463657696193,
       23.294077589865378
      ],
      [
       124.80749825710903,
       23.480696886792195
      ],
      [
       124.90677202997668,
       23.65268621585686
      ],
      [
       125.0403720528043,
       23.803436123596146
      ],
      [
       125.20316415163839,
       23.927153375597157
      ],
      [
       125.38889231741562,
       24.01908358724693
      ],
      [
       125.59041912088273,
       24.07569393206681
      ],
      [
       125.8,
       24.185246079548538
      ]
     ]
    ]
   },
   "properties": {
    "time": "2026-07-10 23:00:00",
    "beaufort_threshold": 12,
    "grade": "台风",
    "pressure_hpa": 960.0,
    "wind_ms": 40.0
   }
  },
  {
   "type": "Feature",
   "geometry": {
    "type": "Polygon",
    "coordinates": [
     [
      [
       125.6,
       27.821858664785573
      ],
      [
       126.55406667149913,
       27.734972418485498
      ],
      [
       127.47146909585929,
       27.477652669304206
      ],
      [
       128.31695201239756,
       27.059788070896168
      ],
      [
       129.0580239867836,
       26.49743692543703
      ],
      [
       129.66620603863979,
       25.81221007207663
      ],
      [
       130.11812607278563,
       25.030440394509966
      ],
      [
       130.39641705574863,
       24.18217086302444
      ],
      [
       130.4903844211209,
       23.3
      ],
      [
       130.39641705574863,
       22.417829136975563
      ],
      [
       130.11812607278563,
       21.569559605490035
      ],
      [
       129.66620603863979,
       20.78778992792337
      ],
      [
       129.0580239867836,
       20.102563074562973
      ],
      [
       128.31695201239756,
       19.540211929103833
      ],
      [
       127.47146909585929,
       19.122347330695796
      ],
      [
       126.55406667149913,
       18.865027581514504
      ],
      [
       125.6,
       18.77814133521443
      ],
      [
       124.64593332850086,
       18.865027581514504
      ],
      [
       123.7285309041407,
       19.122347330695796
      ],
      [
       122.88304798760244,
       19.540211929103833
      ],
      [
       122.14197601321636,
       20.102563074562973
      ],
      [
       121.5337939613602,
       20.787789927923374
      ],
      [
       121.08187392721435,
       21.569559605490035
      ],
      [
       120.80358294425136,
       22.417829136975563
      ],
      [
       120.90523095572395,
       23.3
      ],
      [
       120.9954396264813,
       24.14688402850346
      ],
      [
       121.26259897012578,
       24.961222778729567
      ],
      [
       121.6964422029058,
       25.71172166919356
      ],
      [
       122.28029697268771,
       26.369539448419545
      ],
      [
       122.99172606809833,
       26.90939654806032
      ],
      [
       123.80338966797507,
       27.31054656253204
      ],
      [
       124.68409599536082,
       27.557573521746075
      ],
      [
       125.6,
       27.821858664785573
      ]
     ]
    ]
   },
   "properties": {
    "time": "2026-07-11 00:00:00",
    "beaufort_threshold": 7,
    "grade": "强台风",
    "pressure_hpa": 955.0,
    "wind_ms": 42.0
   }
  },
  {
   "type": "Feature",
   "geometry": {
    "type": "Polygon",
    "coordinates": [
     [
      [
       125.6,
       26.4653010653499
      ],
      [
       126.26784667004938,
       26.40448069293985
      ],
      [
       126.9100283671015,
       26.224356868512945
      ],
      [
       127.50186640867828,
       25.931851649627315
      ],
      [
       128.02061679074853,
       25.53820584780592
      ],
      [
       128.44634422704786,
       25.05854705045364
      ],
      [
       128.76268825094994,
       24.511308276156978
      ],
      [
       128.95749193902404,
       23.917519604117107
      ],
      [
       128.72984602951735,
       23.3
      ],
      [
       128.66970691567911,
       22.73541064766436
      ],
      [
       128.4916006865828,
       22.192518147513624
      ],
      [
       128.20237186472946,
       21.692185553870956
      ],
      [
       127.81313535154152,
       21.253640367720305
      ],
      [
       127.33884928793444,
       20.893735634626456
      ],
      [
       126.79774022134995,
       20.62630229164531
      ],
      [
       126.21060266975944,
       20.461617652169284
      ],
      [
       125.6,
       20.586884801128658
      ],
      [
       125.02755999710051,
       20.639016548908703
      ],
      [
       124.47711854248442,
       20.793408398417476
      ],
      [
       123.96982879256146,
       21.044127157462302
      ],
      [
       123.52518560792981,
       21.381537844737785
      ],
      [
       123.16027637681611,
       21.792673956754022
      ],
      [
       122.88912435632861,
       22.261735763294023
      ],
      [
       122.72214976655081,
       22.770697482185337
      ],
      [
       122.8613847241723,
       23.3
      ],
      [
       122.91400644878075,
       23.794015683293686
      ],
      [
       123.06984939924004,
       24.269046620925582
      ],
      [
       123.32292461836171,
       24.706837640362913
      ],
      [
       123.66350656740116,
       25.090564678244736
      ],
      [
       124.07850687305736,
       25.405481319701853
      ],
      [
       124.55197730631879,
       25.63948549481036
      ],
      [
       125.06572266396049,
       25.78358455435188
      ],
      [
       125.6,
       26.4653010653499
      ]
     ]
    ]
   },
   "properties": {
    "time": "2026-07-11 00:00:00",
    "beaufort_threshold": 10,
    "grade": "强台风",
    "pressure_hpa": 955.0,
    "wind_ms": 42.0
   }
  },
  {
   "type": "Feature",
   "geometry": {
    "type": "Polygon",
    "coordinates": [
     [
      [
       125.6,
       24.385246079548537
      ],
      [
       125.82897600115979,
       24.36439338043652
      ],
      [
       126.04915258300623,
       24.30263664063301
      ],
      [
       126.2520684829754,
       24.20234913701508
      ],
      [
       126.42992575682807,
       24.067384862104888
      ],
      [
       126.57588944927355,
       23.902930417298393
      ],
      [
       126.68435025746855,
       23.715305694682392
      ],
      [
       126.75114009337966,
       23.511721007125864
      ],
      [
       126.6758845726466,
       23.3
      ],
      [
       126.65521175226469,
       23.105922410134625
      ],
      [
       126.59398773601283,
       22.919303113207807
      ],
      [
       126.49456532850074,
       22.74731378414314
      ],
      [
       126.3607652770924,
       22.596563876403856
      ],
      [
       126.19772944272746,
       22.472846624402845
      ],
      [
       126.01172320108904,
       22.380916412753074
      ],
      [
       125.80989466772981,
       22.324306067933193
      ],
      [
       125.6,
       22.214753920451464
      ],
      [
       125.3710239988402,
       22.23560661956348
      ],
      [
       125.15084741699376,
       22.29736335936699
      ],
      [
       124.94793151702459,
       22.39765086298492
      ],
      [
       124.77007424317192,
       22.532615137895114
      ],
      [
       124.62411055072644,
       22.69706958270161
      ],
      [
       124.51564974253144,
       22.88469430531761
      ],
      [
       124.44885990662033,
       23.088278992874134
      ],
      [
       124.5241154273534,
       23.3
      ],
      [
       124.5447882477353,
       23.494077589865377
      ],
      [
       124.60601226398715,
       23.680696886792195
      ],
      [
       124.70543467149923,
       23.85268621585686
      ],
      [
       124.83923472290759,
       24.003436123596146
      ],
      [
       125.00227055727252,
       24.127153375597157
      ],
      [
       125.18827679891095,
       24.219083587246928
      ],
      [
       125.39010533227018,
       24.275693932066808
      ],
      [
       125.6,
       24.385246079548537
      ]
     ]
    ]
   },
   "properties": {
    "time": "2026-07-11 00:00:00",
    "beaufort_threshold": 12,
    "grade": "强台风",
    "pressure_hpa": 955.0,
    "wind_ms": 42.0
   }
  },
  {
   "type": "Feature",
   "geometry": {
    "type": "Polygon",
    "coordinates": [
     [
      [
       125.5,
       28.021858664785572
      ],
      [
       126.45550892081518,
       27.934972418485497
      ],
      [
       127.37429816965901,
       27.67765266930421
      ],
      [
       128.22105919096137,
       27.259788070896164
      ],
      [
       128.96325143354267,
       26.697436925437028
      ],
      [
       129.57235286574667,
       26.012210072076627
      ],
      [
       130.02495606112186,
       25.230440394509966
      ],
      [
       130.3036677326927,
       24.382170863024438
      ],
      [
       130.39777714722408,
       23.5
      ],
      [
       130.3036677326927,
       22.617829136975562
      ],
      [
       130.02495606112186,
       21.769559605490034
      ],
      [
       129.57235286574667,
       20.987789927923373
      ],
      [
       128.96325143354267,
       20.302563074562975
      ],
      [
       128.22105919096137,
       19.740211929103832
      ],
      [
       127.37429816965901,
       19.32234733069579
      ],
      [
       126.45550892081518,
       19.065027581514503
      ],
      [
       125.5,
       18.978141335214428
      ],
      [
       124.54449107918482,
       19.065027581514503
      ],
      [
       123.62570183034099,
       19.32234733069579
      ],
      [
       122.77894080903863,
       19.740211929103836
      ],
      [
       122.03674856645735,
       20.302563074562972
      ],
      [
       121.42764713425332,
       20.987789927923373
      ],
      [
       120.97504393887814,
       21.769559605490038
      ],
      [
       120.69633226730728,
       22.617829136975562
      ],
      [
       120.79813393866488,
       23.5
      ],
      [
       120.88847897661499,
       24.34688402850346
      ],
      [
       121.15604218132302,
       25.161222778729567
      ],
      [
       121.59054124888318,
       25.91172166919356
      ],
      [
       122.17527862379904,
       26.569539448419544
      ],
      [
       122.88778317667709,
       27.109396548060317
      ],
      [
       123.70067375712735,
       27.51054656253204
      ],
      [
       124.58271143601742,
       27.757573521746075
      ],
      [
       125.5,
       28.021858664785572
      ]
     ]
    ]
   },
   "properties": {
    "time": "2026-07-11 01:00:00",
    "beaufort_threshold": 7,
    "grade": "强台风",
    "pressure_hpa": 955.0,
    "wind_ms": 42.0
   }
  },
  {
   "type": "Feature",
   "geometry": {
    "type": "Polygon",
    "coordinates": [
     [
      [
       125.5,
       26.6653010653499
      ],
      [
       126.16885624457063,
       26.60448069293985
      ],
      [
       126.8120087187613,
       26.424356868512945
      ],
      [
       127.40474143367295,
       26.131851649627315
      ],
      [
       127.92427600347986,
       25.73820584780592
      ],
      [
       128.35064700602268,
       25.25854705045364
      ],
      [
       128.6674692427853,
       24.711308276156977
      ],
      [
       128.86256741288489,
       24.117519604117106
      ],
      [
       128.63457737422343,
       23.5
      ],
      [
       128.57434734892334,
       22.93541064766436
      ],
      [
       128.39597187911798,
       22.392518147513623
      ],
      [
       128.1063058340779,
       21.89218555387096
      ],
      [
       127.7164809174673,
       21.453640367720304
      ],
      [
       127.24147788221528,
       21.093735634626455
      ],
      [
       126.69955082858176,
       20.82630229164531
      ],
      [
       126.11152570932171,
       20.661617652169284
      ],
      [
       125.5,
       20.786884801128657
      ],
      [
       124.92669464751089,
       20.839016548908702
      ],
      [
       124.3754210982046,
       20.993408398417476
      ],
      [
       123.86736448542318,
       21.2441271574623
      ],
      [
       123.4220491398744,
       21.581537844737785
      ],
      [
       123.05658828055199,
       21.99267395675402
      ],
      [
       122.78502636332689,
       22.461735763294023
      ],
      [
       122.61779936038437,
       22.970697482185336
      ],
      [
       122.7572447975545,
       23.5
      ],
      [
       122.80994606969207,
       23.994015683293686
      ],
      [
       122.96602460577176,
       24.46904662092558
      ],
      [
       123.21948239518186,
       24.906837640362912
      ],
      [
       123.56057919721611,
       25.290564678244735
      ],
      [
       123.97620685306163,
       25.605481319701852
      ],
      [
       124.45039302499096,
       25.839485494810354
      ],
      [
       124.9649150043435,
       25.98358455435188
      ],
      [
       125.5,
       26.6653010653499
      ]
     ]
    ]
   },
   "properties": {
    "time": "2026-07-11 01:00:00",
    "beaufort_threshold": 10,
    "grade": "强台风",
    "pressure_hpa": 955.0,
    "wind_ms": 42.0
   }
  },
  {
   "type": "Feature",
   "geometry": {
    "type": "Polygon",
    "coordinates": [
     [
      [
       125.5,
       24.585246079548536
      ],
      [
       125.72932214099565,
       24.56439338043652
      ],
      [
       125.94983156071817,
       24.50263664063301
      ],
      [
       126.15305420583073,
       24.40234913701508
      ],
      [
       126.33118034405024,
       24.267384862104887
      ],
      [
       126.4773646877792,
       24.102930417298392
      ],
      [
       126.58598945466925,
       23.91530569468239
      ],
      [
       126.65288025584626,
       23.711721007125863
      ],
      [
       126.5775109723893,
       23.5
      ],
      [
       126.5568069011924,
       23.305922410134624
      ],
      [
       126.49549033344681,
       23.119303113207806
      ],
      [
       126.39591763046427,
       22.94731378414314
      ],
      [
       126.26191531537938,
       22.796563876403855
      ],
      [
       126.0986330220115,
       22.672846624402844
      ],
      [
       125.91234559732499,
       22.580916412753073
      ],
      [
       125.71021196257934,
       22.524306067933193
      ],
      [
       125.5,
       22.414753920451464
      ],
      [
       125.27067785900435,
       22.43560661956348
      ],
      [
       125.05016843928183,
       22.49736335936699
      ],
      [
       124.84694579416927,
       22.59765086298492
      ],
      [
       124.66881965594976,
       22.732615137895113
      ],
      [
       124.5226353122208,
       22.897069582701608
      ],
      [
       124.41401054533075,
       23.08469430531761
      ],
      [
       124.34711974415374,
       23.288278992874133
      ],
      [
       124.4224890276107,
       23.5
      ],
      [
       124.4431930988076,
       23.694077589865376
      ],
      [
       124.50450966655319,
       23.880696886792194
      ],
      [
       124.60408236953573,
       24.05268621585686
      ],
      [
       124.73808468462062,
       24.203436123596145
      ],
      [
       124.9013669779885,
       24.327153375597156
      ],
      [
       125.08765440267501,
       24.419083587246927
      ],
      [
       125.28978803742066,
       24.475693932066807
      ],
      [
       125.5,
       24.585246079548536
      ]
     ]
    ]
   },
   "properties": {
    "time": "2026-07-11 01:00:00",
    "beaufort_threshold": 12,
    "grade": "强台风",
    "pressure_hpa": 955.0,
    "wind_ms": 42.0
   }
  },
  {
   "type": "Feature",
   "geometry": {
    "type": "Polygon",
    "coordinates": [
     [
      [
       125.3,
       28.22185866478557
      ],
      [
       126.2569672151863,
       28.134972418485496
      ],
      [
       127.17715871696637,
       27.877652669304204
      ],
      [
       128.02521206197616,
       27.459788070896167
      ],
      [
       128.76853703576077,
       26.897436925437027
      ],
      [
       129.37856807643905,
       26.21221007207663
      ],
      [
       129.8318620332271,
       25.430440394509965
      ],
      [
       130.11099907357575,
       24.582170863024437
      ],
      [
       130.20525211756623,
       23.7
      ],
      [
       130.11099907357575,
       22.81782913697556
      ],
      [
       129.8318620332271,
       21.969559605490034
      ],
      [
       129.37856807643905,
       21.18778992792337
      ],
      [
       128.76853703576077,
       20.50256307456297
      ],
      [
       128.02521206197616,
       19.940211929103832
      ],
      [
       127.17715871696637,
       19.522347330695794
      ],
      [
       126.2569672151863,
       19.265027581514502
      ],
      [
       125.3,
       19.178141335214427
      ],
      [
       124.3430327848137,
       19.265027581514502
      ],
      [
       123.42284128303362,
       19.522347330695794
      ],
      [
       122.57478793802382,
       19.940211929103832
      ],
      [
       121.83146296423924,
       20.50256307456297
      ],
      [
       121.22143192356094,
       21.187789927923372
      ],
      [
       120.7681379667729,
       21.969559605490034
      ],
      [
       120.48900092642424,
       22.81782913697556
      ],
      [
       120.5909579671364,
       23.7
      ],
      [
       120.68144088936728,
       24.54688402850346
      ],
      [
       120.94941244810198,
       25.361222778729566
      ],
      [
       121.38457464661852,
       26.11172166919356
      ],
      [
       121.97020444566967,
       26.769539448419543
      ],
      [
       122.68379642050287,
       27.30939654806032
      ],
      [
       123.49792763171227,
       27.710546562532038
      ],
      [
       124.38131147342115,
       27.957573521746074
      ],
      [
       125.3,
       28.22185866478557
      ]
     ]
    ]
   },
   "properties": {
    "time": "2026-07-11 02:00:00",
    "beaufort_threshold": 7,
    "grade": "强台风",
    "pressure_hpa": 955.0,
    "wind_ms": 42.0
   }
  },
  {
   "type": "Feature",
   "geometry": {
    "type": "Polygon",
    "coordinates": [
     [
      [
       125.3,
       26.8653010653499
      ],
      [
       125.9698770506304,
       26.804480692939848
      ],
      [
       126.61401110187646,
       26.624356868512944
      ],
      [
       127.20764844338332,
       26.331851649627314
      ],
      [
       127.72797592503254,
       25.938205847805918
      ],
      [
       128.15499765350734,
       25.45854705045364
      ],
      [
       128.47230342325898,
       24.911308276156976
      ],
      [
       128.66769935150302,
       24.317519604117106
      ],
      [
       128.4393613552424,
       23.7
      ],
      [
       128.37903940708847,
       23.135410647664358
      ],
      [
       128.20039170126535,
       22.592518147513623
      ],
      [
       127.91028356892099,
       22.092185553870955
      ],
      [
       127.51986370288688,
       21.653640367720303
      ],
      [
       127.04413571966475,
       21.293735634626454
      ],
      [
       126.50138157885848,
       21.026302291645308
      ],
      [
       125.91245901771923,
       20.861617652169283
      ],
      [
       125.3,
       20.986884801128657
      ],
      [
       124.72581967088821,
       21.0390165489087
      ],
      [
       124.17370476982018,
       21.193408398417475
      ],
      [
       123.66487276281428,
       21.4441271574623
      ],
      [
       123.21887777854354,
       21.781537844737784
      ],
      [
       122.85285915413657,
       22.19267395675402
      ],
      [
       122.58088278006373,
       22.661735763294022
      ],
      [
       122.41340055585455,
       23.170697482185336
      ],
      [
       122.5530588141629,
       23.7
      ],
      [
       122.60584051879758,
       24.194015683293685
      ],
      [
       122.76215726139282,
       24.66904662092558
      ],
      [
       123.01600187719413,
       25.10683764036291
      ],
      [
       123.35761925997397,
       25.490564678244734
      ],
      [
       123.77388124529334,
       25.80548131970185
      ],
      [
       124.24879111849883,
       26.039485494810357
      ],
      [
       124.76409835949568,
       26.183584554351878
      ],
      [
       125.3,
       26.8653010653499
      ]
     ]
    ]
   },
   "properties": {
    "time": "2026-07-11 02:00:00",
    "beaufort_threshold": 10,
    "grade": "强台风",
    "pressure_hpa": 955.0,
    "wind_ms": 42.0
   }
  },
  {
   "type": "Feature",
   "geometry": {
    "type": "Polygon",
    "coordinates": [
     [
      [
       125.3,
       24.785246079548536
      ],
      [
       125.5296721316447,
       24.76439338043652
      ],
      [
       125.75051809207193,
       24.70263664063301
      ],
      [
       125.95405089487429,
       24.60234913701508
      ],
      [
       126.13244888858259,
       24.467384862104886
      ],
      [
       126.27885633834536,
       24.30293041729839
      ],
      [
       126.3876468879745,
       24.11530569468239
      ],
      [
       126.45463977765817,
       23.911721007125863
      ],
      [
       126.37915546586457,
       23.7
      ],
      [
       126.35841979618667,
       23.505922410134623
      ],
      [
       126.29700964730996,
       23.319303113207805
      ],
      [
       126.19728497681659,
       23.14731378414314
      ],
      [
       126.06307814786737,
       22.996563876403854
      ],
      [
       125.89954665363476,
       22.872846624402843
      ],
      [
       125.7129749177326,
       22.780916412753072
      ],
      [
       125.51053278734098,
       22.724306067933192
      ],
      [
       125.3,
       22.614753920451463
      ],
      [
       125.07032786835529,
       22.63560661956348
      ],
      [
       124.84948190792807,
       22.69736335936699
      ],
      [
       124.64594910512571,
       22.79765086298492
      ],
      [
       124.46755111141741,
       22.932615137895112
      ],
      [
       124.32114366165463,
       23.097069582701607
      ],
      [
       124.2123531120255,
       23.284694305317608
      ],
      [
       124.14536022234182,
       23.488278992874132
      ],
      [
       124.22084453413542,
       23.7
      ],
      [
       124.24158020381333,
       23.894077589865375
      ],
      [
       124.30299035269003,
       24.080696886792193
      ],
      [
       124.4027150231834,
       24.25268621585686
      ],
      [
       124.53692185213262,
       24.403436123596144
      ],
      [
       124.70045334636524,
       24.527153375597155
      ],
      [
       124.8870250822674,
       24.619083587246926
      ],
      [
       125.08946721265902,
       24.675693932066807
      ],
      [
       125.3,
       24.785246079548536
      ]
     ]
    ]
   },
   "properties": {
    "time": "2026-07-11 02:00:00",
    "beaufort_threshold": 12,
    "grade": "强台风",
    "pressure_hpa": 955.0,
    "wind_ms": 42.0
   }
  },
  {
   "type": "Feature",
   "geometry": {
    "type": "Polygon",
    "coordinates": [
     [
      [
       125.1,
       28.42185866478557
      ],
      [
       126.05844166380871,
       28.334972418485496
      ],
      [
       126.98005095197752,
       28.077652669304207
      ],
      [
       127.82941093640656,
       27.659788070896163
      ],
      [
       128.5738811892208,
       27.097436925437027
      ],
      [
       129.18485213610828,
       26.412210072076626
      ],
      [
       129.63884450621657,
       25.630440394509964
      ],
      [
       129.91841162736432,
       24.782170863024437
      ],
      [
       130.0128098918688,
       23.9
      ],
      [
       129.91841162736432,
       23.01782913697556
      ],
      [
       129.63884450621657,
       22.169559605490033
      ],
      [
       129.18485213610828,
       21.38778992792337
      ],
      [
       128.5738811892208,
       20.702563074562974
      ],
      [
       127.82941093640656,
       20.14021192910383
      ],
      [
       126.98005095197752,
       19.72234733069579
      ],
      [
       126.05844166380871,
       19.4650275815145
      ],
      [
       125.1,
       19.378141335214426
      ],
      [
       124.14155833619128,
       19.4650275815145
      ],
      [
       123.21994904802247,
       19.72234733069579
      ],
      [
       122.37058906359343,
       20.140211929103835
      ],
      [
       121.6261188107792,
       20.70256307456297
      ],
      [
       121.01514786389171,
       21.38778992792337
      ],
      [
       120.5611554937834,
       22.169559605490036
      ],
      [
       120.28158837263567,
       23.01782913697556
      ],
      [
       120.38370250380592,
       23.9
      ],
      [
       120.47432483773024,
       24.74688402850346
      ],
      [
       120.74270927403207,
       25.561222778729565
      ],
      [
       121.17854194933605,
       26.31172166919356
      ],
      [
       121.76507405834803,
       26.969539448419543
      ],
      [
       122.47976550104968,
       27.509396548060316
      ],
      [
       123.29515108610157,
       27.910546562532037
      ],
      [
       124.17989600274363,
       28.157573521746073
      ],
      [
       125.1,
       28.42185866478557
      ]
     ]
    ]
   },
   "properties": {
    "time": "2026-07-11 03:00:00",
    "beaufort_threshold": 7,
    "grade": "强台风",
    "pressure_hpa": 955.0,
    "wind_ms": 42.0
   }
  },
  {
   "type": "Feature",
   "geometry": {
    "type": "Polygon",
    "coordinates": [
     [
      [
       125.1,
       27.0653010653499
      ],
      [
       125.7709091646661,
       27.004480692939847
      ],
      [
       126.41603566638426,
       26.824356868512943
      ],
      [
       127.01058765548458,
       26.531851649627313
      ],
      [
       127.53171683245455,
       26.138205847805917
      ],
      [
       127.95939649527578,
       25.658547050453638
      ],
      [
       128.2771911543516,
       25.111308276156976
      ],
      [
       128.47288813915503,
       24.517519604117105
      ],
      [
       128.24419833079605,
       23.9
      ],
      [
       128.18378344151316,
       23.335410647664357
      ],
      [
       128.0048604839786,
       22.792518147513622
      ],
      [
       127.71430536710929,
       22.292185553870958
      ],
      [
       127.3232839611013,
       21.853640367720303
      ],
      [
       126.8468229993002,
       21.493735634626454
      ],
      [
       126.3032326092656,
       21.226302291645307
      ],
      [
       125.71340266483757,
       21.061617652169282
      ],
      [
       125.1,
       21.186884801128656
      ],
      [
       124.52493500171477,
       21.2390165489087
      ],
      [
       123.97196942881348,
       21.393408398417474
      ],
      [
       123.46235343815606,
       21.6441271574623
      ],
      [
       123.01567128646752,
       21.981537844737783
      ],
      [
       122.64908871833502,
       22.39267395675402
      ],
      [
       122.37669329627003,
       22.86173576329402
      ],
      [
       122.2089530235814,
       23.370697482185335
      ],
      [
       122.34882646055345,
       23.9
      ],
      [
       122.40168948867597,
       24.394015683293684
      ],
      [
       122.5582470765187,
       24.86904662092558
      ],
      [
       122.81248280377936,
       25.30683764036291
      ],
      [
       123.15462653403635,
       25.690564678244733
      ],
      [
       123.57152987561231,
       26.00548131970185
      ],
      [
       124.04717146689258,
       26.239485494810353
      ],
      [
       124.56327266826712,
       26.383584554351877
      ],
      [
       125.1,
       27.0653010653499
      ]
     ]
    ]
   },
   "properties": {
    "time": "2026-07-11 03:00:00",
    "beaufort_threshold": 10,
    "grade": "强台风",
    "pressure_hpa": 955.0,
    "wind_ms": 42.0
   }
  },
  {
   "type": "Feature",
   "geometry": {
    "type": "Polygon",
    "coordinates": [
     [
      [
       125.1,
       24.985246079548535
      ],
      [
       125.33002599931409,
       24.96439338043652
      ],
      [
       125.5512122284746,
       24.90263664063301
      ],
      [
       125.75505862473757,
       24.802349137015078
      ],
      [
       125.93373148541299,
       24.667384862104885
      ],
      [
       126.08036451266598,
       24.50293041729839
      ],
      [
       126.18932268149197,
       24.31530569468239
      ],
      [
       126.25641879056744,
       24.111721007125862
      ],
      [
       126.18081817621113,
       23.9
      ],
      [
       126.16005055802015,
       23.705922410134622
      ],
      [
       126.09854579136764,
       23.519303113207805
      ],
      [
       125.99866746994381,
       23.34731378414314
      ],
      [
       125.86425386162857,
       23.196563876403854
      ],
      [
       125.70047040600944,
       23.072846624402843
      ],
      [
       125.51361120943506,
       22.98091641275307
      ],
      [
       125.3108571660379,
       22.92430606793319
      ],
      [
       125.1,
       22.814753920451462
      ],
      [
       124.8699740006859,
       22.835606619563478
      ],
      [
       124.64878777152539,
       22.897363359366988
      ],
      [
       124.44494137526242,
       22.99765086298492
      ],
      [
       124.26626851458701,
       23.13261513789511
      ],
      [
       124.11963548733401,
       23.297069582701607
      ],
      [
       124.01067731850802,
       23.484694305317607
      ],
      [
       123.94358120943255,
       23.68827899287413
      ],
      [
       124.01918182378886,
       23.9
      ],
      [
       124.03994944197984,
       24.094077589865375
      ],
      [
       124.10145420863235,
       24.280696886792192
      ],
      [
       124.20133253005618,
       24.452686215856858
      ],
      [
       124.33574613837142,
       24.603436123596143
      ],
      [
       124.49952959399054,
       24.727153375597155
      ],
      [
       124.68638879056493,
       24.819083587246926
      ],
      [
       124.88914283396208,
       24.875693932066806
      ],
      [
       125.1,
       24.985246079548535
      ]
     ]
    ]
   },
   "properties": {
    "time": "2026-07-11 03:00:00",
    "beaufort_threshold": 12,
    "grade": "强台风",
    "pressure_hpa": 955.0,
    "wind_ms": 42.0
   }
  },
  {
   "type": "Feature",
   "geometry": {
    "type": "Polygon",
    "coordinates": [
     [
      [
       125.1,
       28.521858664785572
      ],
      [
       126.05918498052587,
       28.434972418485497
      ],
      [
       126.98150902016727,
       28.17765266930421
      ],
      [
       127.83152772332606,
       27.759788070896164
      ],
      [
       128.57657534793583,
       27.197436925437028
      ],
      [
       129.18802013161033,
       26.512210072076627
      ],
      [
       129.64236459421514,
       25.730440394509966
      ],
      [
       129.92214853285168,
       24.882170863024438
      ],
      [
       130.0166200076628,
       24.0
      ],
      [
       129.92214853285168,
       23.117829136975562
      ],
      [
       129.64236459421514,
       22.269559605490034
      ],
      [
       129.18802013161033,
       21.487789927923373
      ],
      [
       128.57657534793583,
       20.802563074562975
      ],
      [
       127.83152772332606,
       20.240211929103832
      ],
      [
       126.98150902016727,
       19.82234733069579
      ],
      [
       126.05918498052587,
       19.565027581514503
      ],
      [
       125.1,
       19.478141335214428
      ],
      [
       124.14081501947412,
       19.565027581514503
      ],
      [
       123.21849097983272,
       19.82234733069579
      ],
      [
       122.36847227667393,
       20.240211929103836
      ],
      [
       121.62342465206417,
       20.802563074562972
      ],
      [
       121.01197986838966,
       21.487789927923373
      ],
      [
       120.55763540578485,
       22.269559605490038
      ],
      [
       120.2778514671483,
       23.117829136975562
      ],
      [
       120.3800447926437,
       24.0
      ],
      [
       120.47073740846237,
       24.84688402850346
      ],
      [
       120.73932998955345,
       25.661222778729567
      ],
      [
       121.17550067365407,
       26.41172166919356
      ],
      [
       121.7624876659816,
       27.069539448419544
      ],
      [
       122.47773338560697,
       27.609396548060317
      ],
      [
       123.2937513406394,
       28.01054656253204
      ],
      [
       124.17918241869515,
       28.257573521746075
      ],
      [
       125.1,
       28.521858664785572
      ]
     ]
    ]
   },
   "properties": {
    "time": "2026-07-11 04:00:00",
    "beaufort_threshold": 7,
    "grade": "强台风",
    "pressure_hpa": 955.0,
    "wind_ms": 42.0
   }
  },
  {
   "type": "Feature",
   "geometry": {
    "type": "Polygon",
    "coordinates": [
     [
      [
       125.1,
       27.1653010653499
      ],
      [
       125.7714294863681,
       27.10448069293985
      ],
      [
       126.41705631411709,
       26.924356868512945
      ],
      [
       127.01206940632824,
       26.631851649627315
      ],
      [
       127.53360274355506,
       26.23820584780592
      ],
      [
       127.96161409212722,
       25.75854705045364
      ],
      [
       128.2796552159506,
       25.211308276156977
      ],
      [
       128.4755039729962,
       24.617519604117106
      ],
      [
       128.2466368049042,
       24.0
      ],
      [
       128.18617506102507,
       23.43541064766436
      ],
      [
       128.00711334029768,
       22.892518147513623
      ],
      [
       127.71633288423061,
       22.39218555387096
      ],
      [
       127.32500822267892,
       21.953640367720304
      ],
      [
       126.84817774292867,
       21.593735634626455
      ],
      [
       126.30416577290706,
       21.32630229164531
      ],
      [
       125.71387838753655,
       21.161617652169284
      ],
      [
       125.1,
       21.286884801128657
      ],
      [
       124.52448901168447,
       21.339016548908702
      ],
      [
       123.97109458789963,
       21.493408398417476
      ],
      [
       123.46108336600436,
       21.7441271574623
      ],
      [
       123.0140547912385,
       22.081537844737785
      ],
      [
       122.64718792103379,
       22.49267395675402
      ],
      [
       122.3745812434709,
       22.961735763294023
      ],
      [
       122.20671088028898,
       23.470697482185336
      ],
      [
       122.34669279570882,
       24.0
      ],
      [
       122.39959682160304,
       24.494015683293686
      ],
      [
       122.55627582723952,
       24.96904662092558
      ],
      [
       122.81070872629822,
       25.406837640362912
      ],
      [
       123.15311780515593,
       25.790564678244735
      ],
      [
       123.5703444749374,
       26.105481319701852
      ],
      [
       124.04635494870632,
       26.339485494810354
      ],
      [
       124.5628564109055,
       26.48358455435188
      ],
      [
       125.1,
       27.1653010653499
      ]
     ]
    ]
   },
   "properties": {
    "time": "2026-07-11 04:00:00",
    "beaufort_threshold": 10,
    "grade": "强台风",
    "pressure_hpa": 955.0,
    "wind_ms": 42.0
   }
  },
  {
   "type": "Feature",
   "geometry": {
    "type": "Polygon",
    "coordinates": [
     [
      [
       125.1,
       25.085246079548536
      ],
      [
       125.3302043953262,
       25.06439338043652
      ],
      [
       125.55156216484013,
       25.00263664063301
      ],
      [
       125.75556665359825,
       24.90234913701508
      ],
      [
       125.9343780835046,
       24.767384862104887
      ],
      [
       126.08112483158648,
       24.602930417298392
      ],
      [
       126.19016750261163,
       24.41530569468239
      ],
      [
       126.2573156478844,
       24.211721007125863
      ],
      [
       126.18165640168581,
       24.0
      ],
      [
       126.16087267722737,
       23.805922410134624
      ],
      [
       126.09932021072733,
       23.619303113207806
      ],
      [
       125.99936442895427,
       23.44731378414314
      ],
      [
       125.86484657654587,
       23.296563876403855
      ],
      [
       125.70093609913172,
       23.172846624402844
      ],
      [
       125.5139319844368,
       23.080916412753073
      ],
      [
       125.31102069571568,
       23.024306067933193
      ],
      [
       125.1,
       22.914753920451464
      ],
      [
       124.86979560467378,
       22.93560661956348
      ],
      [
       124.64843783515985,
       22.99736335936699
      ],
      [
       124.44443334640174,
       23.09765086298492
      ],
      [
       124.26562191649539,
       23.232615137895113
      ],
      [
       124.11887516841351,
       23.397069582701608
      ],
      [
       124.00983249738836,
       23.58469430531761
      ],
      [
       123.94268435211559,
       23.788278992874133
      ],
      [
       124.01834359831417,
       24.0
      ],
      [
       124.03912732277261,
       24.194077589865376
      ],
      [
       124.10067978927266,
       24.380696886792194
      ],
      [
       124.20063557104572,
       24.55268621585686
      ],
      [
       124.33515342345412,
       24.703436123596145
      ],
      [
       124.49906390086826,
       24.827153375597156
      ],
      [
       124.6860680155632,
       24.919083587246927
      ],
      [
       124.8889793042843,
       24.975693932066807
      ],
      [
       125.1,
       25.085246079548536
      ]
     ]
    ]
   },
   "properties": {
    "time": "2026-07-11 04:00:00",
    "beaufort_threshold": 12,
    "grade": "强台风",
    "pressure_hpa": 955.0,
    "wind_ms": 42.0
   }
  },
  {
   "type": "Feature",
   "geometry": {
    "type": "Polygon",
    "coordinates": [
     [
      [
       125.0,
       28.72185866478557
      ],
      [
       125.96068386878217,
       28.634972418485496
      ],
      [
       126.88444919524476,
       28.377652669304204
      ],
      [
       127.73579619594538,
       27.959788070896167
      ],
      [
       128.482008083088,
       27.397436925437027
      ],
      [
       129.09440835233016,
       26.71221007207663
      ],
      [
       129.54946280476295,
       25.930440394509965
      ],
      [
       129.82968395297684,
       25.082170863024437
      ],
      [
       129.9243030553958,
       24.2
      ],
      [
       129.82968395297684,
       23.31782913697556
      ],
      [
       129.54946280476295,
       22.469559605490034
      ],
      [
       129.09440835233016,
       21.68778992792337
      ],
      [
       128.482008083088,
       21.00256307456297
      ],
      [
       127.73579619594538,
       20.440211929103832
      ],
      [
       126.88444919524476,
       20.022347330695794
      ],
      [
       125.96068386878217,
       19.765027581514502
      ],
      [
       125.0,
       19.678141335214427
      ],
      [
       124.03931613121783,
       19.765027581514502
      ],
      [
       123.11555080475524,
       20.022347330695794
      ],
      [
       122.26420380405462,
       20.440211929103832
      ],
      [
       121.51799191691201,
       21.00256307456297
      ],
      [
       120.90559164766982,
       21.687789927923372
      ],
      [
       120.45053719523703,
       22.469559605490034
      ],
      [
       120.17031604702316,
       23.31782913697556
      ],
      [
       120.27266906682004,
       24.2
      ],
      [
       120.36350340514223,
       25.04688402850346
      ],
      [
       120.63251570742756,
       25.861222778729566
      ],
      [
       121.06936798176304,
       26.61172166919356
      ],
      [
       121.65727224023553,
       27.269539448419543
      ],
      [
       122.37363565189244,
       27.80939654806032
      ],
      [
       123.19092877256503,
       28.210546562532038
      ],
      [
       124.07774348596912,
       28.457573521746074
      ],
      [
       125.0,
       28.72185866478557
      ]
     ]
    ]
   },
   "properties": {
    "time": "2026-07-11 05:00:00",
    "beaufort_threshold": 7,
    "grade": "强台风",
    "pressure_hpa": 955.0,
    "wind_ms": 42.0
   }
  },
  {
   "type": "Feature",
   "geometry": {
    "type": "Polygon",
    "coordinates": [
     [
      [
       125.0,
       27.3653010653499
      ],
      [
       125.67247870814752,
       27.304480692939848
      ],
      [
       126.31911443667133,
       27.124356868512944
      ],
      [
       126.91505733716177,
       26.831851649627314
      ],
      [
       127.4374056581616,
       26.438205847805918
      ],
      [
       127.86608584663112,
       25.95854705045364
      ],
      [
       128.18462396333408,
       25.411308276156976
      ],
      [
       128.3807787670838,
       24.817519604117106
      ],
      [
       128.1515539554533,
       24.2
      ],
      [
       128.09099772990518,
       23.635410647664358
      ],
      [
       127.9116561950483,
       23.092518147513623
      ],
      [
       127.62042134549131,
       22.592185553870955
      ],
      [
       127.22848517317632,
       22.153640367720303
      ],
      [
       126.75090956540504,
       21.793735634626454
      ],
      [
       126.20604748495664,
       21.526302291645308
      ],
      [
       125.61483767602058,
       21.361617652169283
      ],
      [
       125.0,
       21.486884801128657
      ],
      [
       124.42358967873069,
       21.5390165489087
      ],
      [
       123.86933048285314,
       21.693408398417475
      ],
      [
       123.35852228243277,
       21.9441271574623
      ],
      [
       122.91079515014721,
       22.281537844737784
      ],
      [
       122.54335498860189,
       22.69267395675402
      ],
      [
       122.27032231714222,
       23.161735763294022
      ],
      [
       122.10218962821389,
       23.670697482185336
      ],
      [
       122.24239028897836,
       24.2
      ],
      [
       122.29537698633297,
       24.694015683293685
      ],
      [
       122.45230082933274,
       25.16904662092558
      ],
      [
       122.7071313226951,
       25.60683764036291
      ],
      [
       123.05007547347073,
       25.990564678244734
      ],
      [
       123.46795413027058,
       26.30548131970185
      ],
      [
       123.94470845066293,
       26.539485494810357
      ],
      [
       124.46201703348198,
       26.683584554351878
      ],
      [
       125.0,
       27.3653010653499
      ]
     ]
    ]
   },
   "properties": {
    "time": "2026-07-11 05:00:00",
    "beaufort_threshold": 10,
    "grade": "强台风",
    "pressure_hpa": 955.0,
    "wind_ms": 42.0
   }
  },
  {
   "type": "Feature",
   "geometry": {
    "type": "Polygon",
    "coordinates": [
     [
      [
       125.0,
       25.285246079548536
      ],
      [
       125.23056412850772,
       25.26439338043652
      ],
      [
       125.45226780685874,
       25.20263664063301
      ],
      [
       125.6565910870269,
       25.10234913701508
      ],
      [
       125.83568193994113,
       24.967384862104886
      ],
      [
       125.98265800455924,
       24.80293041729839
      ],
      [
       126.09187107314311,
       24.61530569468239
      ],
      [
       126.15912414871444,
       24.411721007125863
      ],
      [
       126.08334667218708,
       24.2
      ],
      [
       126.0625304696549,
       24.005922410134623
      ],
      [
       126.00088181704785,
       23.819303113207805
      ],
      [
       125.90076983751264,
       23.64731378414314
      ],
      [
       125.76604177827936,
       23.496563876403854
      ],
      [
       125.60187516310798,
       23.372846624402843
      ],
      [
       125.41457882295384,
       23.280916412753072
      ],
      [
       125.21135045113208,
       23.224306067933192
      ],
      [
       125.0,
       23.114753920451463
      ],
      [
       124.76943587149228,
       23.13560661956348
      ],
      [
       124.54773219314126,
       23.19736335936699
      ],
      [
       124.3434089129731,
       23.29765086298492
      ],
      [
       124.16431806005887,
       23.432615137895112
      ],
      [
       124.01734199544076,
       23.597069582701607
      ],
      [
       123.90812892685689,
       23.784694305317608
      ],
      [
       123.84087585128556,
       23.988278992874132
      ],
      [
       123.91665332781292,
       24.2
      ],
      [
       123.9374695303451,
       24.394077589865375
      ],
      [
       123.99911818295215,
       24.580696886792193
      ],
      [
       124.09923016248736,
       24.75268621585686
      ],
      [
       124.23395822172064,
       24.903436123596144
      ],
      [
       124.39812483689202,
       25.027153375597155
      ],
      [
       124.58542117704616,
       25.119083587246926
      ],
      [
       124.78864954886792,
       25.175693932066807
      ],
      [
       125.0,
       25.285246079548536
      ]
     ]
    ]
   },
   "properties": {
    "time": "2026-07-11 05:00:00",
    "beaufort_threshold": 12,
    "grade": "强台风",
    "pressure_hpa": 955.0,
    "wind_ms": 42.0
   }
  },
  {
   "type": "Feature",
   "geometry": {
    "type": "Polygon",
    "coordinates": [
     [
      [
       124.9,
       28.92185866478557
      ],
      [
       125.86219919134459,
       28.834972418485496
      ],
      [
       126.7874216073733,
       28.577652669304207
      ],
      [
       127.64011146950891,
       28.159788070896163
      ],
      [
       128.3875003845435,
       27.597436925437027
      ],
      [
       129.00086661561284,
       26.912210072076626
      ],
      [
       129.45663884243666,
       26.130440394509964
      ],
      [
       129.73730199393813,
       25.282170863024437
      ],
      [
       129.8320703426028,
       24.4
      ],
      [
       129.73730199393813,
       23.51782913697556
      ],
      [
       129.45663884243666,
       22.669559605490033
      ],
      [
       129.00086661561284,
       21.88778992792337
      ],
      [
       128.3875003845435,
       21.202563074562974
      ],
      [
       127.64011146950891,
       20.64021192910383
      ],
      [
       126.7874216073733,
       20.22234733069579
      ],
      [
       125.86219919134457,
       19.9650275815145
      ],
      [
       124.9,
       19.878141335214426
      ],
      [
       123.93780080865542,
       19.9650275815145
      ],
      [
       123.01257839262671,
       20.22234733069579
      ],
      [
       122.1598885304911,
       20.640211929103835
      ],
      [
       121.41249961545651,
       21.20256307456297
      ],
      [
       120.79913338438718,
       21.88778992792337
      ],
      [
       120.34336115756336,
       22.669559605490036
      ],
      [
       120.06269800606188,
       23.51782913697556
      ],
      [
       120.16521247110133,
       24.4
      ],
      [
       120.2561900858194,
       25.24688402850346
      ],
      [
       120.52562671126083,
       26.061222778729565
      ],
      [
       120.9631680490117,
       26.81172166919356
      ],
      [
       121.55199963083825,
       27.469539448419543
      ],
      [
       122.26949298927146,
       28.009396548060316
      ],
      [
       123.08807525692164,
       28.410546562532037
      ],
      [
       123.97628877630922,
       28.657573521746073
      ],
      [
       124.9,
       28.92185866478557
      ]
     ]
    ]
   },
   "properties": {
    "time": "2026-07-11 06:00:00",
    "beaufort_threshold": 7,
    "grade": "强台风",
    "pressure_hpa": 955.0,
    "wind_ms": 42.0
   }
  },
  {
   "type": "Feature",
   "geometry": {
    "type": "Polygon",
    "coordinates": [
     [
      [
       124.9,
       27.5653010653499
      ],
      [
       125.5735394339412,
       27.504480692939847
      ],
      [
       126.22119512516132,
       27.324356868512943
      ],
      [
       126.81807802865623,
       27.031851649627313
      ],
      [
       127.34125026918045,
       26.638205847805917
      ],
      [
       127.77060663092898,
       26.158547050453638
      ],
      [
       128.08964718970566,
       25.611308276156976
      ],
      [
       128.2861113957567,
       25.017519604117105
      ],
      [
       128.0565250192658,
       24.4
      ],
      [
       127.9958732761204,
       23.835410647664357
      ],
      [
       127.81624885915946,
       23.292518147513622
      ],
      [
       127.52455463399221,
       22.792185553870958
      ],
      [
       127.13200024610784,
       22.353640367720303
      ],
      [
       126.6536713404857,
       21.993735634626454
      ],
      [
       126.10794982871892,
       21.726302291645307
      ],
      [
       125.51580748246053,
       21.561617652169282
      ],
      [
       124.9,
       21.686884801128656
      ],
      [
       124.32268048519326,
       21.7390165489087
      ],
      [
       123.76754703557603,
       21.893408398417474
      ],
      [
       123.25593311829466,
       22.1441271574623
      ],
      [
       122.80749976927392,
       22.481537844737783
      ],
      [
       122.43948003063231,
       22.89267395675402
      ],
      [
       122.16601669453802,
       23.36173576329402
      ],
      [
       121.99761880363712,
       23.870697482185335
      ],
      [
       122.13804060814245,
       24.4
      ],
      [
       122.19111088339466,
       24.894015683293684
      ],
      [
       122.34828224823548,
       25.36904662092558
      ],
      [
       122.60351469525682,
       25.80683764036291
      ],
      [
       122.94699978465565,
       26.190564678244733
      ],
      [
       123.36553757707502,
       26.50548131970185
      ],
      [
       123.84304389987096,
       26.739485494810353
      ],
      [
       124.36116845284704,
       26.883584554351877
      ],
      [
       124.9,
       27.5653010653499
      ]
     ]
    ]
   },
   "properties": {
    "time": "2026-07-11 06:00:00",
    "beaufort_threshold": 10,
    "grade": "强台风",
    "pressure_hpa": 955.0,
    "wind_ms": 42.0
   }
  },
  {
   "type": "Feature",
   "geometry": {
    "type": "Polygon",
    "coordinates": [
     [
      [
       124.9,
       25.485246079548535
      ],
      [
       125.13092780592271,
       25.46439338043652
      ],
      [
       125.3529811857696,
       25.40263664063301
      ],
      [
       125.55762675268214,
       25.302349137015078
      ],
      [
       125.73700009229044,
       25.167384862104885
      ],
      [
       125.88420798774709,
       25.00293041729839
      ],
      [
       125.99359332218481,
       24.81530569468239
      ],
      [
       126.06095247854516,
       24.611721007125862
      ],
      [
       125.98505547537262,
       24.4
      ],
      [
       125.9642064386664,
       24.205922410134622
      ],
      [
       125.90246054533607,
       24.019303113207805
      ],
      [
       125.80219065543483,
       23.84731378414314
      ],
      [
       125.66725008459957,
       23.696563876403854
      ],
      [
       125.50282452329196,
       23.572846624402843
      ],
      [
       125.31523275362213,
       23.48091641275307
      ],
      [
       125.11168382209581,
       23.42430606793319
      ],
      [
       124.9,
       23.314753920451462
      ],
      [
       124.6690721940773,
       23.335606619563478
      ],
      [
       124.44701881423042,
       23.397363359366988
      ],
      [
       124.24237324731787,
       23.49765086298492
      ],
      [
       124.06299990770957,
       23.63261513789511
      ],
      [
       123.91579201225292,
       23.797069582701607
      ],
      [
       123.8064066778152,
       23.984694305317607
      ],
      [
       123.73904752145485,
       24.18827899287413
      ],
      [
       123.81494452462739,
       24.4
      ],
      [
       123.83579356133362,
       24.594077589865375
      ],
      [
       123.89753945466394,
       24.780696886792192
      ],
      [
       123.99780934456518,
       24.952686215856858
      ],
      [
       124.13274991540044,
       25.103436123596143
      ],
      [
       124.29717547670805,
       25.227153375597155
      ],
      [
       124.48476724637788,
       25.319083587246926
      ],
      [
       124.6883161779042,
       25.375693932066806
      ],
      [
       124.9,
       25.485246079548535
      ]
     ]
    ]
   },
   "properties": {
    "time": "2026-07-11 06:00:00",
    "beaufort_threshold": 12,
    "grade": "强台风",
    "pressure_hpa": 955.0,
    "wind_ms": 42.0
   }
  },
  {
   "type": "Feature",
   "geometry": {
    "type": "Polygon",
    "coordinates": [
     [
      [
       124.8,
       29.22185866478557
      ],
      [
       125.764503241329,
       29.134972418485496
      ],
      [
       126.69194116399336,
       28.877652669304204
      ],
      [
       127.5466728487383,
       28.459788070896167
      ],
      [
       128.2958514362581,
       27.897436925437027
      ],
      [
       128.91068641357856,
       27.21221007207663
      ],
      [
       129.3675500173247,
       26.430440394509965
      ],
      [
       129.64888523541663,
       25.582170863024437
      ],
      [
       129.74388051319767,
       24.7
      ],
      [
       129.64888523541663,
       23.81782913697556
      ],
      [
       129.3675500173247,
       22.969559605490034
      ],
      [
       128.91068641357856,
       22.18778992792337
      ],
      [
       128.2958514362581,
       21.50256307456297
      ],
      [
       127.5466728487383,
       20.940211929103832
      ],
      [
       126.69194116399336,
       20.522347330695794
      ],
      [
       125.764503241329,
       20.265027581514502
      ],
      [
       124.8,
       20.178141335214427
      ],
      [
       123.835496758671,
       20.265027581514502
      ],
      [
       122.90805883600663,
       20.522347330695794
      ],
      [
       122.0533271512617,
       20.940211929103832
      ],
      [
       121.3041485637419,
       21.50256307456297
      ],
      [
       120.68931358642143,
       22.187789927923372
      ],
      [
       120.23244998267528,
       22.969559605490034
      ],
      [
       119.95111476458337,
       23.81782913697556
      ],
      [
       120.05387470733024,
       24.7
      ],
      [
       120.14507017400003,
       25.54688402850346
      ],
      [
       120.41515198336826,
       26.361222778729566
      ],
      [
       120.85374104296457,
       27.11172166919356
      ],
      [
       121.44398262119222,
       27.769539448419543
      ],
      [
       122.16319406521123,
       28.30939654806032
      ],
      [
       122.98373648256637,
       28.710546562532038
      ],
      [
       123.87407688832415,
       28.957573521746074
      ],
      [
       124.8,
       29.22185866478557
      ]
     ]
    ]
   },
   "properties": {
    "time": "2026-07-11 07:00:00",
    "beaufort_threshold": 7,
    "grade": "强台风",
    "pressure_hpa": 955.0,
    "wind_ms": 42.0
   }
  },
  {
   "type": "Feature",
   "geometry": {
    "type": "Polygon",
    "coordinates": [
     [
      [
       124.8,
       27.8653010653499
      ],
      [
       125.47515226893029,
       27.804480692939848
      ],
      [
       126.12435881479536,
       27.624356868512944
      ],
      [
       126.72267099411681,
       27.331851649627314
      ],
      [
       127.24709600538067,
       26.938205847805918
      ],
      [
       127.677480489505,
       26.45854705045364
      ],
      [
       127.9972850121273,
       25.911308276156976
      ],
      [
       128.19421966479163,
       25.317519604117106
      ],
      [
       127.96408352844651,
       24.7
      ],
      [
       127.90328655066665,
       24.135410647664358
      ],
      [
       127.72323201108782,
       23.592518147513623
      ],
      [
       127.43083930469028,
       23.092185553870955
      ],
      [
       127.03734491920518,
       22.653640367720303
      ],
      [
       126.55787062319251,
       22.293735634626454
      ],
      [
       126.01084234495575,
       22.026302291645308
      ],
      [
       125.41728207445055,
       21.861617652169283
      ],
      [
       124.8,
       21.986884801128657
      ],
      [
       124.2212980552026,
       22.0390165489087
      ],
      [
       123.66483530160397,
       22.193408398417475
      ],
      [
       123.15199629075701,
       22.4441271574623
      ],
      [
       122.70248913824514,
       22.781537844737784
      ],
      [
       122.33358815185285,
       23.19267395675402
      ],
      [
       122.05946998960516,
       23.661735763294022
      ],
      [
       121.89066885875002,
       24.170697482185336
      ],
      [
       122.0314269126093,
       24.7
      ],
      [
       122.08462426816668,
       25.194015683293685
      ],
      [
       122.24217199029816,
       25.66904662092558
      ],
      [
       122.498015608396,
       26.10683764036291
      ],
      [
       122.84232319569546,
       26.490564678244734
      ],
      [
       123.26186320470656,
       26.80548131970185
      ],
      [
       123.74051294816371,
       27.039485494810357
      ],
      [
       124.25987818485576,
       27.183584554351878
      ],
      [
       124.8,
       27.8653010653499
      ]
     ]
    ]
   },
   "properties": {
    "time": "2026-07-11 07:00:00",
    "beaufort_threshold": 10,
    "grade": "强台风",
    "pressure_hpa": 955.0,
    "wind_ms": 42.0
   }
  },
  {
   "type": "Feature",
   "geometry": {
    "type": "Polygon",
    "coordinates": [
     [
      [
       124.8,
       25.785246079548536
      ],
      [
       125.03148077791896,
       25.76439338043652
      ],
      [
       125.25406587935841,
       25.70263664063301
      ],
      [
       125.45920148369719,
       25.60234913701508
      ],
      [
       125.63900434470195,
       25.467384862104886
      ],
      [
       125.78656473925885,
       25.30293041729839
      ],
      [
       125.89621200415793,
       25.11530569468239
      ],
      [
       125.9637324565,
       24.911721007125863
      ],
      [
       125.88765371290349,
       24.7
      ],
      [
       125.86675475179166,
       24.505922410134623
      ],
      [
       125.80486100381144,
       24.319303113207805
      ],
      [
       125.70435101098728,
       24.14731378414314
      ],
      [
       125.56908731597677,
       23.996563876403854
      ],
      [
       125.40426802672242,
       23.872846624402843
      ],
      [
       125.21622705607854,
       23.780916412753072
      ],
      [
       125.01219071309238,
       23.724306067933192
      ],
      [
       124.8,
       23.614753920451463
      ],
      [
       124.56851922208104,
       23.63560661956348
      ],
      [
       124.34593412064159,
       23.69736335936699
      ],
      [
       124.14079851630281,
       23.79765086298492
      ],
      [
       123.96099565529805,
       23.932615137895112
      ],
      [
       123.81343526074114,
       24.097069582701607
      ],
      [
       123.70378799584206,
       24.284694305317608
      ],
      [
       123.6362675435,
       24.488278992874132
      ],
      [
       123.71234628709651,
       24.7
      ],
      [
       123.73324524820833,
       24.894077589865375
      ],
      [
       123.79513899618856,
       25.080696886792193
      ],
      [
       123.89564898901271,
       25.25268621585686
      ],
      [
       124.03091268402322,
       25.403436123596144
      ],
      [
       124.19573197327757,
       25.527153375597155
      ],
      [
       124.38377294392146,
       25.619083587246926
      ],
      [
       124.58780928690761,
       25.675693932066807
      ],
      [
       124.8,
       25.785246079548536
      ]
     ]
    ]
   },
   "properties": {
    "time": "2026-07-11 07:00:00",
    "beaufort_threshold": 12,
    "grade": "强台风",
    "pressure_hpa": 955.0,
    "wind_ms": 42.0
   }
  },
  {
   "type": "Feature",
   "geometry": {
    "type": "Polygon",
    "coordinates": [
     [
      [
       124.6,
       29.42185866478557
      ],
      [
       125.56606015605858,
       29.334972418485496
      ],
      [
       126.49499516209262,
       29.077652669304207
      ],
      [
       127.35110656677296,
       28.659788070896163
      ],
      [
       128.10149448893054,
       28.097436925437027
      ],
      [
       128.71732194153927,
       27.412210072076626
      ],
      [
       129.1749230209554,
       26.630440394509964
      ],
      [
       129.4567123743226,
       25.782170863024437
      ],
      [
       129.55186099482023,
       24.9
      ],
      [
       129.4567123743226,
       24.01782913697556
      ],
      [
       129.1749230209554,
       23.169559605490033
      ],
      [
       128.71732194153927,
       22.38778992792337
      ],
      [
       128.10149448893054,
       21.702563074562974
      ],
      [
       127.35110656677296,
       21.14021192910383
      ],
      [
       126.49499516209262,
       20.72234733069579
      ],
      [
       125.56606015605858,
       20.4650275815145
      ],
      [
       124.6,
       20.378141335214426
      ],
      [
       123.6339398439414,
       20.4650275815145
      ],
      [
       122.70500483790738,
       20.72234733069579
      ],
      [
       121.84889343322703,
       21.140211929103835
      ],
      [
       121.09850551106943,
       21.70256307456297
      ],
      [
       120.4826780584607,
       22.38778992792337
      ],
      [
       120.02507697904458,
       23.169559605490036
      ],
      [
       119.7432876256774,
       24.01782913697556
      ],
      [
       119.84621344497256,
       24.9
      ],
      [
       119.9375561206503,
       25.74688402850346
      ],
      [
       120.2080738998828,
       26.561222778729565
      ],
      [
       120.64737093612227,
       27.31172166919356
      ],
      [
       121.23856529062665,
       27.969539448419543
      ],
      [
       121.95893769589794,
       28.509396548060316
      ],
      [
       122.78080464439108,
       28.910546562532037
      ],
      [
       123.67258225018375,
       29.157573521746073
      ],
      [
       124.6,
       29.42185866478557
      ]
     ]
    ]
   },
   "properties": {
    "time": "2026-07-11 08:00:00",
    "beaufort_threshold": 7,
    "grade": "强台风",
    "pressure_hpa": 950.0,
    "wind_ms": 42.0
   }
  },
  {
   "type": "Feature",
   "geometry": {
    "type": "Polygon",
    "coordinates": [
     [
      [
       124.6,
       28.0653010653499
      ],
      [
       125.27624210924101,
       28.004480692939847
      ],
      [
       125.92649661346483,
       27.824356868512943
      ],
      [
       126.52577459674107,
       27.531851649627313
      ],
      [
       127.05104614225138,
       27.138205847805917
      ],
      [
       127.4821253590775,
       26.658547050453638
      ],
      [
       127.80244611466878,
       26.111308276156976
      ],
      [
       127.9996986620258,
       25.517519604117105
      ],
      [
       127.76919103668496,
       24.9
      ],
      [
       127.70829591956645,
       24.335410647664357
      ],
      [
       127.52795073341146,
       23.792518147513622
      ],
      [
       127.23508604258514,
       23.292185553870958
      ],
      [
       126.84095647291555,
       22.853640367720303
      ],
      [
       126.36070820273468,
       22.493735634626454
      ],
      [
       125.81279690373927,
       22.226302291645307
      ],
      [
       125.21827849987748,
       22.061617652169282
      ],
      [
       124.6,
       22.186884801128656
      ],
      [
       124.02036390636484,
       22.2390165489087
      ],
      [
       123.46300290274442,
       22.393408398417474
      ],
      [
       122.94933605993621,
       22.6441271574623
      ],
      [
       122.49910330664166,
       22.981537844737783
      ],
      [
       122.12960683507642,
       23.39267395675402
      ],
      [
       121.85504618742675,
       23.86173576329402
      ],
      [
       121.68597257540644,
       24.370697482185335
      ],
      [
       121.82695784290065,
       24.9
      ],
      [
       121.88024107037934,
       25.394015683293684
      ],
      [
       122.03804310826497,
       25.86904662092558
      ],
      [
       122.294299712738,
       26.30683764036291
      ],
      [
       122.63916308619888,
       26.690564678244733
      ],
      [
       123.05938032260714,
       27.00548131970185
      ],
      [
       123.53880270922812,
       27.239485494810353
      ],
      [
       124.05900631260718,
       27.383584554351877
      ],
      [
       124.6,
       28.0653010653499
      ]
     ]
    ]
   },
   "properties": {
    "time": "2026-07-11 08:00:00",
    "beaufort_threshold": 10,
    "grade": "强台风",
    "pressure_hpa": 950.0,
    "wind_ms": 42.0
   }
  },
  {
   "type": "Feature",
   "geometry": {
    "type": "Polygon",
    "coordinates": [
     [
      [
       124.6,
       25.985246079548535
      ],
      [
       124.83185443745406,
       25.96439338043652
      ],
      [
       125.05479883890223,
       25.90263664063301
      ],
      [
       125.2602655760255,
       25.802349137015078
      ],
      [
       125.44035867734333,
       25.667384862104885
      ],
      [
       125.58815726596943,
       25.50293041729839
      ],
      [
       125.69798152502929,
       25.31530569468239
      ],
      [
       125.76561096983741,
       25.111721007125862
      ],
      [
       125.68940941886045,
       24.9
      ],
      [
       125.66847672235096,
       24.705922410134622
      ],
      [
       125.60648306461019,
       24.519303113207805
      ],
      [
       125.50581082713863,
       24.34731378414314
      ],
      [
       125.37032878756472,
       24.196563876403854
      ],
      [
       125.20524344469004,
       24.072846624402843
      ],
      [
       125.01689893566036,
       23.98091641275307
      ],
      [
       124.81253323433289,
       23.92430606793319
      ],
      [
       124.6,
       23.814753920451462
      ],
      [
       124.36814556254593,
       23.835606619563478
      ],
      [
       124.14520116109776,
       23.897363359366988
      ],
      [
       123.93973442397449,
       23.99765086298492
      ],
      [
       123.75964132265666,
       24.13261513789511
      ],
      [
       123.61184273403056,
       24.297069582701607
      ],
      [
       123.5020184749707,
       24.484694305317607
      ],
      [
       123.43438903016258,
       24.68827899287413
      ],
      [
       123.51059058113954,
       24.9
      ],
      [
       123.53152327764903,
       25.094077589865375
      ],
      [
       123.5935169353898,
       25.280696886792192
      ],
      [
       123.69418917286136,
       25.452686215856858
      ],
      [
       123.82967121243527,
       25.603436123596143
      ],
      [
       123.99475655530995,
       25.727153375597155
      ],
      [
       124.18310106433962,
       25.819083587246926
      ],
      [
       124.3874667656671,
       25.875693932066806
      ],
      [
       124.6,
       25.985246079548535
      ]
     ]
    ]
   },
   "properties": {
    "time": "2026-07-11 08:00:00",
    "beaufort_threshold": 12,
    "grade": "强台风",
    "pressure_hpa": 950.0,
    "wind_ms": 42.0
   }
  },
  {
   "type": "Feature",
   "geometry": {
    "type": "Polygon",
    "coordinates": [
     [
      [
       124.5,
       29.72185866478557
      ],
      [
       125.46842714816081,
       29.634972418485496
      ],
      [
       126.399638184118,
       29.377652669304204
      ],
      [
       127.25784718998891,
       28.959788070896167
      ],
      [
       128.01007367496706,
       28.397436925437027
      ],
      [
       128.62740999708822,
       27.71221007207663
      ],
      [
       129.0861322676995,
       26.930440394509965
      ],
      [
       129.36861204719565,
       26.082170863024437
      ],
      [
       129.4639937960672,
       25.2
      ],
      [
       129.36861204719565,
       24.31782913697556
      ],
      [
       129.0861322676995,
       23.469559605490034
      ],
      [
       128.62740999708822,
       22.68778992792337
      ],
      [
       128.01007367496706,
       22.00256307456297
      ],
      [
       127.25784718998891,
       21.440211929103832
      ],
      [
       126.399638184118,
       21.022347330695794
      ],
      [
       125.46842714816081,
       20.765027581514502
      ],
      [
       124.5,
       20.678141335214427
      ],
      [
       123.53157285183919,
       20.765027581514502
      ],
      [
       122.600361815882,
       21.022347330695794
      ],
      [
       121.74215281001109,
       21.440211929103832
      ],
      [
       120.98992632503294,
       22.00256307456297
      ],
      [
       120.37259000291178,
       22.687789927923372
      ],
      [
       119.91386773230052,
       23.469559605490034
      ],
      [
       119.63138795280435,
       24.31782913697556
      ],
      [
       119.7345659557755,
       25.2
      ],
      [
       119.82613243469217,
       26.04688402850346
      ],
      [
       120.0973130230085,
       26.861222778729566
      ],
      [
       120.5376864027953,
       27.61172166919356
      ],
      [
       121.13032927203162,
       28.269539448419543
      ],
      [
       121.85246669761065,
       28.80939654806032
      ],
      [
       122.67634734324672,
       29.210546562532038
      ],
      [
       123.57030993776561,
       29.457573521746074
      ],
      [
       124.5,
       29.72185866478557
      ]
     ]
    ]
   },
   "properties": {
    "time": "2026-07-11 09:00:00",
    "beaufort_threshold": 7,
    "grade": "强台风",
    "pressure_hpa": 950.0,
    "wind_ms": 42.0
   }
  },
  {
   "type": "Feature",
   "geometry": {
    "type": "Polygon",
    "coordinates": [
     [
      [
       124.5,
       28.3653010653499
      ],
      [
       125.17789900371257,
       28.304480692939848
      ],
      [
       125.8297467288826,
       28.124356868512944
      ],
      [
       126.43049303299223,
       27.831851649627314
      ],
      [
       126.95705157247694,
       27.438205847805918
      ],
      [
       127.38918699796176,
       26.95854705045364
      ],
      [
       127.71029258738965,
       26.411308276156976
      ],
      [
       127.90802843303696,
       25.817519604117106
      ],
      [
       127.67695602948301,
       25.2
      ],
      [
       127.61591171020522,
       24.635410647664358
      ],
      [
       127.43512465132767,
       24.092518147513623
      ],
      [
       127.14154239813647,
       23.592185553870955
      ],
      [
       126.74644715197893,
       23.153640367720303
      ],
      [
       126.2650222015929,
       22.793735634626454
      ],
      [
       125.71576843783552,
       22.526302291645308
      ],
      [
       125.11979337482292,
       22.361617652169283
      ],
      [
       124.5,
       22.486884801128657
      ],
      [
       123.91894371110351,
       22.5390165489087
      ],
      [
       123.3602170895292,
       22.693408398417475
      ],
      [
       122.84529168600666,
       22.9441271574623
      ],
      [
       122.39395579501976,
       23.281537844737784
      ],
      [
       122.02355400174706,
       23.69267395675402
      ],
      [
       121.74832063938031,
       24.161735763294022
      ],
      [
       121.57883277168261,
       24.670697482185336
      ],
      [
       121.72016347420237,
       25.2
      ],
      [
       121.77357725357044,
       25.694015683293685
      ],
      [
       121.93176593008829,
       26.16904662092558
      ],
      [
       122.1886504016306,
       26.60683764036291
      ],
      [
       122.53435874201844,
       26.990564678244734
      ],
      [
       122.9556055736062,
       27.30548131970185
      ],
      [
       123.43620261689392,
       27.539485494810357
      ],
      [
       123.95768079702995,
       27.683584554351878
      ],
      [
       124.5,
       28.3653010653499
      ]
     ]
    ]
   },
   "properties": {
    "time": "2026-07-11 09:00:00",
    "beaufort_threshold": 10,
    "grade": "强台风",
    "pressure_hpa": 950.0,
    "wind_ms": 42.0
   }
  },
  {
   "type": "Feature",
   "geometry": {
    "type": "Polygon",
    "coordinates": [
     [
      [
       124.5,
       26.285246079548536
      ],
      [
       124.7324225155586,
       26.26439338043652
      ],
      [
       124.95591316418832,
       26.20263664063301
      ],
      [
       125.16188332559734,
       26.10234913701508
      ],
      [
       125.34241768199209,
       25.967384862104886
      ],
      [
       125.49057839930117,
       25.80293041729839
      ],
      [
       125.60067174424788,
       25.61530569468239
      ],
      [
       125.66846689132696,
       25.411721007125863
      ],
      [
       125.59207863513478,
       25.2
      ],
      [
       125.57109465038305,
       25.005922410134623
      ],
      [
       125.5089490988939,
       24.819303113207805
      ],
      [
       125.40803019935942,
       24.64731378414314
      ],
      [
       125.27221620849275,
       24.496563876403854
      ],
      [
       125.10672638179756,
       24.372846624402843
      ],
      [
       124.91792040050596,
       24.280916412753072
      ],
      [
       124.71305397259538,
       24.224306067933192
      ],
      [
       124.5,
       24.114753920451463
      ],
      [
       124.2675774844414,
       24.13560661956348
      ],
      [
       124.04408683581168,
       24.19736335936699
      ],
      [
       123.83811667440266,
       24.29765086298492
      ],
      [
       123.65758231800791,
       24.432615137895112
      ],
      [
       123.50942160069883,
       24.597069582701607
      ],
      [
       123.39932825575212,
       24.784694305317608
      ],
      [
       123.33153310867304,
       24.988278992874132
      ],
      [
       123.40792136486522,
       25.2
      ],
      [
       123.42890534961695,
       25.394077589865375
      ],
      [
       123.4910509011061,
       25.580696886792193
      ],
      [
       123.59196980064058,
       25.75268621585686
      ],
      [
       123.72778379150725,
       25.903436123596144
      ],
      [
       123.89327361820244,
       26.027153375597155
      ],
      [
       124.08207959949404,
       26.119083587246926
      ],
      [
       124.28694602740462,
       26.175693932066807
      ],
      [
       124.5,
       26.285246079548536
      ]
     ]
    ]
   },
   "properties": {
    "time": "2026-07-11 09:00:00",
    "beaufort_threshold": 12,
    "grade": "强台风",
    "pressure_hpa": 950.0,
    "wind_ms": 42.0
   }
  },
  {
   "type": "Feature",
   "geometry": {
    "type": "Polygon",
    "coordinates": [
     [
      [
       124.4,
       30.021858664785572
      ],
      [
       125.37083244895756,
       29.934972418485497
      ],
      [
       126.30435635135078,
       29.67765266930421
      ],
      [
       127.16469690713693,
       29.259788070896164
      ],
      [
       127.9187917112417,
       28.697436925437028
      ],
      [
       128.53766132324458,
       28.012210072076627
      ],
      [
       128.99752293102236,
       27.230440394509966
      ],
      [
       129.28070431088153,
       26.382170863024438
      ],
      [
       129.37632296120404,
       25.5
      ],
      [
       129.28070431088153,
       24.617829136975562
      ],
      [
       128.99752293102236,
       23.769559605490034
      ],
      [
       128.53766132324458,
       22.987789927923373
      ],
      [
       127.9187917112417,
       22.302563074562975
      ],
      [
       127.16469690713693,
       21.740211929103832
      ],
      [
       126.30435635135078,
       21.32234733069579
      ],
      [
       125.37083244895756,
       21.065027581514503
      ],
      [
       124.4,
       20.978141335214428
      ],
      [
       123.42916755104245,
       21.065027581514503
      ],
      [
       122.49564364864924,
       21.32234733069579
      ],
      [
       121.63530309286308,
       21.740211929103836
      ],
      [
       120.88120828875832,
       22.302563074562972
      ],
      [
       120.26233867675543,
       22.987789927923373
      ],
      [
       119.80247706897764,
       23.769559605490038
      ],
      [
       119.51929568911848,
       24.617829136975562
      ],
      [
       119.62272995724413,
       25.5
      ],
      [
       119.71452386155373,
       26.34688402850346
      ],
      [
       119.98637798621853,
       27.161222778729567
      ],
      [
       120.42784512968521,
       27.91172166919356
      ],
      [
       121.02195995720798,
       28.569539448419544
      ],
      [
       121.74589096914856,
       29.109396548060317
      ],
      [
       122.57181790270327,
       29.51054656253204
      ],
      [
       123.46800084900076,
       29.757573521746075
      ],
      [
       124.4,
       30.021858664785572
      ]
     ]
    ]
   },
   "properties": {
    "time": "2026-07-11 10:00:00",
    "beaufort_threshold": 7,
    "grade": "强台风",
    "pressure_hpa": 950.0,
    "wind_ms": 42.0
   }
  },
  {
   "type": "Feature",
   "geometry": {
    "type": "Polygon",
    "coordinates": [
     [
      [
       124.4,
       28.6653010653499
      ],
      [
       125.07958271427029,
       28.60448069293985
      ],
      [
       125.73304944594554,
       28.424356868512945
      ],
      [
       126.33528783499585,
       28.131851649627315
      ],
      [
       126.86315419786919,
       27.73820584780592
      ],
      [
       127.2963629262712,
       27.25854705045364
      ],
      [
       127.61826605171566,
       26.711308276156977
      ],
      [
       127.81649301761708,
       26.117519604117106
      ],
      [
       127.58484669517058,
       25.5
      ],
      [
       127.52365075896418,
       24.93541064766436
      ],
      [
       127.34241467585431,
       24.392518147513623
      ],
      [
       127.04810324687654,
       23.89218555387096
      ],
      [
       126.65202669519469,
       23.453640367720304
      ],
      [
       126.16940602056764,
       23.093735634626455
      ],
      [
       125.6187880648645,
       22.82630229164531
      ],
      [
       125.02133276733284,
       22.661617652169284
      ],
      [
       124.4,
       22.786884801128657
      ],
      [
       123.81750053062548,
       22.839016548908702
      ],
      [
       123.25738618918955,
       22.993408398417476
      ],
      [
       122.74118185571785,
       23.2441271574623
      ],
      [
       122.28872497325499,
       23.581537844737785
      ],
      [
       121.91740320605327,
       23.99267395675402
      ],
      [
       121.64148624138659,
       24.461735763294023
      ],
      [
       121.47157741347108,
       24.970697482185336
      ],
      [
       121.61325914172575,
       25.5
      ],
      [
       121.66680558590635,
       25.994015683293686
      ],
      [
       121.82538715862748,
       26.46904662092558
      ],
      [
       122.08290965898304,
       26.906837640362912
      ],
      [
       122.42947664170465,
       27.290564678244735
      ],
      [
       122.85176973200333,
       27.605481319701852
      ],
      [
       123.33356044324357,
       27.839485494810354
      ],
      [
       123.85633382858377,
       27.98358455435188
      ],
      [
       124.4,
       28.6653010653499
      ]
     ]
    ]
   },
   "properties": {
    "time": "2026-07-11 10:00:00",
    "beaufort_threshold": 10,
    "grade": "强台风",
    "pressure_hpa": 950.0,
    "wind_ms": 42.0
   }
  },
  {
   "type": "Feature",
   "geometry": {
    "type": "Polygon",
    "coordinates": [
     [
      [
       124.4,
       26.585246079548536
      ],
      [
       124.63299978774981,
       26.56439338043652
      ],
      [
       124.85704552432419,
       26.50263664063301
      ],
      [
       125.06352725771286,
       26.40234913701508
      ],
      [
       125.24451001069801,
       26.267384862104887
      ],
      [
       125.3930387175787,
       26.102930417298392
      ],
      [
       125.50340550344538,
       25.91530569468239
      ],
      [
       125.57136903461158,
       25.711721007125863
      ],
      [
       125.49479105146489,
       25.5
      ],
      [
       125.47375494839395,
       25.305922410134624
      ],
      [
       125.41145504482493,
       25.119303113207806
      ],
      [
       125.31028549111382,
       24.94731378414314
      ],
      [
       125.17413417647317,
       24.796563876403855
      ],
      [
       125.00823331957012,
       24.672846624402844
      ],
      [
       124.81895839729718,
       24.580916412753073
      ],
      [
       124.61358313877066,
       24.524306067933193
      ],
      [
       124.4,
       24.414753920451464
      ],
      [
       124.16700021225019,
       24.43560661956348
      ],
      [
       123.94295447567582,
       24.49736335936699
      ],
      [
       123.73647274228715,
       24.59765086298492
      ],
      [
       123.555489989302,
       24.732615137895113
      ],
      [
       123.4069612824213,
       24.897069582701608
      ],
      [
       123.29659449655463,
       25.08469430531761
      ],
      [
       123.22863096538843,
       25.288278992874133
      ],
      [
       123.30520894853512,
       25.5
      ],
      [
       123.32624505160607,
       25.694077589865376
      ],
      [
       123.38854495517509,
       25.880696886792194
      ],
      [
       123.4897145088862,
       26.05268621585686
      ],
      [
       123.62586582352684,
       26.203436123596145
      ],
      [
       123.79176668042989,
       26.327153375597156
      ],
      [
       123.98104160270283,
       26.419083587246927
      ],
      [
       124.18641686122935,
       26.475693932066807
      ],
      [
       124.4,
       26.585246079548536
      ]
     ]
    ]
   },
   "properties": {
    "time": "2026-07-11 10:00:00",
    "beaufort_threshold": 12,
    "grade": "强台风",
    "pressure_hpa": 950.0,
    "wind_ms": 42.0
   }
  },
  {
   "type": "Feature",
   "geometry": {
    "type": "Polygon",
    "coordinates": [
     [
      [
       124.1,
       30.22185866478557
      ],
      [
       125.07245747174058,
       30.134972418485496
      ],
      [
       126.00754394820261,
       29.877652669304204
      ],
      [
       126.86932458049819,
       29.459788070896167
      ],
      [
       127.62468162222034,
       28.897436925437027
      ],
      [
       128.24458712586477,
       28.21221007207663
      ],
      [
       128.70521847057347,
       27.430440394509965
      ],
      [
       128.98887385209431,
       26.582170863024437
      ],
      [
       129.0846525531912,
       25.7
      ],
      [
       128.98887385209431,
       24.81782913697556
      ],
      [
       128.70521847057347,
       23.969559605490034
      ],
      [
       128.24458712586477,
       23.18778992792337
      ],
      [
       127.62468162222034,
       22.50256307456297
      ],
      [
       126.86932458049819,
       21.940211929103832
      ],
      [
       126.00754394820261,
       21.522347330695794
      ],
      [
       125.07245747174058,
       21.265027581514502
      ],
      [
       124.1,
       21.178141335214427
      ],
      [
       123.12754252825941,
       21.265027581514502
      ],
      [
       122.19245605179738,
       21.522347330695794
      ],
      [
       121.3306754195018,
       21.940211929103832
      ],
      [
       120.57531837777967,
       22.50256307456297
      ],
      [
       119.95541287413522,
       23.187789927923372
      ],
      [
       119.49478152942652,
       23.969559605490034
      ],
      [
       119.21112614790569,
       24.81782913697556
      ],
      [
       119.31473354893645,
       25.7
      ],
      [
       119.40668110198946,
       26.54688402850346
      ],
      [
       119.67899026824945,
       27.361222778729566
      ],
      [
       120.1211963591698,
       28.11172166919356
      ],
      [
       120.71630564266847,
       28.769539448419543
      ],
      [
       121.44144840272173,
       29.30939654806032
      ],
      [
       122.26875780972549,
       29.710546562532038
      ],
      [
       123.16644082712902,
       29.957573521746074
      ],
      [
       124.1,
       30.22185866478557
      ]
     ]
    ]
   },
   "properties": {
    "time": "2026-07-11 11:00:00",
    "beaufort_threshold": 7,
    "grade": "台风",
    "pressure_hpa": 950.0,
    "wind_ms": 40.0
   }
  },
  {
   "type": "Feature",
   "geometry": {
    "type": "Polygon",
    "coordinates": [
     [
      [
       124.1,
       28.8653010653499
      ],
      [
       124.7807202302184,
       28.804480692939848
      ],
      [
       125.43528076374183,
       28.624356868512944
      ],
      [
       126.03852720634873,
       28.331851649627314
      ],
      [
       126.56727713555424,
       27.938205847805918
      ],
      [
       127.00121098810534,
       27.45854705045364
      ],
      [
       127.32365292940143,
       26.911308276156976
      ],
      [
       127.52221169646602,
       26.317519604117106
      ],
      [
       127.29017763404237,
       25.7
      ],
      [
       127.22887926534035,
       25.135410647664358
      ],
      [
       127.04733982116701,
       24.592518147513623
      ],
      [
       126.75253576055346,
       24.092185553870955
      ],
      [
       126.355796238221,
       23.653640367720303
      ],
      [
       125.87236773151884,
       23.293735634626454
      ],
      [
       125.32082812684968,
       23.026302291645308
      ],
      [
       124.72237278191398,
       22.861617652169283
      ],
      [
       124.1,
       22.986884801128657
      ],
      [
       123.51652551695564,
       23.0390165489087
      ],
      [
       122.95547363107842,
       23.193408398417475
      ],
      [
       122.43840525170108,
       23.4441271574623
      ],
      [
       121.98519102666779,
       23.781537844737784
      ],
      [
       121.61324772448113,
       24.19267395675402
      ],
      [
       121.3368689176559,
       24.661735763294022
      ],
      [
       121.16667568874341,
       25.170697482185336
      ],
      [
       121.30859457021292,
       25.7
      ],
      [
       121.36223064282719,
       26.194015683293685
      ],
      [
       121.52107765647885,
       26.66904662092558
      ],
      [
       121.77903120951572,
       27.10683764036291
      ],
      [
       122.12617829155661,
       27.490564678244734
      ],
      [
       122.549178234921,
       27.80548131970185
      ],
      [
       123.03177538900653,
       28.039485494810357
      ],
      [
       123.55542381582526,
       28.183584554351878
      ],
      [
       124.1,
       28.8653010653499
      ]
     ]
    ]
   },
   "properties": {
    "time": "2026-07-11 11:00:00",
    "beaufort_threshold": 10,
    "grade": "台风",
    "pressure_hpa": 950.0,
    "wind_ms": 40.0
   }
  },
  {
   "type": "Feature",
   "geometry": {
    "type": "Polygon",
    "coordinates": [
     [
      [
       124.1,
       26.785246079548536
      ],
      [
       124.33338979321773,
       26.76439338043652
      ],
      [
       124.55781054756862,
       26.70263664063301
      ],
      [
       124.76463789931957,
       26.60234913701508
      ],
      [
       124.94592358933288,
       26.467384862104886
      ],
      [
       125.09470091020754,
       26.30293041729839
      ],
      [
       125.20525243293763,
       26.11530569468239
      ],
      [
       125.27332972450263,
       25.911721007125863
      ],
      [
       125.19662356170205,
       25.7
      ],
      [
       125.17555224746074,
       25.505922410134623
      ],
      [
       125.11314806352615,
       25.319303113207805
      ],
      [
       125.01180916769025,
       25.14731378414314
      ],
      [
       124.87542995688847,
       24.996563876403854
      ],
      [
       124.7092514077096,
       24.872846624402843
      ],
      [
       124.51965966860458,
       24.780916412753072
      ],
      [
       124.31394064378293,
       24.724306067933192
      ],
      [
       124.1,
       24.614753920451463
      ],
      [
       123.86661020678225,
       24.63560661956348
      ],
      [
       123.64218945243137,
       24.69736335936699
      ],
      [
       123.43536210068042,
       24.79765086298492
      ],
      [
       123.25407641066711,
       24.932615137895112
      ],
      [
       123.10529908979245,
       25.097069582701607
      ],
      [
       122.99474756706236,
       25.284694305317608
      ],
      [
       122.92667027549736,
       25.488278992874132
      ],
      [
       123.00337643829793,
       25.7
      ],
      [
       123.02444775253925,
       25.894077589865375
      ],
      [
       123.08685193647383,
       26.080696886792193
      ],
      [
       123.18819083230974,
       26.25268621585686
      ],
      [
       123.32457004311152,
       26.403436123596144
      ],
      [
       123.49074859229039,
       26.527153375597155
      ],
      [
       123.68034033139541,
       26.619083587246926
      ],
      [
       123.88605935621706,
       26.675693932066807
      ],
      [
       124.1,
       26.785246079548536
      ]
     ]
    ]
   },
   "properties": {
    "time": "2026-07-11 11:00:00",
    "beaufort_threshold": 12,
    "grade": "台风",
    "pressure_hpa": 950.0,
    "wind_ms": 40.0
   }
  },
  {
   "type": "Feature",
   "geometry": {
    "type": "Polygon",
    "coordinates": [
     [
      [
       123.9,
       30.621858664785574
      ],
      [
       124.87575966000404,
       30.5349724184855
      ],
      [
       125.81402142348642,
       30.27765266930421
      ],
      [
       126.67872841705982,
       29.859788070896165
      ],
      [
       127.43665043589445,
       29.29743692543703
      ],
      [
       128.0586609618541,
       28.61221007207663
      ],
      [
       128.52085647925358,
       27.830440394509967
      ],
      [
       128.80547507356155,
       26.98217086302444
      ],
      [
       128.90157901181465,
       26.1
      ],
      [
       128.80547507356155,
       25.217829136975563
      ],
      [
       128.52085647925358,
       24.369559605490036
      ],
      [
       128.0586609618541,
       23.587789927923374
      ],
      [
       127.43665043589445,
       22.902563074562977
      ],
      [
       126.67872841705982,
       22.340211929103834
      ],
      [
       125.81402142348642,
       21.922347330695793
      ],
      [
       124.87575966000404,
       21.665027581514504
      ],
      [
       123.9,
       21.57814133521443
      ],
      [
       122.92424033999598,
       21.665027581514504
      ],
      [
       121.98597857651359,
       21.922347330695793
      ],
      [
       121.1212715829402,
       22.340211929103837
      ],
      [
       120.36334956410556,
       22.902563074562973
      ],
      [
       119.74133903814594,
       23.587789927923374
      ],
      [
       119.27914352074643,
       24.36955960549004
      ],
      [
       118.99452492643846,
       25.217829136975563
      ],
      [
       119.09848414865795,
       26.1
      ],
      [
       119.19074392938093,
       26.94688402850346
      ],
      [
       119.46397777991656,
       27.761222778729568
      ],
      [
       119.90768547662009,
       28.511721669193562
      ],
      [
       120.50481558154134,
       29.169539448419545
      ],
      [
       121.23242071962258,
       29.70939654806032
      ],
      [
       122.06253943345304,
       30.11054656253204
      ],
      [
       122.96327072639613,
       30.357573521746076
      ],
      [
       123.9,
       30.621858664785574
      ]
     ]
    ]
   },
   "properties": {
    "time": "2026-07-11 12:00:00",
    "beaufort_threshold": 7,
    "grade": "台风",
    "pressure_hpa": 950.0,
    "wind_ms": 40.0
   }
  },
  {
   "type": "Feature",
   "geometry": {
    "type": "Polygon",
    "coordinates": [
     [
      [
       123.9,
       29.265301065349902
      ],
      [
       124.58303176200283,
       29.20448069293985
      ],
      [
       125.2398149964405,
       29.024356868512946
      ],
      [
       125.84510989194187,
       28.731851649627316
      ],
      [
       126.37565530512612,
       28.33820584780592
      ],
      [
       126.81106267329785,
       27.85854705045364
      ],
      [
       127.13459953547752,
       27.31130827615698
      ],
      [
       127.33383255149309,
       26.717519604117108
      ],
      [
       127.10101056756137,
       26.1
      ],
      [
       127.03950404707939,
       25.53541064766436
      ],
      [
       126.8573481467223,
       24.992518147513625
      ],
      [
       126.56154301558661,
       24.49218555387096
      ],
      [
       126.16345627897245,
       24.053640367720305
      ],
      [
       125.67838618691829,
       23.693735634626456
      ],
      [
       125.12497371103132,
       23.42630229164531
      ],
      [
       124.52448618240258,
       23.261617652169285
      ],
      [
       123.9,
       23.38688480112866
      ],
      [
       123.31454420399758,
       23.439016548908704
      ],
      [
       122.75158714590815,
       23.593408398417477
      ],
      [
       122.23276294976412,
       23.844127157462303
      ],
      [
       121.77800973846334,
       24.181537844737786
      ],
      [
       121.40480342288757,
       24.592673956754023
      ],
      [
       121.12748611244785,
       25.061735763294024
      ],
      [
       120.95671495586308,
       25.570697482185338
      ],
      [
       121.0991157533838,
       26.1
      ],
      [
       121.15293395880555,
       26.594015683293687
      ],
      [
       121.312320371618,
       27.069046620925583
      ],
      [
       121.57114986136172,
       27.506837640362914
      ],
      [
       121.91947575589911,
       27.890564678244736
      ],
      [
       122.34391208644651,
       28.205481319701853
      ],
      [
       122.82814800284761,
       28.439485494810356
      ],
      [
       123.35357459039774,
       28.58358455435188
      ],
      [
       123.9,
       29.265301065349902
      ]
     ]
    ]
   },
   "properties": {
    "time": "2026-07-11 12:00:00",
    "beaufort_threshold": 10,
    "grade": "台风",
    "pressure_hpa": 950.0,
    "wind_ms": 40.0
   }
  },
  {
   "type": "Feature",
   "geometry": {
    "type": "Polygon",
    "coordinates": [
     [
      [
       123.9,
       27.185246079548538
      ],
      [
       124.13418231840097,
       27.164393380436522
      ],
      [
       124.35936514163674,
       27.102636640633012
      ],
      [
       124.56689482009436,
       27.00234913701508
      ],
      [
       124.74879610461467,
       26.86738486210489
      ],
      [
       124.89807863084498,
       26.702930417298393
      ],
      [
       125.00900555502086,
       26.515305694682393
      ],
      [
       125.07731401765477,
       26.311721007125865
      ],
      [
       125.00034738259923,
       26.1
      ],
      [
       124.97920451618354,
       25.905922410134625
      ],
      [
       124.91658842543579,
       25.719303113207808
      ],
      [
       124.8149054116079,
       25.547313784143142
      ],
      [
       124.67806309589679,
       25.396563876403857
      ],
      [
       124.51132025175316,
       25.272846624402845
      ],
      [
       124.32108471316702,
       25.180916412753074
      ],
      [
       124.1146671252009,
       25.124306067933194
      ],
      [
       123.9,
       25.014753920451465
      ],
      [
       123.66581768159904,
       25.03560661956348
      ],
      [
       123.44063485836327,
       25.09736335936699
      ],
      [
       123.23310517990565,
       25.197650862984922
      ],
      [
       123.05120389538534,
       25.332615137895115
      ],
      [
       122.90192136915503,
       25.49706958270161
      ],
      [
       122.79099444497915,
       25.68469430531761
      ],
      [
       122.72268598234524,
       25.888278992874135
      ],
      [
       122.79965261740078,
       26.1
      ],
      [
       122.82079548381647,
       26.294077589865378
      ],
      [
       122.88341157456422,
       26.480696886792195
      ],
      [
       122.98509458839212,
       26.65268621585686
      ],
      [
       123.12193690410322,
       26.803436123596146
      ],
      [
       123.28867974824685,
       26.927153375597157
      ],
      [
       123.47891528683299,
       27.01908358724693
      ],
      [
       123.68533287479912,
       27.07569393206681
      ],
      [
       123.9,
       27.185246079548538
      ]
     ]
    ]
   },
   "properties": {
    "time": "2026-07-11 12:00:00",
    "beaufort_threshold": 12,
    "grade": "台风",
    "pressure_hpa": 950.0,
    "wind_ms": 40.0
   }
  }
 ],
 "properties": {
  "event_id": "bavi-2026",
  "source_snapshot": "bavi_202609_20260711T045650Z.json",
  "note": "observed-track footprints; equirectangular approximation"
 }
}
