{"type": "FeatureCollection", "geosteward:crs": "EPSG:4326", "geosteward:generated_utc": "20260916T003148Z", "features": [{"type": "Feature", "geometry": {"type": "Point", "coordinates": [-152.466, 59.777]}, "properties": {"depth_km": 82.1, "source": "usgs", "source_id": "aka2026siodpj", "hazard": "earthquake", "name": "M 2.7 - 35 km W of Anchor Point, Alaska", "severity": "2.7", "observed_utc": "20260916T001458Z"}}, {"type": "Feature", "geometry": {"type": "Point", "coordinates": [-155.480163574219, 19.1334991455078]}, "properties": {"depth_km": 12.6099996566772, "source": "usgs", "source_id": "hv75036777", "hazard": "earthquake", "name": "M 2.1 - 7 km S of Pāhala, Hawaii", "severity": "2.1", "observed_utc": "20260916T001232Z"}}, {"type": "Feature", "geometry": {"type": "Point", "coordinates": [-65.5608333333333, 19.0656666666667]}, "properties": {"depth_km": 6.57, "source": "usgs", "source_id": "pr71531853", "hazard": "earthquake", "name": "M 3.3 - 76 km NNE of Vieques, Puerto Rico", "severity": "3.3", "observed_utc": "20260916T000541Z"}}, {"type": "Feature", "geometry": {"type": "Point", "coordinates": [-119.3835, 34.5906666666667]}, "properties": {"depth_km": 3.79, "source": "usgs", "source_id": "ci41333351", "hazard": "earthquake", "name": "M 2.17 - 20 km NW of Ojai, CA", "severity": "2.17", "observed_utc": "20260916T000035Z"}}, {"type": "Feature", "geometry": {"type": "Point", "coordinates": [-119.029167175293, 37.6404991149902]}, "properties": {"depth_km": 0.129999995231628, "source": "usgs", "source_id": "nc75436297", "hazard": "earthquake", "name": "M 1.18 - 4 km W of Mammoth Lakes, CA", "severity": "1.18", "observed_utc": "20260915T235755Z"}}, {"type": "Feature", "geometry": {"type": "Point", "coordinates": [-150.778, 61.775]}, "properties": {"depth_km": 64.6, "source": "usgs", "source_id": "aka2026sinind", "hazard": "earthquake", "name": "M 2.1 - 29 km NNW of Susitna, Alaska", "severity": "2.1", "observed_utc": "20260915T235050Z"}}, {"type": "Feature", "geometry": {"type": "Point", "coordinates": [50.7312, 13.4116]}, "properties": {"depth_km": 10.0, "source": "usgs", "source_id": "us7000thr6", "hazard": "earthquake", "name": "M 4.7 - 159 km N of Caluula, Somalia", "severity": "4.7", "observed_utc": "20260915T234659Z"}}, {"type": "Feature", "geometry": {"type": "Point", "coordinates": [-104.492, 31.628]}, "properties": {"depth_km": 2.9804, "source": "usgs", "source_id": "tx2026sfotti", "hazard": "earthquake", "name": "M 1.7 - 61 km S of Whites City, New Mexico", "severity": "1.7", "observed_utc": "20260915T234218Z"}}, {"type": "Feature", "geometry": {"type": "Point", "coordinates": [-152.392, 61.29]}, "properties": {"depth_km": 7.8, "source": "usgs", "source_id": "aka2026simywu", "hazard": "earthquake", "name": "M 1.3 - 71 km WNW of Tyonek, Alaska", "severity": "1.3", "observed_utc": "20260915T233931Z"}}, {"type": "Feature", "geometry": {"type": "Point", "coordinates": [-117.748833333333, 34.0271666666667]}, "properties": {"depth_km": 0.52, "source": "usgs", "source_id": "ci41333343", "hazard": "earthquake", "name": "M 1.39 - 4 km S of Pomona, CA", "severity": "1.39", "observed_utc": "20260915T233739Z"}}, {"type": "Feature", "geometry": {"type": "Point", "coordinates": [-121.851669311523, 37.9606666564941]}, "properties": {"depth_km": 14.0699996948242, "source": "usgs", "source_id": "nc75436292", "hazard": "earthquake", "name": "M 1.88 - 6 km SW of Antioch, CA", "severity": "1.88", "observed_utc": "20260915T232303Z"}}, {"type": "Feature", "geometry": {"type": "Point", "coordinates": [-104.479, 31.626]}, "properties": {"depth_km": 3.9128, "source": "usgs", "source_id": "tx2026sfnzsy", "hazard": "earthquake", "name": "M 1.9 - 61 km S of Whites City, New Mexico", "severity": "1.9", "observed_utc": "20260915T232122Z"}}, {"type": "Feature", "geometry": {"type": "Point", "coordinates": [-122.851829528809, 38.8224983215332]}, "properties": {"depth_km": 2.19000005722046, "source": "usgs", "source_id": "nc75436287", "hazard": "earthquake", "name": "M 0.44 - 10 km WNW of The Geysers, CA", "severity": "0.44", "observed_utc": "20260915T231721Z"}}, {"type": "Feature", "geometry": {"type": "Point", "coordinates": [-155.351333618164, 18.9451675415039]}, "properties": {"depth_km": 32.4199981689453, "source": "usgs", "source_id": "hv75036702", "hazard": "earthquake", "name": "M 1.78 - 27 km ESE of Naalehu, Hawaii", "severity": "1.78", "observed_utc": "20260915T230837Z"}}, {"type": "Feature", "geometry": {"type": "Point", "coordinates": [-148.406, 64.24]}, "properties": {"depth_km": 5.0, "source": "usgs", "source_id": "aka2026silxpy", "hazard": "earthquake", "name": "M 1.9 - 37 km E of Clear, Alaska", "severity": "1.9", "observed_utc": "20260915T230805Z"}}, {"type": "Feature", "geometry": {"type": "Point", "coordinates": [-149.266, 63.825]}, "properties": {"depth_km": 5.0, "source": "usgs", "source_id": "aka2026silwfz", "hazard": "earthquake", "name": "M 1.5 - 15 km WSW of Healy, Alaska", "severity": "1.5", "observed_utc": "20260915T230629Z"}}, {"type": "Feature", "geometry": {"type": "Point", "coordinates": [-116.884666666667, 33.8876666666667]}, "properties": {"depth_km": 12.94, "source": "usgs", "source_id": "ci41333327", "hazard": "earthquake", "name": "M 0.96 - 4 km S of Banning, CA", "severity": "0.96", "observed_utc": "20260915T230325Z"}}, {"type": "Feature", "geometry": {"type": "Point", "coordinates": [-148.386, 64.24]}, "properties": {"depth_km": 5.0, "source": "usgs", "source_id": "aka2026silmoq", "hazard": "earthquake", "name": "M 1.3 - 38 km E of Clear, Alaska", "severity": "1.3", "observed_utc": "20260915T225521Z"}}, {"type": "Feature", "geometry": {"type": "Point", "coordinates": [-147.461, 64.947]}, "properties": {"depth_km": 5.0, "source": "usgs", "source_id": "aka2026sijzqp", "hazard": "earthquake", "name": "M 1.1 - 7 km E of Fox, Alaska", "severity": "1.1", "observed_utc": "20260915T221028Z"}}, {"type": "Feature", "geometry": {"type": "Point", "coordinates": [-116.415, 33.03]}, "properties": {"depth_km": 9.15, "source": "usgs", "source_id": "ci41333295", "hazard": "earthquake", "name": "M 1.1 - 18 km ESE of Julian, CA", "severity": "1.1", "observed_utc": "20260915T213509Z"}}, {"type": "Feature", "geometry": {"type": "Point", "coordinates": [-149.596, 60.254]}, "properties": {"depth_km": 39.8, "source": "usgs", "source_id": "aka2026siisyz", "hazard": "earthquake", "name": "M 1.7 - 14 km NW of Bear Creek, Alaska", "severity": "1.7", "observed_utc": "20260915T213245Z"}}, {"type": "Feature", "geometry": {"type": "Point", "coordinates": [-103.487, 31.175]}, "properties": {"depth_km": 1.2805, "source": "usgs", "source_id": "tx2026sfkltw", "hazard": "earthquake", "name": "M 1.2 - 22 km SSE of Lindsay, Texas", "severity": "1.2", "observed_utc": "20260915T213217Z"}}, {"type": "Feature", "geometry": {"type": "Point", "coordinates": [-116.5004, 38.4776]}, "properties": {"depth_km": 0.0, "source": "usgs", "source_id": "nn00924486", "hazard": "earthquake", "name": "M 1.77 - 78 km NE of Tonopah, Nevada", "severity": "1.77", "observed_utc": "20260915T211809Z"}}, {"type": "Feature", "geometry": {"type": "Point", "coordinates": [-155.542666666667, 19.1943333333333]}, "properties": {"depth_km": -0.06, "source": "usgs", "source_id": "hv75036562", "hazard": "earthquake", "name": "M 1.73 - 6 km W of Pāhala, Hawaii", "severity": "1.73", "observed_utc": "20260915T211342Z"}}, {"type": "Feature", "geometry": {"type": "Point", "coordinates": [-121.198829650879, 36.1296653747559]}, "properties": {"depth_km": 6.5, "source": "usgs", "source_id": "nc75436252", "hazard": "earthquake", "name": "M 1.87 - 11 km SW of King City, CA", "severity": "1.87", "observed_utc": "20260915T210556Z"}}, {"type": "Feature", "geometry": {"type": "Point", "coordinates": [-155.139, 56.961]}, "properties": {"depth_km": 22.4, "source": "usgs", "source_id": "aka2026sihpcb", "hazard": "earthquake", "name": "M 1.9 - 58 km W of Akhiok, Alaska", "severity": "1.9", "observed_utc": "20260915T205817Z"}}, {"type": "Feature", "geometry": {"type": "Point", "coordinates": [-155.391326904297, 19.263500213623]}, "properties": {"depth_km": 32.5, "source": "usgs", "source_id": "hv75036527", "hazard": "earthquake", "name": "M 1.84 - 11 km NE of Pāhala, Hawaii", "severity": "1.84", "observed_utc": "20260915T204555Z"}}, {"type": "Feature", "geometry": {"type": "Point", "coordinates": [-117.036833333333, 33.8778333333333]}, "properties": {"depth_km": 1.42, "source": "usgs", "source_id": "ci41333279", "hazard": "earthquake", "name": "M 1.36 - 8 km SW of Beaumont, CA", "severity": "1.36", "observed_utc": "20260915T204431Z"}}, {"type": "Feature", "geometry": {"type": "Point", "coordinates": [-112.902333333333, 38.5131666666667]}, "properties": {"depth_km": 2.52, "source": "usgs", "source_id": "uu80157061", "hazard": "earthquake", "name": "M 1.94 - 16 km NE of Milford, Utah", "severity": "1.94", "observed_utc": "20260915T203052Z"}}, {"type": "Feature", "geometry": {"type": "Point", "coordinates": [-116.977666666667, 32.6145]}, "properties": {"depth_km": 2.94, "source": "usgs", "source_id": "ci41333271", "hazard": "earthquake", "name": "M 1.3 - 7 km ESE of Chula Vista, CA", "severity": "1.3", "observed_utc": "20260915T202943Z"}}, {"type": "Feature", "geometry": {"type": "Point", "coordinates": [-122.806167602539, 38.8326683044434]}, "properties": {"depth_km": 2.32999992370605, "source": "usgs", "source_id": "nc75436217", "hazard": "earthquake", "name": "M 1.09 - 7 km W of Cobb, CA", "severity": "1.09", "observed_utc": "20260915T201255Z"}}, {"type": "Feature", "geometry": {"type": "Point", "coordinates": [-112.901, 38.5138333333333]}, "properties": {"depth_km": 2.99, "source": "usgs", "source_id": "uu80157056", "hazard": "earthquake", "name": "M 1.11 - 16 km NE of Milford, Utah", "severity": "1.11", "observed_utc": "20260915T201250Z"}}, {"type": "Feature", "geometry": {"type": "Point", "coordinates": [-121.964668273926, 37.7089996337891]}, "properties": {"depth_km": 9.97000026702881, "source": "usgs", "source_id": "nc75436197", "hazard": "earthquake", "name": "M 2.4 - 3 km WNW of Dublin, CA", "severity": "2.4", "observed_utc": "20260915T200031Z"}}, {"type": "Feature", "geometry": {"type": "Point", "coordinates": [-122.755996704102, 38.78466796875]}, "properties": {"depth_km": 2.07999992370605, "source": "usgs", "source_id": "nc75436192", "hazard": "earthquake", "name": "M 1.06 - 1 km N of The Geysers, CA", "severity": "1.06", "observed_utc": "20260915T195915Z"}}, {"type": "Feature", "geometry": {"type": "Point", "coordinates": [-147.524, 63.593]}, "properties": {"depth_km": 5.2, "source": "usgs", "source_id": "aka2026sifosx", "hazard": "earthquake", "name": "M 1.9 - 70 km ESE of Denali Park, Alaska", "severity": "1.9", "observed_utc": "20260915T195755Z"}}, {"type": "Feature", "geometry": {"type": "Point", "coordinates": [-157.279, 57.194]}, "properties": {"depth_km": 5.0, "source": "usgs", "source_id": "aka2026sifdga", "hazard": "earthquake", "name": "M 2.2 - 36 km SSE of Ugashik, Alaska", "severity": "2.2", "observed_utc": "20260915T194441Z"}}, {"type": "Feature", "geometry": {"type": "Point", "coordinates": [-117.114666666667, 33.6833333333333]}, "properties": {"depth_km": 0.09, "source": "usgs", "source_id": "ci41333247", "hazard": "earthquake", "name": "M 0.95 - 4 km SW of Winchester, CA", "severity": "0.95", "observed_utc": "20260915T194013Z"}}, {"type": "Feature", "geometry": {"type": "Point", "coordinates": [-149.932, 61.49]}, "properties": {"depth_km": 31.6, "source": "usgs", "source_id": "aka2026sieozh", "hazard": "earthquake", "name": "M 2.1 - 3 km SSE of Big Lake, Alaska", "severity": "2.1", "observed_utc": "20260915T192814Z"}}, {"type": "Feature", "geometry": {"type": "Point", "coordinates": [-112.900833333333, 38.5155]}, "properties": {"depth_km": 2.91, "source": "usgs", "source_id": "uu80157051", "hazard": "earthquake", "name": "M 1.69 - 16 km NE of Milford, Utah", "severity": "1.69", "observed_utc": "20260915T192557Z"}}, {"type": "Feature", "geometry": {"type": "Point", "coordinates": [-112.904333333333, 38.5216666666667]}, "properties": {"depth_km": 3.03, "source": "usgs", "source_id": "uu80157046", "hazard": "earthquake", "name": "M 2.63 - 16 km NE of Milford, Utah", "severity": "2.63", "observed_utc": "20260915T192400Z"}}, {"type": "Feature", "geometry": {"type": "Point", "coordinates": [-155.403333333333, 19.5243333333333]}, "properties": {"depth_km": 11.94, "source": "usgs", "source_id": "hv75036437", "hazard": "earthquake", "name": "M 2.02 - 19 km WNW of Volcano, Hawaii", "severity": "2.02", "observed_utc": "20260915T192108Z"}}, {"type": "Feature", "geometry": {"type": "Point", "coordinates": [-122.619, 48.5586666666667]}, "properties": {"depth_km": 16.13, "source": "usgs", "source_id": "uw714102931", "hazard": "earthquake", "name": "M 1.07 - 5 km N of Anacortes, Washington", "severity": "1.07", "observed_utc": "20260915T185847Z"}}, {"type": "Feature", "geometry": {"type": "Point", "coordinates": [-121.455833435059, 36.8703346252441]}, "properties": {"depth_km": 10.5600004196167, "source": "usgs", "source_id": "nc75436157", "hazard": "earthquake", "name": "M 1.37 - 6 km WNW of Hollister, CA", "severity": "1.37", "observed_utc": "20260915T185755Z"}}, {"type": "Feature", "geometry": {"type": "Point", "coordinates": [-112.899666666667, 38.5178333333333]}, "properties": {"depth_km": 1.92, "source": "usgs", "source_id": "uu80157036", "hazard": "earthquake", "name": "M 1.71 - 16 km NE of Milford, Utah", "severity": "1.71", "observed_utc": "20260915T185447Z"}}, {"type": "Feature", "geometry": {"type": "Point", "coordinates": [-112.901333333333, 38.5205]}, "properties": {"depth_km": 2.96, "source": "usgs", "source_id": "uu80157031", "hazard": "earthquake", "name": "M 1.35 - 16 km NE of Milford, Utah", "severity": "1.35", "observed_utc": "20260915T184913Z"}}, {"type": "Feature", "geometry": {"type": "Point", "coordinates": [-122.814331054688, 38.8158340454102]}, "properties": {"depth_km": 2.02999997138977, "source": "usgs", "source_id": "nc75436147", "hazard": "earthquake", "name": "M 0.75 - 7 km NW of The Geysers, CA", "severity": "0.75", "observed_utc": "20260915T183626Z"}}, {"type": "Feature", "geometry": {"type": "Point", "coordinates": [-117.0275, 34.1406666666667]}, "properties": {"depth_km": 9.06, "source": "usgs", "source_id": "ci41333215", "hazard": "earthquake", "name": "M 1.26 - 11 km SE of Running Springs, CA", "severity": "1.26", "observed_utc": "20260915T183406Z"}}, {"type": "Feature", "geometry": {"type": "Point", "coordinates": [120.4443, -8.1982]}, "properties": {"depth_km": 10.0, "source": "usgs", "source_id": "us7000thp0", "hazard": "earthquake", "name": "M 4.3 - 45 km N of Ruteng, Indonesia", "severity": "4.3", "observed_utc": "20260915T182633Z"}}, {"type": "Feature", "geometry": {"type": "Point", "coordinates": [-150.202, 60.68]}, "properties": {"depth_km": 46.0, "source": "usgs", "source_id": "aka2026sibumr", "hazard": "earthquake", "name": "M 1.7 - 29 km NW of Cooper Landing, Alaska", "severity": "1.7", "observed_utc": "20260915T180437Z"}}, {"type": "Feature", "geometry": {"type": "Point", "coordinates": [-122.764335632324, 38.8263320922852]}, "properties": {"depth_km": 2.0699999332428, "source": "usgs", "source_id": "nc75436117", "hazard": "earthquake", "name": "M 1.04 - 4 km W of Cobb, CA", "severity": "1.04", "observed_utc": "20260915T180326Z"}}, {"type": "Feature", "geometry": {"type": "Point", "coordinates": [-122.80549621582, 38.8331680297852]}, "properties": {"depth_km": 1.98000001907349, "source": "usgs", "source_id": "nc75436112", "hazard": "earthquake", "name": "M 1.71 - 7 km W of Cobb, CA", "severity": "1.71", "observed_utc": "20260915T180149Z"}}, {"type": "Feature", "geometry": {"type": "Point", "coordinates": [-116.509666666667, 34.5086666666667]}, "properties": {"depth_km": 1.46, "source": "usgs", "source_id": "ci41333199", "hazard": "earthquake", "name": "M 1.59 - 40 km SW of Ludlow, CA", "severity": "1.59", "observed_utc": "20260915T180135Z"}}, {"type": "Feature", "geometry": {"type": "Point", "coordinates": [-155.457666666667, 19.1611666666667]}, "properties": {"depth_km": 32.58, "source": "usgs", "source_id": "hv75036377", "hazard": "earthquake", "name": "M 1.56 - 5 km SSE of Pāhala, Hawaii", "severity": "1.56", "observed_utc": "20260915T174924Z"}}, {"type": "Feature", "geometry": {"type": "Point", "coordinates": [-66.4888, -25.4555]}, "properties": {"depth_km": 185.605, "source": "usgs", "source_id": "us7000thni", "hazard": "earthquake", "name": "M 4.5 - 49 km SW of Cachí, Argentina", "severity": "4.5", "observed_utc": "20260915T174125Z"}}, {"type": "Feature", "geometry": {"type": "Point", "coordinates": [-112.905833333333, 38.5153333333333]}, "properties": {"depth_km": 2.01, "source": "usgs", "source_id": "uu80157021", "hazard": "earthquake", "name": "M -0.06 - 16 km NE of Milford, Utah", "severity": "-0.06", "observed_utc": "20260915T172933Z"}}, {"type": "Feature", "geometry": {"type": "Point", "coordinates": [-117.683333333333, 35.8963333333333]}, "properties": {"depth_km": 8.89, "source": "usgs", "source_id": "ci41333175", "hazard": "earthquake", "name": "M 0.48 - 21 km ESE of Little Lake, CA", "severity": "0.48", "observed_utc": "20260915T172405Z"}}, {"type": "Feature", "geometry": {"type": "Point", "coordinates": [-121.7675, 46.8471666666667]}, "properties": {"depth_km": 0.24, "source": "usgs", "source_id": "uw714102801", "hazard": "earthquake", "name": "M 0.58 - 22 km ENE of Ashford, Washington", "severity": "0.58", "observed_utc": "20260915T172055Z"}}, {"type": "Feature", "geometry": {"type": "Point", "coordinates": [123.6736, 25.0311]}, "properties": {"depth_km": 10.0, "source": "usgs", "source_id": "us7000thne", "hazard": "earthquake", "name": "M 4.3 - 90 km NNW of Ishigaki, Japan", "severity": "4.3", "observed_utc": "20260915T171648Z"}}, {"type": "Feature", "geometry": {"type": "Point", "coordinates": [-122.452835083008, 46.2848320007324]}, "properties": {"depth_km": 0.349999994039536, "source": "usgs", "source_id": "uw714102761", "hazard": "earthquake", "name": "M 1.39999998 - 27 km S of Mossyrock, Washington", "severity": "1.39999998", "observed_utc": "20260915T165638Z"}}, {"type": "Feature", "geometry": {"type": "Point", "coordinates": [-115.44100189209, 33.1505012512207]}, "properties": {"depth_km": 26.5, "source": "usgs", "source_id": "ci41333167", "hazard": "earthquake", "name": "M 1.63529307940075 - 7 km ENE of Calipatria, CA", "severity": "1.63529307940075", "observed_utc": "20260915T165558Z"}}, {"type": "Feature", "geometry": {"type": "Point", "coordinates": [-122.81266784668, 38.8228340148926]}, "properties": {"depth_km": 3.17000007629395, "source": "usgs", "source_id": "nc75436087", "hazard": "earthquake", "name": "M 0.76 - 7 km NW of The Geysers, CA", "severity": "0.76", "observed_utc": "20260915T163400Z"}}, {"type": "Feature", "geometry": {"type": "Point", "coordinates": [-104.113, 31.615]}, "properties": {"depth_km": 6.0999, "source": "usgs", "source_id": "tx2026sfaiyw", "hazard": "earthquake", "name": "M 2.6 - 45 km NW of Toyah, Texas", "severity": "2.6", "observed_utc": "20260915T162744Z"}}, {"type": "Feature", "geometry": {"type": "Point", "coordinates": [102.0754, -4.2614]}, "properties": {"depth_km": 76.224, "source": "usgs", "source_id": "us7000thn3", "hazard": "earthquake", "name": "M 4.5 - 55 km SSW of Bengkulu, Indonesia", "severity": "4.5", "observed_utc": "20260915T161249Z"}}, {"type": "Feature", "geometry": {"type": "Point", "coordinates": [-155.615, 19.4511666666667]}, "properties": {"depth_km": 35.28, "source": "usgs", "source_id": "hv75036327", "hazard": "earthquake", "name": "M 2.19 - 26 km E of Honaunau-Napoopoo, Hawaii", "severity": "2.19", "observed_utc": "20260915T161159Z"}}, {"type": "Feature", "geometry": {"type": "Point", "coordinates": [-178.7982, 51.3647]}, "properties": {"depth_km": 35.0, "source": "usgs", "source_id": "us7000thn0", "hazard": "earthquake", "name": "M 3.4 - 160 km WSW of Adak, Alaska", "severity": "3.4", "observed_utc": "20260915T161021Z"}}, {"type": "Feature", "geometry": {"type": "Point", "coordinates": [-122.789497375488, 38.835334777832]}, "properties": {"depth_km": 2.17000007629395, "source": "usgs", "source_id": "nc75436072", "hazard": "earthquake", "name": "M 0.75 - 6 km WNW of Cobb, CA", "severity": "0.75", "observed_utc": "20260915T154620Z"}}, {"type": "Feature", "geometry": {"type": "Point", "coordinates": [-122.769996643066, 38.7955017089844]}, "properties": {"depth_km": 15.1199998855591, "source": "usgs", "source_id": "nc75436062", "hazard": "earthquake", "name": "M 0.83 - 2 km NNW of The Geysers, CA", "severity": "0.83", "observed_utc": "20260915T153603Z"}}, {"type": "Feature", "geometry": {"type": "Point", "coordinates": [-122.298, 46.3543333333333]}, "properties": {"depth_km": 14.18, "source": "usgs", "source_id": "uw714102671", "hazard": "earthquake", "name": "M 1.03 - 22 km S of Morton, Washington", "severity": "1.03", "observed_utc": "20260915T151537Z"}}, {"type": "Feature", "geometry": {"type": "Point", "coordinates": [-122.795829772949, 38.8223342895508]}, "properties": {"depth_km": 2.47000002861023, "source": "usgs", "source_id": "nc75436047", "hazard": "earthquake", "name": "M 0.27 - 6 km NW of The Geysers, CA", "severity": "0.27", "observed_utc": "20260915T150946Z"}}, {"type": "Feature", "geometry": {"type": "Point", "coordinates": [-104.462, 31.655]}, "properties": {"depth_km": 6.6638, "source": "usgs", "source_id": "tx2026sextsa", "hazard": "earthquake", "name": "M 1.9 - 58 km S of Whites City, New Mexico", "severity": "1.9", "observed_utc": "20260915T150913Z"}}, {"type": "Feature", "geometry": {"type": "Point", "coordinates": [-152.756, 59.973]}, "properties": {"depth_km": 100.4, "source": "usgs", "source_id": "aka2026shvxvf", "hazard": "earthquake", "name": "M 2.5 - 56 km WNW of Anchor Point, Alaska", "severity": "2.5", "observed_utc": "20260915T150831Z"}}, {"type": "Feature", "geometry": {"type": "Point", "coordinates": [-156.488, 56.199]}, "properties": {"depth_km": 17.9, "source": "usgs", "source_id": "aka2026shusro", "hazard": "earthquake", "name": "M 4 - 119 km E of Chignik, Alaska", "severity": "4", "observed_utc": "20260915T143238Z"}}, {"type": "Feature", "geometry": {"type": "Point", "coordinates": [-117.396835327148, 35.5289993286133]}, "properties": {"depth_km": 8.8100004196167, "source": "usgs", "source_id": "ci41333127", "hazard": "earthquake", "name": "M 1.66293200487541 - 26 km S of Trona, CA", "severity": "1.66293200487541", "observed_utc": "20260915T143013Z"}}, {"type": "Feature", "geometry": {"type": "Point", "coordinates": [-103.254, 31.075]}, "properties": {"depth_km": 3.5831, "source": "usgs", "source_id": "tx2026sewdec", "hazard": "earthquake", "name": "M 1.5 - 25 km SW of Coyanosa, Texas", "severity": "1.5", "observed_utc": "20260915T141952Z"}}, {"type": "Feature", "geometry": {"type": "Point", "coordinates": [129.2771, -8.3244]}, "properties": {"depth_km": 10.0, "source": "usgs", "source_id": "us7000thlq", "hazard": "earthquake", "name": "M 4.5 - 251 km E of Lospalos, Timor Leste", "severity": "4.5", "observed_utc": "20260915T141611Z"}}, {"type": "Feature", "geometry": {"type": "Point", "coordinates": [-104.135, 31.655]}, "properties": {"depth_km": 6.2152, "source": "usgs", "source_id": "tx2026sevoge", "hazard": "earthquake", "name": "M 1.5 - 49 km NW of Toyah, Texas", "severity": "1.5", "observed_utc": "20260915T140511Z"}}, {"type": "Feature", "geometry": {"type": "Point", "coordinates": [-111.689, 38.861]}, "properties": {"depth_km": 11.95, "source": "usgs", "source_id": "uu80157016", "hazard": "earthquake", "name": "M 1.25 - 18 km SE of Salina, Utah", "severity": "1.25", "observed_utc": "20260915T140442Z"}}, {"type": "Feature", "geometry": {"type": "Point", "coordinates": [-102.169, 32.378]}, "properties": {"depth_km": 9.1553, "source": "usgs", "source_id": "tx2026sevjqb", "hazard": "earthquake", "name": "M 0.5 - 34 km ENE of McKinney Acres, Texas", "severity": "0.5", "observed_utc": "20260915T135712Z"}}, {"type": "Feature", "geometry": {"type": "Point", "coordinates": [-151.642, 60.711]}, "properties": {"depth_km": 85.6, "source": "usgs", "source_id": "aka2026shtjmd", "hazard": "earthquake", "name": "M 1.9 - 19 km W of Nikiski, Alaska", "severity": "1.9", "observed_utc": "20260915T135159Z"}}, {"type": "Feature", "geometry": {"type": "Point", "coordinates": [-115.554833333333, 33.0505]}, "properties": {"depth_km": 7.32, "source": "usgs", "source_id": "ci41333119", "hazard": "earthquake", "name": "M 1.71 - 6 km ENE of Westmorland, CA", "severity": "1.71", "observed_utc": "20260915T135103Z"}}, {"type": "Feature", "geometry": {"type": "Point", "coordinates": [-66.0517, -18.1008]}, "properties": {"depth_km": 363.499, "source": "usgs", "source_id": "us7000thlk", "hazard": "earthquake", "name": "M 4.2 - 48 km SSE of Irpa Irpa, Bolivia", "severity": "4.2", "observed_utc": "20260915T135021Z"}}, {"type": "Feature", "geometry": {"type": "Point", "coordinates": [-119.0048, 39.3488]}, "properties": {"depth_km": 6.2962, "source": "usgs", "source_id": "nn00924477", "hazard": "earthquake", "name": "M 1.74 - 20 km ESE of Silver Springs, Nevada", "severity": "1.74", "observed_utc": "20260915T134506Z"}}, {"type": "Feature", "geometry": {"type": "Point", "coordinates": [-119.0076, 39.3506]}, "properties": {"depth_km": 6.3204, "source": "usgs", "source_id": "nn00924476", "hazard": "earthquake", "name": "M 1.55 - 20 km ESE of Silver Springs, Nevada", "severity": "1.55", "observed_utc": "20260915T134429Z"}}, {"type": "Feature", "geometry": {"type": "Point", "coordinates": [-119.0049, 39.3482]}, "properties": {"depth_km": 6.6498, "source": "usgs", "source_id": "nn00924473", "hazard": "earthquake", "name": "M 2.08 - 20 km ESE of Silver Springs, Nevada", "severity": "2.08", "observed_utc": "20260915T133925Z"}}, {"type": "Feature", "geometry": {"type": "Point", "coordinates": [-137.595, 58.084]}, "properties": {"depth_km": 8.1, "source": "usgs", "source_id": "aka2026shsuud", "hazard": "earthquake", "name": "M 2 - 74 km W of Elfin Cove, Alaska", "severity": "2", "observed_utc": "20260915T133507Z"}}, {"type": "Feature", "geometry": {"type": "Point", "coordinates": [-102.106, 32.39]}, "properties": {"depth_km": 7.2998, "source": "usgs", "source_id": "tx2026seueoz", "hazard": "earthquake", "name": "M 0.4 - 39 km WSW of Ackerly, Texas", "severity": "0.4", "observed_utc": "20260915T132418Z"}}, {"type": "Feature", "geometry": {"type": "Point", "coordinates": [-116.707666666667, 33.53]}, "properties": {"depth_km": 3.89, "source": "usgs", "source_id": "ci41333111", "hazard": "earthquake", "name": "M 1.62 - 4 km SW of Anza, CA", "severity": "1.62", "observed_utc": "20260915T132340Z"}}, {"type": "Feature", "geometry": {"type": "Point", "coordinates": [-104.571, 31.709]}, "properties": {"depth_km": 6.0486, "source": "usgs", "source_id": "tx2026seuefj", "hazard": "earthquake", "name": "M 1.5 - 54 km SSW of Whites City, New Mexico", "severity": "1.5", "observed_utc": "20260915T132044Z"}}, {"type": "Feature", "geometry": {"type": "Point", "coordinates": [-151.137, 60.186]}, "properties": {"depth_km": 65.4, "source": "usgs", "source_id": "aka2026shshcs", "hazard": "earthquake", "name": "M 1.5 - 15 km ESE of Clam Gulch, Alaska", "severity": "1.5", "observed_utc": "20260915T131916Z"}}, {"type": "Feature", "geometry": {"type": "Point", "coordinates": [-167.51, 52.809]}, "properties": {"depth_km": 2.8, "source": "usgs", "source_id": "aka2026shsddf", "hazard": "earthquake", "name": "M 2.5 - 92 km E of Nikolski, Alaska", "severity": "2.5", "observed_utc": "20260915T131442Z"}}, {"type": "Feature", "geometry": {"type": "Point", "coordinates": [-118.817001342773, 37.5733337402344]}, "properties": {"depth_km": 9.28999996185303, "source": "usgs", "source_id": "nc75436032", "hazard": "earthquake", "name": "M 1.29 - 12 km W of Toms Place, CA", "severity": "1.29", "observed_utc": "20260915T131210Z"}}, {"type": "Feature", "geometry": {"type": "Point", "coordinates": [-116.708333333333, 33.5301666666667]}, "properties": {"depth_km": 3.89, "source": "usgs", "source_id": "ci41333103", "hazard": "earthquake", "name": "M 0.16 - 4 km SW of Anza, CA", "severity": "0.16", "observed_utc": "20260915T131105Z"}}, {"type": "Feature", "geometry": {"type": "Point", "coordinates": [-137.385, 58.061]}, "properties": {"depth_km": 5.0, "source": "usgs", "source_id": "aka2026shrzlr", "hazard": "earthquake", "name": "M 3.4 - 63 km WSW of Elfin Cove, Alaska", "severity": "3.4", "observed_utc": "20260915T131030Z"}}, {"type": "Feature", "geometry": {"type": "Point", "coordinates": [-103.947, 32.022]}, "properties": {"depth_km": 0.0, "source": "usgs", "source_id": "tx2026settrw", "hazard": "earthquake", "name": "M 1.9 - 25 km SSE of Malaga, New Mexico", "severity": "1.9", "observed_utc": "20260915T130832Z"}}, {"type": "Feature", "geometry": {"type": "Point", "coordinates": [-104.555, 31.742]}, "properties": {"depth_km": 5.0232, "source": "usgs", "source_id": "tx2026setsdr", "hazard": "earthquake", "name": "M 2.5 - 50 km SSW of Whites City, New Mexico", "severity": "2.5", "observed_utc": "20260915T130806Z"}}, {"type": "Feature", "geometry": {"type": "Point", "coordinates": [-115.2545, 32.387]}, "properties": {"depth_km": 5.59, "source": "usgs", "source_id": "ci41333095", "hazard": "earthquake", "name": "M 2.19 - 7 km WNW of Delta, B.C., MX", "severity": "2.19", "observed_utc": "20260915T130246Z"}}, {"type": "Feature", "geometry": {"type": "Point", "coordinates": [-112.903, 38.5218333333333]}, "properties": {"depth_km": 2.27, "source": "usgs", "source_id": "uu80157006", "hazard": "earthquake", "name": "M 1.75 - 16 km NE of Milford, Utah", "severity": "1.75", "observed_utc": "20260915T130218Z"}}, {"type": "Feature", "geometry": {"type": "Point", "coordinates": [-151.384, 60.88]}, "properties": {"depth_km": 71.6, "source": "usgs", "source_id": "aka2026shrrzr", "hazard": "earthquake", "name": "M 1.6 - 21 km NNW of Nikiski, Alaska", "severity": "1.6", "observed_utc": "20260915T130150Z"}}, {"type": "Feature", "geometry": {"type": "Point", "coordinates": [-122.847663879395, 38.8564987182617]}, "properties": {"depth_km": 2.3199999332428, "source": "usgs", "source_id": "nc75436027", "hazard": "earthquake", "name": "M 0.71 - 11 km WNW of Cobb, CA", "severity": "0.71", "observed_utc": "20260915T130107Z"}}, {"type": "Feature", "geometry": {"type": "Point", "coordinates": [-112.900166666667, 38.5233333333333]}, "properties": {"depth_km": 2.5, "source": "usgs", "source_id": "uu80157001", "hazard": "earthquake", "name": "M 1.61 - 17 km NE of Milford, Utah", "severity": "1.61", "observed_utc": "20260915T130102Z"}}, {"type": "Feature", "geometry": {"type": "Point", "coordinates": [-112.882666666667, 38.5041666666667]}, "properties": {"depth_km": 1.67, "source": "usgs", "source_id": "uu80156996", "hazard": "earthquake", "name": "M 1.29 - 16 km NE of Milford, Utah", "severity": "1.29", "observed_utc": "20260915T130012Z"}}, {"type": "Feature", "geometry": {"type": "Point", "coordinates": [-122.781829833984, 38.8373336791992]}, "properties": {"depth_km": 2.1800000667572, "source": "usgs", "source_id": "nc75436022", "hazard": "earthquake", "name": "M 1.08 - 5 km WNW of Cobb, CA", "severity": "1.08", "observed_utc": "20260915T125203Z"}}, {"type": "Feature", "geometry": {"type": "Point", "coordinates": [-117.804833333333, 35.3355]}, "properties": {"depth_km": 6.39, "source": "usgs", "source_id": "ci41333087", "hazard": "earthquake", "name": "M 1.55 - 16 km WSW of Johannesburg, CA", "severity": "1.55", "observed_utc": "20260915T124627Z"}}, {"type": "Feature", "geometry": {"type": "Point", "coordinates": [-141.68, 60.234]}, "properties": {"depth_km": 9.8, "source": "usgs", "source_id": "aka2026shqvrg", "hazard": "earthquake", "name": "M 1.5 - 133 km NW of Yakutat, Alaska", "severity": "1.5", "observed_utc": "20260915T123608Z"}}, {"type": "Feature", "geometry": {"type": "Point", "coordinates": [-148.583, 62.605]}, "properties": {"depth_km": 61.7, "source": "usgs", "source_id": "aka2026shqqcw", "hazard": "earthquake", "name": "M 1.7 - 80 km ENE of Chase, Alaska", "severity": "1.7", "observed_utc": "20260915T122944Z"}}, {"type": "Feature", "geometry": {"type": "Point", "coordinates": [-161.402, 54.596]}, "properties": {"depth_km": 24.0, "source": "usgs", "source_id": "aka2026shqqcd", "hazard": "earthquake", "name": "M 2.4 - 78 km SE of King Cove, Alaska", "severity": "2.4", "observed_utc": "20260915T122941Z"}}, {"type": "Feature", "geometry": {"type": "Point", "coordinates": [-157.911, 56.299]}, "properties": {"depth_km": 9.7, "source": "usgs", "source_id": "aka2026shqong", "hazard": "earthquake", "name": "M 2.1 - 30 km E of Chignik, Alaska", "severity": "2.1", "observed_utc": "20260915T122752Z"}}, {"type": "Feature", "geometry": {"type": "Point", "coordinates": [-122.765502929688, 38.8246650695801]}, "properties": {"depth_km": 1.99000000953674, "source": "usgs", "source_id": "nc75436012", "hazard": "earthquake", "name": "M 1.25 - 4 km W of Cobb, CA", "severity": "1.25", "observed_utc": "20260915T121849Z"}}, {"type": "Feature", "geometry": {"type": "Point", "coordinates": [-97.47583333, 36.031]}, "properties": {"depth_km": 8.29, "source": "usgs", "source_id": "ok2026scmj", "hazard": "earthquake", "name": "M 1.28 - 7 km WSW of Mulhall, Oklahoma", "severity": "1.28", "observed_utc": "20260915T121115Z"}}, {"type": "Feature", "geometry": {"type": "Point", "coordinates": [-89.475, 36.2818333333333]}, "properties": {"depth_km": 5.54, "source": "usgs", "source_id": "nm60627946", "hazard": "earthquake", "name": "M 1.67 - 2 km NNE of Ridgely, Tennessee", "severity": "1.67", "observed_utc": "20260915T120217Z"}}, {"type": "Feature", "geometry": {"type": "Point", "coordinates": [-116.762333333333, 33.5815]}, "properties": {"depth_km": 12.09, "source": "usgs", "source_id": "ci41333079", "hazard": "earthquake", "name": "M 0.86 - 9 km WNW of Anza, CA", "severity": "0.86", "observed_utc": "20260915T115647Z"}}, {"type": "Feature", "geometry": {"type": "Point", "coordinates": [-122.811164855957, 38.8278350830078]}, "properties": {"depth_km": 2.0699999332428, "source": "usgs", "source_id": "nc75436007", "hazard": "earthquake", "name": "M 0.22 - 7 km NW of The Geysers, CA", "severity": "0.22", "observed_utc": "20260915T115236Z"}}, {"type": "Feature", "geometry": {"type": "Point", "coordinates": [-177.882, 51.15]}, "properties": {"depth_km": 20.1, "source": "usgs", "source_id": "aka2026shphzx", "hazard": "earthquake", "name": "M 3.2 - 118 km SW of Adak, Alaska", "severity": "3.2", "observed_utc": "20260915T115023Z"}}, {"type": "Feature", "geometry": {"type": "Point", "coordinates": [-104.283, 31.631]}, "properties": {"depth_km": 0.0, "source": "usgs", "source_id": "tx2026serbcs", "hazard": "earthquake", "name": "M 0.8 - 58 km NW of Toyah, Texas", "severity": "0.8", "observed_utc": "20260915T114637Z"}}, {"type": "Feature", "geometry": {"type": "Point", "coordinates": [-122.758834838867, 38.7794990539551]}, "properties": {"depth_km": 1.02999997138977, "source": "usgs", "source_id": "nc75436002", "hazard": "earthquake", "name": "M 0.76 - 0 km NW of The Geysers, CA", "severity": "0.76", "observed_utc": "20260915T114303Z"}}, {"type": "Feature", "geometry": {"type": "Point", "coordinates": [-149.253, 61.745]}, "properties": {"depth_km": 4.5, "source": "usgs", "source_id": "aka2026shoyyi", "hazard": "earthquake", "name": "M 1.5 - 0 km W of Fishhook, Alaska", "severity": "1.5", "observed_utc": "20260915T113958Z"}}, {"type": "Feature", "geometry": {"type": "Point", "coordinates": [155.3847, -7.3986]}, "properties": {"depth_km": 10.0, "source": "usgs", "source_id": "us7000thl5", "hazard": "earthquake", "name": "M 4.7 - 120 km S of Panguna, Papua New Guinea", "severity": "4.7", "observed_utc": "20260915T113458Z"}}, {"type": "Feature", "geometry": {"type": "Point", "coordinates": [-152.888, 59.408]}, "properties": {"depth_km": 91.1, "source": "usgs", "source_id": "aka2026shorjc", "hazard": "earthquake", "name": "M 1.8 - 55 km W of Nanwalek, Alaska", "severity": "1.8", "observed_utc": "20260915T113110Z"}}, {"type": "Feature", "geometry": {"type": "Point", "coordinates": [-122.578166666667, 45.9661666666667]}, "properties": {"depth_km": 15.45, "source": "usgs", "source_id": "uw714102521", "hazard": "earthquake", "name": "M 1.24 - 11 km WNW of Amboy, Washington", "severity": "1.24", "observed_utc": "20260915T110335Z"}}, {"type": "Feature", "geometry": {"type": "Point", "coordinates": [-155.867828369141, 19.3279991149902]}, "properties": {"depth_km": 5.07000017166138, "source": "usgs", "source_id": "hv75036227", "hazard": "earthquake", "name": "M 1.79 - 14 km S of Honaunau-Napoopoo, Hawaii", "severity": "1.79", "observed_utc": "20260915T105403Z"}}, {"type": "Feature", "geometry": {"type": "Point", "coordinates": [-117.225166666667, 34.024]}, "properties": {"depth_km": 14.83, "source": "usgs", "source_id": "ci41333071", "hazard": "earthquake", "name": "M 1.39 - 4 km SE of Loma Linda, CA", "severity": "1.39", "observed_utc": "20260915T105155Z"}}, {"type": "Feature", "geometry": {"type": "Point", "coordinates": [-155.503833333333, 19.192]}, "properties": {"depth_km": 32.45, "source": "usgs", "source_id": "hv75036222", "hazard": "earthquake", "name": "M 2.61 - 2 km WSW of Pāhala, Hawaii", "severity": "2.61", "observed_utc": "20260915T104625Z"}}, {"type": "Feature", "geometry": {"type": "Point", "coordinates": [-150.421, 63.128]}, "properties": {"depth_km": 102.8, "source": "usgs", "source_id": "aka2026shndex", "hazard": "earthquake", "name": "M 2.1 - 72 km NNE of Petersville, Alaska", "severity": "2.1", "observed_utc": "20260915T104451Z"}}, {"type": "Feature", "geometry": {"type": "Point", "coordinates": [-155.484497070312, 19.1573333740234]}, "properties": {"depth_km": 11.4399995803833, "source": "usgs", "source_id": "hv75036212", "hazard": "earthquake", "name": "M 1.85 - 5 km S of Pāhala, Hawaii", "severity": "1.85", "observed_utc": "20260915T101613Z"}}, {"type": "Feature", "geometry": {"type": "Point", "coordinates": [-104.134, 31.658]}, "properties": {"depth_km": 7.5226, "source": "usgs", "source_id": "tx2026senuah", "hazard": "earthquake", "name": "M 1.7 - 49 km NW of Toyah, Texas", "severity": "1.7", "observed_utc": "20260915T100754Z"}}, {"type": "Feature", "geometry": {"type": "Point", "coordinates": [-101.073, 32.13]}, "properties": {"depth_km": 4.3213, "source": "usgs", "source_id": "tx2026senqen", "hazard": "earthquake", "name": "M 1.6 - 25 km SSW of Westbrook, Texas", "severity": "1.6", "observed_utc": "20260915T100326Z"}}, {"type": "Feature", "geometry": {"type": "Point", "coordinates": [-144.166, 69.497]}, "properties": {"depth_km": 3.6, "source": "usgs", "source_id": "aka2026shlrqg", "hazard": "earthquake", "name": "M 2.5 - 73 km SSW of Kaktovik, Alaska", "severity": "2.5", "observed_utc": "20260915T100131Z"}}, {"type": "Feature", "geometry": {"type": "Point", "coordinates": [-152.609, 60.12]}, "properties": {"depth_km": 91.0, "source": "usgs", "source_id": "aka2026shlqgt", "hazard": "earthquake", "name": "M 1.9 - 52 km WNW of Happy Valley, Alaska", "severity": "1.9", "observed_utc": "20260915T100111Z"}}, {"type": "Feature", "geometry": {"type": "Point", "coordinates": [-122.1655, 46.201]}, "properties": {"depth_km": 4.99, "source": "usgs", "source_id": "uw714102501", "hazard": "earthquake", "name": "M 0.1 - 38 km NE of Amboy, Washington", "severity": "0.1", "observed_utc": "20260915T095648Z"}}, {"type": "Feature", "geometry": {"type": "Point", "coordinates": [-144.23, 69.542]}, "properties": {"depth_km": 6.6, "source": "usgs", "source_id": "aka2026shljaz", "hazard": "earthquake", "name": "M 4.3 - 69 km SSW of Kaktovik, Alaska", "severity": "4.3", "observed_utc": "20260915T095138Z"}}, {"type": "Feature", "geometry": {"type": "Point", "coordinates": [-122.850997924805, 38.8248329162598]}, "properties": {"depth_km": 1.60000002384186, "source": "usgs", "source_id": "nc75435992", "hazard": "earthquake", "name": "M 0.68 - 10 km WNW of The Geysers, CA", "severity": "0.68", "observed_utc": "20260915T095113Z"}}, {"type": "Feature", "geometry": {"type": "Point", "coordinates": [-104.427, 31.651]}, "properties": {"depth_km": 6.0999, "source": "usgs", "source_id": "tx2026semwyy", "hazard": "earthquake", "name": "M 1.7 - 58 km S of Whites City, New Mexico", "severity": "1.7", "observed_utc": "20260915T094242Z"}}, {"type": "Feature", "geometry": {"type": "Point", "coordinates": [-176.77, 51.782]}, "properties": {"depth_km": 85.7, "source": "usgs", "source_id": "aka2026shkywp", "hazard": "earthquake", "name": "M 1.8 - 13 km SW of Adak, Alaska", "severity": "1.8", "observed_utc": "20260915T094005Z"}}, {"type": "Feature", "geometry": {"type": "Point", "coordinates": [-122.791999816895, 38.8219985961914]}, "properties": {"depth_km": 0.5, "source": "usgs", "source_id": "nc75435987", "hazard": "earthquake", "name": "M 0.57 - 6 km NNW of The Geysers, CA", "severity": "0.57", "observed_utc": "20260915T093816Z"}}, {"type": "Feature", "geometry": {"type": "Point", "coordinates": [-123.313835144043, 38.9938316345215]}, "properties": {"depth_km": 2.57999992370605, "source": "usgs", "source_id": "nc75435982", "hazard": "earthquake", "name": "M 1.63 - 5 km ESE of Boonville, CA", "severity": "1.63", "observed_utc": "20260915T093712Z"}}, {"type": "Feature", "geometry": {"type": "Point", "coordinates": [-125.619166666667, 48.7563333333333]}, "properties": {"depth_km": 4.98, "source": "usgs", "source_id": "uw714102491", "hazard": "earthquake", "name": "M 3.18 - 21 km SSW of Ucluelet, Canada", "severity": "3.18", "observed_utc": "20260915T093051Z"}}, {"type": "Feature", "geometry": {"type": "Point", "coordinates": [-115.626166666667, 33.1623333333333]}, "properties": {"depth_km": 3.37, "source": "usgs", "source_id": "ci41333063", "hazard": "earthquake", "name": "M 1.28 - 11 km WNW of Calipatria, CA", "severity": "1.28", "observed_utc": "20260915T092453Z"}}, {"type": "Feature", "geometry": {"type": "Point", "coordinates": [-112.902, 38.5141666666667]}, "properties": {"depth_km": 2.8, "source": "usgs", "source_id": "uu80156991", "hazard": "earthquake", "name": "M 1.15 - 16 km NE of Milford, Utah", "severity": "1.15", "observed_utc": "20260915T090611Z"}}, {"type": "Feature", "geometry": {"type": "Point", "coordinates": [-112.904333333333, 38.5148333333333]}, "properties": {"depth_km": 2.61, "source": "usgs", "source_id": "uu80156986", "hazard": "earthquake", "name": "M 2.11 - 16 km NE of Milford, Utah", "severity": "2.11", "observed_utc": "20260915T090441Z"}}, {"type": "Feature", "geometry": {"type": "Point", "coordinates": [-165.517, 53.871]}, "properties": {"depth_km": 76.4, "source": "usgs", "source_id": "aka2026shjrlr", "hazard": "earthquake", "name": "M 2 - 33 km SSE of Akutan, Alaska", "severity": "2", "observed_utc": "20260915T090119Z"}}, {"type": "Feature", "geometry": {"type": "Point", "coordinates": [-155.475173950195, 19.4444999694824]}, "properties": {"depth_km": 6.34999990463257, "source": "usgs", "source_id": "hv75036187", "hazard": "earthquake", "name": "M 1.73 - 25 km W of Volcano, Hawaii", "severity": "1.73", "observed_utc": "20260915T085407Z"}}, {"type": "Feature", "geometry": {"type": "Point", "coordinates": [-102.075, 32.364]}, "properties": {"depth_km": 6.8848, "source": "usgs", "source_id": "tx2026selhlg", "hazard": "earthquake", "name": "M 0.4 - 37 km NW of Stanton, Texas", "severity": "0.4", "observed_utc": "20260915T085304Z"}}, {"type": "Feature", "geometry": {"type": "Point", "coordinates": [-104.135, 31.657]}, "properties": {"depth_km": 6.1127, "source": "usgs", "source_id": "tx2026selaoc", "hazard": "earthquake", "name": "M 3.3 - 49 km NW of Toyah, Texas", "severity": "3.3", "observed_utc": "20260915T084829Z"}}, {"type": "Feature", "geometry": {"type": "Point", "coordinates": [-179.863, 51.017]}, "properties": {"depth_km": 9.1, "source": "usgs", "source_id": "aka2026shjflu", "hazard": "earthquake", "name": "M 2.7 - 243 km WSW of Adak, Alaska", "severity": "2.7", "observed_utc": "20260915T084731Z"}}, {"type": "Feature", "geometry": {"type": "Point", "coordinates": [-169.228, 52.088]}, "properties": {"depth_km": 8.2, "source": "usgs", "source_id": "aka2026shjbmn", "hazard": "earthquake", "name": "M 2.9 - 97 km SSW of Nikolski, Alaska", "severity": "2.9", "observed_utc": "20260915T084257Z"}}, {"type": "Feature", "geometry": {"type": "Point", "coordinates": [-112.899833333333, 38.5153333333333]}, "properties": {"depth_km": 2.38, "source": "usgs", "source_id": "uu80156981", "hazard": "earthquake", "name": "M 1.74 - 16 km NE of Milford, Utah", "severity": "1.74", "observed_utc": "20260915T082844Z"}}, {"type": "Feature", "geometry": {"type": "Point", "coordinates": [-115.557, 32.9506666666667]}, "properties": {"depth_km": 2.98, "source": "usgs", "source_id": "ci41333055", "hazard": "earthquake", "name": "M 1.14 - 4 km SW of Brawley, CA", "severity": "1.14", "observed_utc": "20260915T082804Z"}}, {"type": "Feature", "geometry": {"type": "Point", "coordinates": [-117.149833333333, 33.9578333333333]}, "properties": {"depth_km": 14.57, "source": "usgs", "source_id": "ci41333047", "hazard": "earthquake", "name": "M 0.72 - 8 km ENE of Moreno Valley, CA", "severity": "0.72", "observed_utc": "20260915T081920Z"}}, {"type": "Feature", "geometry": {"type": "Point", "coordinates": [-117.483166666667, 35.9398333333333]}, "properties": {"depth_km": 1.9, "source": "usgs", "source_id": "ci41333039", "hazard": "earthquake", "name": "M 0.82 - 20 km NNW of Searles Valley, CA", "severity": "0.82", "observed_utc": "20260915T081350Z"}}, {"type": "Feature", "geometry": {"type": "Point", "coordinates": [-122.790168762207, 38.8231658935547]}, "properties": {"depth_km": 0.689999997615814, "source": "usgs", "source_id": "nc75435977", "hazard": "earthquake", "name": "M 0.76 - 6 km W of Cobb, CA", "severity": "0.76", "observed_utc": "20260915T081312Z"}}, {"type": "Feature", "geometry": {"type": "Point", "coordinates": [-112.896666666667, 38.5146666666667]}, "properties": {"depth_km": 2.28, "source": "usgs", "source_id": "uu80156976", "hazard": "earthquake", "name": "M 1.72 - 16 km NE of Milford, Utah", "severity": "1.72", "observed_utc": "20260915T080814Z"}}, {"type": "Feature", "geometry": {"type": "Point", "coordinates": [-122.807662963867, 38.8386650085449]}, "properties": {"depth_km": 1.98000001907349, "source": "usgs", "source_id": "nc75435972", "hazard": "earthquake", "name": "M 0.73 - 8 km WNW of Cobb, CA", "severity": "0.73", "observed_utc": "20260915T080623Z"}}, {"type": "Feature", "geometry": {"type": "Point", "coordinates": [-153.169, 59.138]}, "properties": {"depth_km": 80.4, "source": "usgs", "source_id": "aka2026shhrds", "hazard": "earthquake", "name": "M 1.8 - 75 km WSW of Nanwalek, Alaska", "severity": "1.8", "observed_utc": "20260915T080055Z"}}, {"type": "Feature", "geometry": {"type": "Point", "coordinates": [-112.8995, 38.5106666666667]}, "properties": {"depth_km": 2.44, "source": "usgs", "source_id": "uu80156966", "hazard": "earthquake", "name": "M 1.58 - 15 km NE of Milford, Utah", "severity": "1.58", "observed_utc": "20260915T075623Z"}}, {"type": "Feature", "geometry": {"type": "Point", "coordinates": [-151.64, 61.21]}, "properties": {"depth_km": 84.4, "source": "usgs", "source_id": "aka2026shhkyr", "hazard": "earthquake", "name": "M 1.6 - 30 km WNW of Beluga, Alaska", "severity": "1.6", "observed_utc": "20260915T075353Z"}}, {"type": "Feature", "geometry": {"type": "Point", "coordinates": [-148.678, 68.605]}, "properties": {"depth_km": 4.8, "source": "usgs", "source_id": "aka2026shhhvs", "hazard": "earthquake", "name": "M 2.6 - 135 km ENE of Anaktuvuk Pass, Alaska", "severity": "2.6", "observed_utc": "20260915T075018Z"}}, {"type": "Feature", "geometry": {"type": "Point", "coordinates": [-104.363, 31.632]}, "properties": {"depth_km": 6.0999, "source": "usgs", "source_id": "tx2026seilfz", "hazard": "earthquake", "name": "M 1.7 - 60 km S of Whites City, New Mexico", "severity": "1.7", "observed_utc": "20260915T072649Z"}}, {"type": "Feature", "geometry": {"type": "Point", "coordinates": [-124.485000610352, 40.2934989929199]}, "properties": {"depth_km": 8.98999977111816, "source": "usgs", "source_id": "nc75435962", "hazard": "earthquake", "name": "M 3.28 - 17 km WSW of Petrolia, CA", "severity": "3.28", "observed_utc": "20260915T071806Z"}}, {"type": "Feature", "geometry": {"type": "Point", "coordinates": [-117.2325, 34.0058333333333]}, "properties": {"depth_km": 16.97, "source": "usgs", "source_id": "ci41333031", "hazard": "earthquake", "name": "M 1.24 - 5 km SSE of Loma Linda, CA", "severity": "1.24", "observed_utc": "20260915T071531Z"}}, {"type": "Feature", "geometry": {"type": "Point", "coordinates": [-121.997166666667, 46.8898333333333]}, "properties": {"depth_km": 11.93, "source": "usgs", "source_id": "uw714102411", "hazard": "earthquake", "name": "M 0.43 - 14 km N of Ashford, Washington", "severity": "0.43", "observed_utc": "20260915T071447Z"}}, {"type": "Feature", "geometry": {"type": "Point", "coordinates": [-124.446334838867, 40.3105010986328]}, "properties": {"depth_km": 9.85999965667725, "source": "usgs", "source_id": "nc75435957", "hazard": "earthquake", "name": "M 1.96 - 14 km W of Petrolia, CA", "severity": "1.96", "observed_utc": "20260915T071040Z"}}, {"type": "Feature", "geometry": {"type": "Point", "coordinates": [-175.348, 51.891]}, "properties": {"depth_km": 108.0, "source": "usgs", "source_id": "aka2026shfxpv", "hazard": "earthquake", "name": "M 2.5 - 85 km WSW of Atka, Alaska", "severity": "2.5", "observed_utc": "20260915T070830Z"}}, {"type": "Feature", "geometry": {"type": "Point", "coordinates": [-122.817337036133, 38.8346672058105]}, "properties": {"depth_km": 1.86000001430511, "source": "usgs", "source_id": "nc75435952", "hazard": "earthquake", "name": "M 1.04 - 8 km NW of The Geysers, CA", "severity": "1.04", "observed_utc": "20260915T065225Z"}}, {"type": "Feature", "geometry": {"type": "Point", "coordinates": [-122.799667358398, 38.8315010070801]}, "properties": {"depth_km": 2.15000009536743, "source": "usgs", "source_id": "nc75435947", "hazard": "earthquake", "name": "M 1.26 - 7 km W of Cobb, CA", "severity": "1.26", "observed_utc": "20260915T063627Z"}}, {"type": "Feature", "geometry": {"type": "Point", "coordinates": [-102.079, 32.423]}, "properties": {"depth_km": 8.6182, "source": "usgs", "source_id": "tx2026segswg", "hazard": "earthquake", "name": "M 0.6 - 36 km WSW of Ackerly, Texas", "severity": "0.6", "observed_utc": "20260915T063524Z"}}, {"type": "Feature", "geometry": {"type": "Point", "coordinates": [-122.759498596191, 38.7948341369629]}, "properties": {"depth_km": 1.16999995708466, "source": "usgs", "source_id": "nc75435942", "hazard": "earthquake", "name": "M 0.44 - 2 km N of The Geysers, CA", "severity": "0.44", "observed_utc": "20260915T062516Z"}}, {"type": "Feature", "geometry": {"type": "Point", "coordinates": [-66.9961666666667, 17.9715]}, "properties": {"depth_km": 13.23, "source": "usgs", "source_id": "pr71531828", "hazard": "earthquake", "name": "M 2.86 - 5 km E of La Parguera, Puerto Rico", "severity": "2.86", "observed_utc": "20260915T062148Z"}}, {"type": "Feature", "geometry": {"type": "Point", "coordinates": [-111.672, 38.86]}, "properties": {"depth_km": 3.62, "source": "usgs", "source_id": "uu80156961", "hazard": "earthquake", "name": "M 0.9 - 19 km ESE of Salina, Utah", "severity": "0.9", "observed_utc": "20260915T062121Z"}}, {"type": "Feature", "geometry": {"type": "Point", "coordinates": [-143.535, 60.354]}, "properties": {"depth_km": 5.0, "source": "usgs", "source_id": "aka2026shedez", "hazard": "earthquake", "name": "M 1.5 - 124 km E of Cordova, Alaska", "severity": "1.5", "observed_utc": "20260915T061458Z"}}, {"type": "Feature", "geometry": {"type": "Point", "coordinates": [130.3422, -6.6349]}, "properties": {"depth_km": 83.829, "source": "usgs", "source_id": "us7000thjr", "hazard": "earthquake", "name": "M 4.8 - 289 km WSW of Tual, Indonesia", "severity": "4.8", "observed_utc": "20260915T060752Z"}}, {"type": "Feature", "geometry": {"type": "Point", "coordinates": [-150.72, 60.382]}, "properties": {"depth_km": 53.9, "source": "usgs", "source_id": "aka2026shdmjr", "hazard": "earthquake", "name": "M 1.6 - 13 km S of Funny River, Alaska", "severity": "1.6", "observed_utc": "20260915T055535Z"}}, {"type": "Feature", "geometry": {"type": "Point", "coordinates": [-122.80883026123, 38.8028335571289]}, "properties": {"depth_km": 1.63999998569489, "source": "usgs", "source_id": "nc75435932", "hazard": "earthquake", "name": "M 1.08 - 5 km WNW of The Geysers, CA", "severity": "1.08", "observed_utc": "20260915T054835Z"}}, {"type": "Feature", "geometry": {"type": "Point", "coordinates": [-155.126007080078, 19.7948341369629]}, "properties": {"depth_km": 40.5, "source": "usgs", "source_id": "hv75036107", "hazard": "earthquake", "name": "M 1.93 - 3 km WNW of Pāpa‘ikou, Hawaii", "severity": "1.93", "observed_utc": "20260915T054502Z"}}, {"type": "Feature", "geometry": {"type": "Point", "coordinates": [-116.647, 33.4458333333333]}, "properties": {"depth_km": 7.27, "source": "usgs", "source_id": "ci41333015", "hazard": "earthquake", "name": "M -0.1 - 12 km SSE of Anza, CA", "severity": "-0.1", "observed_utc": "20260915T053435Z"}}, {"type": "Feature", "geometry": {"type": "Point", "coordinates": [-167.028, 53.099]}, "properties": {"depth_km": 18.4, "source": "usgs", "source_id": "aka2026shcitc", "hazard": "earthquake", "name": "M 4 - 92 km SSW of Unalaska, Alaska", "severity": "4", "observed_utc": "20260915T052125Z"}}, {"type": "Feature", "geometry": {"type": "Point", "coordinates": [-122.87833404541, 38.8409996032715]}, "properties": {"depth_km": 2.54999995231628, "source": "usgs", "source_id": "nc75435922", "hazard": "earthquake", "name": "M 0.81 - 13 km ENE of Cloverdale, CA", "severity": "0.81", "observed_utc": "20260915T050816Z"}}, {"type": "Feature", "geometry": {"type": "Point", "coordinates": [-101.922, 32.108]}, "properties": {"depth_km": 8.667, "source": "usgs", "source_id": "tx2026sedrjn", "hazard": "earthquake", "name": "M 0.8 - 12 km W of Stanton, Texas", "severity": "0.8", "observed_utc": "20260915T050532Z"}}, {"type": "Feature", "geometry": {"type": "Point", "coordinates": [-122.911499023438, 39.8266677856445]}, "properties": {"depth_km": -1.11000001430511, "source": "usgs", "source_id": "nc75435917", "hazard": "earthquake", "name": "M 2.24 - 25 km NW of Alder Springs, CA", "severity": "2.24", "observed_utc": "20260915T050239Z"}}, {"type": "Feature", "geometry": {"type": "Point", "coordinates": [-122.880332946777, 38.8393325805664]}, "properties": {"depth_km": 2.02999997138977, "source": "usgs", "source_id": "nc75435912", "hazard": "earthquake", "name": "M 0.67 - 12 km ENE of Cloverdale, CA", "severity": "0.67", "observed_utc": "20260915T050149Z"}}, {"type": "Feature", "geometry": {"type": "Point", "coordinates": [170.0923, -21.5813]}, "properties": {"depth_km": 98.74, "source": "usgs", "source_id": "us7000thjj", "hazard": "earthquake", "name": "M 4.8 - 229 km E of Tadine, New Caledonia", "severity": "4.8", "observed_utc": "20260915T045226Z"}}, {"type": "Feature", "geometry": {"type": "Point", "coordinates": [-122.192333333333, 46.2011666666667]}, "properties": {"depth_km": -1.82, "source": "usgs", "source_id": "uw714102341", "hazard": "earthquake", "name": "M -0.44 - 37 km NNE of Amboy, Washington", "severity": "-0.44", "observed_utc": "20260915T045036Z"}}, {"type": "Feature", "geometry": {"type": "Point", "coordinates": [-150.907, 62.002]}, "properties": {"depth_km": 5.9, "source": "usgs", "source_id": "aka2026shaxwc", "hazard": "earthquake", "name": "M 1.7 - 25 km E of Skwentna, Alaska", "severity": "1.7", "observed_utc": "20260915T043852Z"}}, {"type": "Feature", "geometry": {"type": "Point", "coordinates": [-109.874166666667, 41.5695]}, "properties": {"depth_km": -3.43, "source": "usgs", "source_id": "uu80156956", "hazard": "earthquake", "name": "M 3.39 - 3 km NNW of Little America, Wyoming", "severity": "3.39", "observed_utc": "20260915T043306Z"}}, {"type": "Feature", "geometry": {"type": "Point", "coordinates": [-117.8035, 35.339]}, "properties": {"depth_km": 6.76, "source": "usgs", "source_id": "ci41332999", "hazard": "earthquake", "name": "M 1.93 - 16 km WSW of Johannesburg, CA", "severity": "1.93", "observed_utc": "20260915T043241Z"}}, {"type": "Feature", "geometry": {"type": "Point", "coordinates": [-116.4175, 33.3531666666667]}, "properties": {"depth_km": 10.9, "source": "usgs", "source_id": "ci41332991", "hazard": "earthquake", "name": "M 0.63 - 12 km NNW of Borrego Springs, CA", "severity": "0.63", "observed_utc": "20260915T042336Z"}}, {"type": "Feature", "geometry": {"type": "Point", "coordinates": [-149.376, 62.669]}, "properties": {"depth_km": 59.8, "source": "usgs", "source_id": "aka2026shaijz", "hazard": "earthquake", "name": "M 1.7 - 44 km ENE of Chase, Alaska", "severity": "1.7", "observed_utc": "20260915T042101Z"}}, {"type": "Feature", "geometry": {"type": "Point", "coordinates": [-167.031, 53.379]}, "properties": {"depth_km": 10.9, "source": "usgs", "source_id": "aka2026sgzxnb", "hazard": "earthquake", "name": "M 2.4 - 64 km SSW of Unalaska, Alaska", "severity": "2.4", "observed_utc": "20260915T040828Z"}}, {"type": "Feature", "geometry": {"type": "Point", "coordinates": [-112.898, 38.5158333333333]}, "properties": {"depth_km": 2.45, "source": "usgs", "source_id": "uu80156951", "hazard": "earthquake", "name": "M 1.63 - 16 km NE of Milford, Utah", "severity": "1.63", "observed_utc": "20260915T040501Z"}}, {"type": "Feature", "geometry": {"type": "Point", "coordinates": [-101.897, 32.369]}, "properties": {"depth_km": 8.4961, "source": "usgs", "source_id": "tx2026seboet", "hazard": "earthquake", "name": "M 0.6 - 24 km SW of Ackerly, Texas", "severity": "0.6", "observed_utc": "20260915T035912Z"}}, {"type": "Feature", "geometry": {"type": "Point", "coordinates": [-64.7423333333333, 18.2641666666667]}, "properties": {"depth_km": 125.54, "source": "usgs", "source_id": "pr71531818", "hazard": "earthquake", "name": "M 3.36 - 9 km SE of Cruz Bay, U.S. Virgin Islands", "severity": "3.36", "observed_utc": "20260915T034435Z"}}, {"type": "Feature", "geometry": {"type": "Point", "coordinates": [-124.011665344238, 40.560001373291]}, "properties": {"depth_km": 24.2299995422363, "source": "usgs", "source_id": "nc75435897", "hazard": "earthquake", "name": "M 2.58 - 7 km E of Hydesville, CA", "severity": "2.58", "observed_utc": "20260915T033620Z"}}, {"type": "Feature", "geometry": {"type": "Point", "coordinates": [-101.92, 32.037]}, "properties": {"depth_km": 8.9111, "source": "usgs", "source_id": "tx2026seammn", "hazard": "earthquake", "name": "M 0.5 - 15 km ENE of Midland, Texas", "severity": "0.5", "observed_utc": "20260915T032655Z"}}, {"type": "Feature", "geometry": {"type": "Point", "coordinates": [-104.364, 31.669]}, "properties": {"depth_km": 7.6892, "source": "usgs", "source_id": "tx2026seacbl", "hazard": "earthquake", "name": "M 1.8 - 56 km S of Whites City, New Mexico", "severity": "1.8", "observed_utc": "20260915T031757Z"}}, {"type": "Feature", "geometry": {"type": "Point", "coordinates": [-153.278, 59.155]}, "properties": {"depth_km": 76.7, "source": "usgs", "source_id": "aka2026sgyfhy", "hazard": "earthquake", "name": "M 1.6 - 80 km WSW of Nanwalek, Alaska", "severity": "1.6", "observed_utc": "20260915T031731Z"}}, {"type": "Feature", "geometry": {"type": "Point", "coordinates": [-116.8065, 34.3615]}, "properties": {"depth_km": 2.37, "source": "usgs", "source_id": "ci41332983", "hazard": "earthquake", "name": "M 0.95 - 12 km NNE of Big Bear City, CA", "severity": "0.95", "observed_utc": "20260915T030954Z"}}, {"type": "Feature", "geometry": {"type": "Point", "coordinates": [-104.145, 31.771]}, "properties": {"depth_km": 6.2921, "source": "usgs", "source_id": "tx2026sdzmpn", "hazard": "earthquake", "name": "M 2.2 - 49 km SSE of Whites City, New Mexico", "severity": "2.2", "observed_utc": "20260915T025651Z"}}, {"type": "Feature", "geometry": {"type": "Point", "coordinates": [-112.905333333333, 37.0436666666667]}, "properties": {"depth_km": 14.75, "source": "usgs", "source_id": "uu80156946", "hazard": "earthquake", "name": "M 1.89 - 7 km NE of Hildale, Utah", "severity": "1.89", "observed_utc": "20260915T025409Z"}}, {"type": "Feature", "geometry": {"type": "Point", "coordinates": [-122.805999755859, 38.826831817627]}, "properties": {"depth_km": 2.52999997138977, "source": "usgs", "source_id": "nc75435892", "hazard": "earthquake", "name": "M 1.27 - 7 km NW of The Geysers, CA", "severity": "1.27", "observed_utc": "20260915T023634Z"}}, {"type": "Feature", "geometry": {"type": "Point", "coordinates": [177.929, 50.267]}, "properties": {"depth_km": 20.0, "source": "usgs", "source_id": "aka2026sgwfzt", "hazard": "earthquake", "name": "M 3.4 - Rat Islands, Aleutian Islands, Alaska", "severity": "3.4", "observed_utc": "20260915T021818Z"}}, {"type": "Feature", "geometry": {"type": "Point", "coordinates": [-112.88, 38.5041666666667]}, "properties": {"depth_km": 1.05, "source": "usgs", "source_id": "uu80156941", "hazard": "earthquake", "name": "M 0.67 - 16 km NE of Milford, Utah", "severity": "0.67", "observed_utc": "20260915T021259Z"}}, {"type": "Feature", "geometry": {"type": "Point", "coordinates": [-152.427, 61.37]}, "properties": {"depth_km": 122.1, "source": "usgs", "source_id": "aka2026sgwawc", "hazard": "earthquake", "name": "M 1.3 - 76 km WNW of Beluga, Alaska", "severity": "1.3", "observed_utc": "20260915T021220Z"}}, {"type": "Feature", "geometry": {"type": "Point", "coordinates": [-150.021, 61.536]}, "properties": {"depth_km": 55.3, "source": "usgs", "source_id": "aka2026sgvyhd", "hazard": "earthquake", "name": "M 1.6 - 3 km WNW of Big Lake, Alaska", "severity": "1.6", "observed_utc": "20260915T020925Z"}}, {"type": "Feature", "geometry": {"type": "Point", "coordinates": [-145.241, 63.223]}, "properties": {"depth_km": 3.2, "source": "usgs", "source_id": "aka2026sgvdpr", "hazard": "earthquake", "name": "M 1.4 - 23 km NE of Paxson, Alaska", "severity": "1.4", "observed_utc": "20260915T014619Z"}}, {"type": "Feature", "geometry": {"type": "Point", "coordinates": [-122.818496704102, 38.8048324584961]}, "properties": {"depth_km": 2.9300000667572, "source": "usgs", "source_id": "nc75435887", "hazard": "earthquake", "name": "M 0.75 - 6 km WNW of The Geysers, CA", "severity": "0.75", "observed_utc": "20260915T014234Z"}}, {"type": "Feature", "geometry": {"type": "Point", "coordinates": [-177.898, 50.963]}, "properties": {"depth_km": 14.6, "source": "usgs", "source_id": "aka2026sguzuv", "hazard": "earthquake", "name": "M 3 - 134 km SW of Adak, Alaska", "severity": "3", "observed_utc": "20260915T014114Z"}}, {"type": "Feature", "geometry": {"type": "Point", "coordinates": [-155.498833333333, 19.1745]}, "properties": {"depth_km": 31.29, "source": "usgs", "source_id": "hv75035997", "hazard": "earthquake", "name": "M 1.4 - 3 km SW of Pāhala, Hawaii", "severity": "1.4", "observed_utc": "20260915T014005Z"}}, {"type": "Feature", "geometry": {"type": "Point", "coordinates": [-122.835998535156, 38.8381652832031]}, "properties": {"depth_km": 1.75, "source": "usgs", "source_id": "nc75435882", "hazard": "earthquake", "name": "M 0.94 - 10 km NW of The Geysers, CA", "severity": "0.94", "observed_utc": "20260915T013650Z"}}, {"type": "Feature", "geometry": {"type": "Point", "coordinates": [-116.066666666667, 33.2155]}, "properties": {"depth_km": 9.76, "source": "usgs", "source_id": "ci41332959", "hazard": "earthquake", "name": "M 1.06 - 10 km NE of Ocotillo Wells, CA", "severity": "1.06", "observed_utc": "20260915T013539Z"}}, {"type": "Feature", "geometry": {"type": "Point", "coordinates": [-103.678, 32.076]}, "properties": {"depth_km": 7.6379, "source": "usgs", "source_id": "tx2026sdwtla", "hazard": "earthquake", "name": "M 1.4 - 40 km ESE of Malaga, New Mexico", "severity": "1.4", "observed_utc": "20260915T013415Z"}}, {"type": "Feature", "geometry": {"type": "Point", "coordinates": [-103.678, 32.074]}, "properties": {"depth_km": 7.3816, "source": "usgs", "source_id": "tx2026sdwsfi", "hazard": "earthquake", "name": "M 1.3 - 40 km ESE of Malaga, New Mexico", "severity": "1.3", "observed_utc": "20260915T013249Z"}}, {"type": "Feature", "geometry": {"type": "Point", "coordinates": [-103.68, 32.074]}, "properties": {"depth_km": 6.9843, "source": "usgs", "source_id": "tx2026sdwrew", "hazard": "earthquake", "name": "M 1.5 - 40 km ESE of Malaga, New Mexico", "severity": "1.5", "observed_utc": "20260915T013140Z"}}, {"type": "Feature", "geometry": {"type": "Point", "coordinates": [-122.835670471191, 38.8383331298828]}, "properties": {"depth_km": 1.74000000953674, "source": "usgs", "source_id": "nc75435877", "hazard": "earthquake", "name": "M 1.08 - 10 km NW of The Geysers, CA", "severity": "1.08", "observed_utc": "20260915T012851Z"}}, {"type": "Feature", "geometry": {"type": "Point", "coordinates": [-178.637, 49.931]}, "properties": {"depth_km": 20.0, "source": "usgs", "source_id": "aka2026sguoxw", "hazard": "earthquake", "name": "M 3.1 - 257 km SSW of Adak, Alaska", "severity": "3.1", "observed_utc": "20260915T012754Z"}}, {"type": "Feature", "geometry": {"type": "Point", "coordinates": [-152.249, 62.275]}, "properties": {"depth_km": 2.6, "source": "usgs", "source_id": "aka2026sgujai", "hazard": "earthquake", "name": "M 1.6 - 54 km NW of Skwentna, Alaska", "severity": "1.6", "observed_utc": "20260915T012150Z"}}, {"type": "Feature", "geometry": {"type": "Point", "coordinates": [-139.894, 60.596]}, "properties": {"depth_km": 2.9, "source": "usgs", "source_id": "aka2026sgujag", "hazard": "earthquake", "name": "M 1.6 - 117 km N of Yakutat, Alaska", "severity": "1.6", "observed_utc": "20260915T012149Z"}}, {"type": "Feature", "geometry": {"type": "Point", "coordinates": [-117.395833333333, 33.6906666666667]}, "properties": {"depth_km": 8.1, "source": "usgs", "source_id": "ci41332951", "hazard": "earthquake", "name": "M 1.96 - 7 km WNW of Lake Elsinore, CA", "severity": "1.96", "observed_utc": "20260915T011314Z"}}, {"type": "Feature", "geometry": {"type": "Point", "coordinates": [-104.435, 31.666]}, "properties": {"depth_km": 5.6897, "source": "usgs", "source_id": "tx2026sdvxmn", "hazard": "earthquake", "name": "M 1.7 - 56 km S of Whites City, New Mexico", "severity": "1.7", "observed_utc": "20260915T010848Z"}}, {"type": "Feature", "geometry": {"type": "Point", "coordinates": [-117.834833333333, 36.0215]}, "properties": {"depth_km": 1.67, "source": "usgs", "source_id": "ci41332943", "hazard": "earthquake", "name": "M 0.83 - 11 km ESE of Coso Junction, CA", "severity": "0.83", "observed_utc": "20260915T010828Z"}}, {"type": "Feature", "geometry": {"type": "Point", "coordinates": [-122.918502807617, 38.8373336791992]}, "properties": {"depth_km": 18.9099998474121, "source": "usgs", "source_id": "nc75435862", "hazard": "earthquake", "name": "M 1.35 - 9 km ENE of Cloverdale, CA", "severity": "1.35", "observed_utc": "20260915T010552Z"}}, {"type": "Feature", "geometry": {"type": "Point", "coordinates": [-122.835502624512, 38.8388328552246]}, "properties": {"depth_km": 1.79999995231628, "source": "usgs", "source_id": "nc75435857", "hazard": "earthquake", "name": "M 0.93 - 10 km NW of The Geysers, CA", "severity": "0.93", "observed_utc": "20260915T005728Z"}}, {"type": "Feature", "geometry": {"type": "Point", "coordinates": [-119.224666666667, 33.995]}, "properties": {"depth_km": 0.22, "source": "usgs", "source_id": "ci41332919", "hazard": "earthquake", "name": "M 1.92 - 17 km S of Port Hueneme, CA", "severity": "1.92", "observed_utc": "20260915T004718Z"}}, {"type": "Feature", "geometry": {"type": "Point", "coordinates": [-143.583, 58.279]}, "properties": {"depth_km": 46.9, "source": "usgs", "source_id": "aka2026sgsvey", "hazard": "earthquake", "name": "M 2.4 - 263 km SW of Yakutat, Alaska", "severity": "2.4", "observed_utc": "20260915T003555Z"}}, {"type": "Feature", "geometry": {"type": "Point", "coordinates": [-176.1235, 51.4939]}, "properties": {"depth_km": 37.152, "source": "usgs", "source_id": "us7000thpf", "hazard": "earthquake", "name": "M 2.5 - 55 km SE of Adak, Alaska", "severity": "2.5", "observed_utc": "20260915T003539Z"}}, {"type": "Feature", "geometry": {"type": "Point", "coordinates": [-99.495, 36.45333333333333]}, "properties": {"event": "Severe Thunderstorm Warning", "area": "Dewey, OK; Ellis, OK; Harper, OK; Woodward, OK", "source": "nws", "source_id": "https://api.weather.gov/alerts/urn:oid:2.49.0.1.840.0.24855e318f863968874c0253f4a7809107646f9a.001.1", "hazard": "weather_alert", "name": "Severe Thunderstorm Warning issued September 15 at 7:30PM CDT until September 15 at 8:00PM CDT by NWS Norman OK", "severity": "Severe", "observed_utc": "2026-09-15T19:30:00-05:00"}}, {"type": "Feature", "geometry": {"type": "Point", "coordinates": [-102.40571428571427, 33.957142857142856]}, "properties": {"event": "Flash Flood Warning", "area": "Lamb, TX", "source": "nws", "source_id": "https://api.weather.gov/alerts/urn:oid:2.49.0.1.840.0.954dd5f6c42ef7f98b9b50293b2634d0503c8c96.001.1", "hazard": "weather_alert", "name": "Flash Flood Warning issued September 15 at 7:30PM CDT until September 15 at 9:30PM CDT by NWS Lubbock TX", "severity": "Severe", "observed_utc": "2026-09-15T19:30:00-05:00"}}, {"type": "Feature", "geometry": {"type": "Point", "coordinates": [-101.47800000000001, 33.646]}, "properties": {"event": "Severe Thunderstorm Warning", "area": "Crosby, TX", "source": "nws", "source_id": "https://api.weather.gov/alerts/urn:oid:2.49.0.1.840.0.8cbd8508c4cbdc140108f7c6a7790bfc63b5e04e.002.1", "hazard": "weather_alert", "name": "Severe Thunderstorm Warning issued September 15 at 7:29PM CDT until September 15 at 7:45PM CDT by NWS Lubbock TX", "severity": "Severe", "observed_utc": "2026-09-15T19:29:00-05:00"}}, {"type": "Feature", "geometry": {"type": "Point", "coordinates": [-108.77199999999998, 39.32]}, "properties": {"event": "Severe Thunderstorm Warning", "area": "Garfield, CO; Mesa, CO", "source": "nws", "source_id": "https://api.weather.gov/alerts/urn:oid:2.49.0.1.840.0.a3b823a68f98287ce4f203aa2c24575bcb647710.001.1", "hazard": "weather_alert", "name": "Severe Thunderstorm Warning issued September 15 at 6:28PM MDT until September 15 at 6:45PM MDT by NWS Grand Junction CO", "severity": "Severe", "observed_utc": "2026-09-15T18:28:00-06:00"}}, {"type": "Feature", "geometry": {"type": "Point", "coordinates": [-98.99875, 36.863749999999996]}, "properties": {"event": "Special Weather Statement", "area": "Woods", "source": "nws", "source_id": "https://api.weather.gov/alerts/urn:oid:2.49.0.1.840.0.774ddb8951f639832a2e09451f699908cce0f073.001.1", "hazard": "weather_alert", "name": "Special Weather Statement issued September 15 at 7:27PM CDT by NWS Norman OK", "severity": "Moderate", "observed_utc": "2026-09-15T19:27:00-05:00"}}, {"type": "Feature", "geometry": {"type": "Point", "coordinates": [-103.33400000000002, 30.78]}, "properties": {"event": "Special Weather Statement", "area": "Pecos", "source": "nws", "source_id": "https://api.weather.gov/alerts/urn:oid:2.49.0.1.840.0.bb7cc639b06c4d3958f2741da8031785c24708f4.001.1", "hazard": "weather_alert", "name": "Special Weather Statement issued September 15 at 7:26PM CDT by NWS Midland/Odessa TX", "severity": "Moderate", "observed_utc": "2026-09-15T19:26:00-05:00"}}, {"type": "Feature", "geometry": {"type": "Point", "coordinates": [-93.992, 39.855999999999995]}, "properties": {"event": "Severe Thunderstorm Warning", "area": "Caldwell, MO; Daviess, MO", "source": "nws", "source_id": "https://api.weather.gov/alerts/urn:oid:2.49.0.1.840.0.6b23920097f73b04d93955c8f11c1b78600b77ee.002.1", "hazard": "weather_alert", "name": "Severe Thunderstorm Warning issued September 15 at 7:25PM CDT until September 15 at 7:45PM CDT by NWS Kansas City/Pleasant Hill MO", "severity": "Severe", "observed_utc": "2026-09-15T19:25:00-05:00"}}, {"type": "Feature", "geometry": {"type": "Point", "coordinates": [-108.92999999999999, 39.288333333333334]}, "properties": {"event": "Flash Flood Warning", "area": "Mesa, CO", "source": "nws", "source_id": "https://api.weather.gov/alerts/urn:oid:2.49.0.1.840.0.91c16a794b99790d468ea61d98923cebb31c982f.001.1", "hazard": "weather_alert", "name": "Flash Flood Warning issued September 15 at 6:25PM MDT until September 15 at 9:30PM MDT by NWS Grand Junction CO", "severity": "Severe", "observed_utc": "2026-09-15T18:25:00-06:00"}}, {"type": "Feature", "geometry": {"type": "Point", "coordinates": [-98.55800000000002, 37.077999999999996]}, "properties": {"event": "Special Weather Statement", "area": "Barber", "source": "nws", "source_id": "https://api.weather.gov/alerts/urn:oid:2.49.0.1.840.0.07e8c8184fae32a0047d83b5adf5a67d75cb92db.001.1", "hazard": "weather_alert", "name": "Special Weather Statement issued September 15 at 7:25PM CDT by NWS Dodge City KS", "severity": "Moderate", "observed_utc": "2026-09-15T19:25:00-05:00"}}, {"type": "Feature", "geometry": {"type": "Point", "coordinates": [-94.29833333333333, 38.76166666666666]}, "properties": {"event": "Severe Thunderstorm Warning", "area": "Cass, MO", "source": "nws", "source_id": "https://api.weather.gov/alerts/urn:oid:2.49.0.1.840.0.2d045ba4c43df0bb76a7b2e776b7d79c93046d16.001.1", "hazard": "weather_alert", "name": "Severe Thunderstorm Warning issued September 15 at 7:24PM CDT until September 15 at 7:45PM CDT by NWS Kansas City/Pleasant Hill MO", "severity": "Severe", "observed_utc": "2026-09-15T19:24:00-05:00"}}, {"type": "Feature", "geometry": {"type": "Point", "coordinates": [-102.53833333333334, 32.26666666666667]}, "properties": {"event": "Severe Thunderstorm Warning", "area": "Andrews, TX", "source": "nws", "source_id": "https://api.weather.gov/alerts/urn:oid:2.49.0.1.840.0.5fd87b01709310b9834ec5003aead495f36487fa.001.1", "hazard": "weather_alert", "name": "Severe Thunderstorm Warning issued September 15 at 7:23PM CDT until September 15 at 8:00PM CDT by NWS Midland/Odessa TX", "severity": "Severe", "observed_utc": "2026-09-15T19:23:00-05:00"}}, {"type": "Feature", "geometry": {"type": "Point", "coordinates": [-101.96666666666665, 33.589999999999996]}, "properties": {"event": "Flash Flood Warning", "area": "Lubbock, TX", "source": "nws", "source_id": "https://api.weather.gov/alerts/urn:oid:2.49.0.1.840.0.68a2a24f744ce5f2a32fbda71f5bdc88076a53b5.001.1", "hazard": "weather_alert", "name": "Flash Flood Warning issued September 15 at 7:23PM CDT until September 15 at 8:30PM CDT by NWS Lubbock TX", "severity": "Severe", "observed_utc": "2026-09-15T19:23:00-05:00"}}, {"type": "Feature", "geometry": {"type": "Point", "coordinates": [-101.76714285714287, 33.96999999999999]}, "properties": {"event": "Flash Flood Warning", "area": "Hale, TX", "source": "nws", "source_id": "https://api.weather.gov/alerts/urn:oid:2.49.0.1.840.0.33c495a71013b64f5349efb55752e59ce37b3ebb.001.1", "hazard": "weather_alert", "name": "Flash Flood Warning issued September 15 at 7:22PM CDT until September 15 at 8:45PM CDT by NWS Lubbock TX", "severity": "Severe", "observed_utc": "2026-09-15T19:22:00-05:00"}}, {"type": "Feature", "geometry": {"type": "Point", "coordinates": [-92.44800000000001, 39.536]}, "properties": {"event": "Severe Thunderstorm Warning", "area": "Macon, MO; Randolph, MO", "source": "nws", "source_id": "https://api.weather.gov/alerts/urn:oid:2.49.0.1.840.0.9628d5b5eb156f6a0892f78c09607ce503ef0c98.001.1", "hazard": "weather_alert", "name": "Severe Thunderstorm Warning issued September 15 at 7:22PM CDT until September 15 at 8:00PM CDT by NWS Kansas City/Pleasant Hill MO", "severity": "Severe", "observed_utc": "2026-09-15T19:22:00-05:00"}}, {"type": "Feature", "geometry": {"type": "Point", "coordinates": [-101.49600000000001, 34.094]}, "properties": {"event": "Flash Flood Warning", "area": "Floyd, TX", "source": "nws", "source_id": "https://api.weather.gov/alerts/urn:oid:2.49.0.1.840.0.550be4497bd8ded8c2f62d920129cca5c5c8aacd.001.1", "hazard": "weather_alert", "name": "Flash Flood Warning issued September 15 at 7:21PM CDT until September 15 at 8:00PM CDT by NWS Lubbock TX", "severity": "Severe", "observed_utc": "2026-09-15T19:21:00-05:00"}}, {"type": "Feature", "geometry": {"type": "Point", "coordinates": [-106.76, 35.88272727272727]}, "properties": {"event": "Flash Flood Warning", "area": "Sandoval, NM", "source": "nws", "source_id": "https://api.weather.gov/alerts/urn:oid:2.49.0.1.840.0.3672a7c8cd424653e37fadfaf59876aca1668c27.001.1", "hazard": "weather_alert", "name": "Flash Flood Warning issued September 15 at 6:19PM MDT until September 15 at 8:00PM MDT by NWS Albuquerque NM", "severity": "Severe", "observed_utc": "2026-09-15T18:19:00-06:00"}}, {"type": "Feature", "geometry": {"type": "Point", "coordinates": [-98.61500000000001, 36.835]}, "properties": {"event": "Severe Thunderstorm Warning", "area": "Woods, OK", "source": "nws", "source_id": "https://api.weather.gov/alerts/urn:oid:2.49.0.1.840.0.606f48caf810a99668d87fe8b7e3767faeabba3f.001.1", "hazard": "weather_alert", "name": "Severe Thunderstorm Warning issued September 15 at 7:19PM CDT until September 15 at 7:45PM CDT by NWS Norman OK", "severity": "Severe", "observed_utc": "2026-09-15T19:19:00-05:00"}}, {"type": "Feature", "geometry": {"type": "Point", "coordinates": [-106.00888888888888, 32.47999999999999]}, "properties": {"event": "Flash Flood Warning", "area": "Otero, NM", "source": "nws", "source_id": "https://api.weather.gov/alerts/urn:oid:2.49.0.1.840.0.fc796386d8c3d2bda8373df19165e82e964db190.001.1", "hazard": "weather_alert", "name": "Flash Flood Warning issued September 15 at 6:18PM MDT until September 15 at 9:15PM MDT by NWS El Paso Tx/Santa Teresa NM", "severity": "Severe", "observed_utc": "2026-09-15T18:18:00-06:00"}}, {"type": "Feature", "geometry": {"type": "Point", "coordinates": [-107.84571428571428, 36.715714285714284]}, "properties": {"event": "Special Weather Statement", "area": "Northwest Plateau; Far Northwest Highlands; Northwest Highlands", "source": "nws", "source_id": "https://api.weather.gov/alerts/urn:oid:2.49.0.1.840.0.69c5cb683c462ae43b19f1e0f3350ae2f0da9841.001.1", "hazard": "weather_alert", "name": "Special Weather Statement issued September 15 at 6:17PM MDT by NWS Albuquerque NM", "severity": "Moderate", "observed_utc": "2026-09-15T18:17:00-06:00"}}, {"type": "Feature", "geometry": {"type": "Point", "coordinates": [-85.24777777777778, 41.19777777777777]}, "properties": {"event": "Severe Thunderstorm Warning", "area": "Allen, IN; De Kalb, IN; Noble, IN", "source": "nws", "source_id": "https://api.weather.gov/alerts/urn:oid:2.49.0.1.840.0.1e4af631cbdf1dc9707608a131f4259078ddcd4b.001.1", "hazard": "weather_alert", "name": "Severe Thunderstorm Warning issued September 15 at 8:16PM EDT until September 15 at 9:00PM EDT by NWS Northern Indiana", "severity": "Severe", "observed_utc": "2026-09-15T20:16:00-04:00"}}, {"type": "Feature", "geometry": {"type": "Point", "coordinates": [-99.335, 36.23833333333334]}, "properties": {"event": "Special Weather Statement", "area": "Ellis; Woodward; Roger Mills; Dewey", "source": "nws", "source_id": "https://api.weather.gov/alerts/urn:oid:2.49.0.1.840.0.cb6e6e86e249345ae0e9ec5e5d951b52036a8cd6.001.1", "hazard": "weather_alert", "name": "Special Weather Statement issued September 15 at 7:14PM CDT by NWS Norman OK", "severity": "Moderate", "observed_utc": "2026-09-15T19:14:00-05:00"}}, {"type": "Feature", "geometry": {"type": "Point", "coordinates": [-93.80625, 40.293749999999996]}, "properties": {"event": "Flood Advisory", "area": "Grundy, MO; Harrison, MO; Mercer, MO", "source": "nws", "source_id": "https://api.weather.gov/alerts/urn:oid:2.49.0.1.840.0.bcde1358faa6e503a3a9e7b0a7e4a9dba01c3ee5.001.1", "hazard": "weather_alert", "name": "Flood Advisory issued September 15 at 7:13PM CDT until September 15 at 11:00PM CDT by NWS Kansas City/Pleasant Hill MO", "severity": "Minor", "observed_utc": "2026-09-15T19:13:00-05:00"}}, {"type": "Feature", "geometry": {"type": "Point", "coordinates": [-98.62666666666667, 36.81333333333333]}, "properties": {"event": "Special Weather Statement", "area": "Woods", "source": "nws", "source_id": "https://api.weather.gov/alerts/urn:oid:2.49.0.1.840.0.10e38be687b5d73a51cef9dabee36de6e754c11f.001.1", "hazard": "weather_alert", "name": "Special Weather Statement issued September 15 at 7:11PM CDT by NWS Norman OK", "severity": "Moderate", "observed_utc": "2026-09-15T19:11:00-05:00"}}, {"type": "Feature", "geometry": {"type": "Point", "coordinates": [-98.95400000000001, 37.166000000000004]}, "properties": {"event": "Special Weather Statement", "area": "Comanche; Barber", "source": "nws", "source_id": "https://api.weather.gov/alerts/urn:oid:2.49.0.1.840.0.84de2a6ec0b09fe642ec2c5f0cd9c333dd4b7935.001.1", "hazard": "weather_alert", "name": "Special Weather Statement issued September 15 at 7:11PM CDT by NWS Dodge City KS", "severity": "Moderate", "observed_utc": "2026-09-15T19:11:00-05:00"}}, {"type": "Feature", "geometry": {"type": "Point", "coordinates": [-108.03571428571429, 36.66285714285715]}, "properties": {"event": "Flood Advisory", "area": "San Juan, NM", "source": "nws", "source_id": "https://api.weather.gov/alerts/urn:oid:2.49.0.1.840.0.c916b6ef16db58a4a3379ee7b3aecb28482239c9.001.1", "hazard": "weather_alert", "name": "Flood Advisory issued September 15 at 6:08PM MDT until September 15 at 9:15PM MDT by NWS Albuquerque NM", "severity": "Minor", "observed_utc": "2026-09-15T18:08:00-06:00"}}, {"type": "Feature", "geometry": {"type": "Point", "coordinates": [-112.75, 32.882000000000005]}, "properties": {"event": "Special Weather Statement", "area": "Gila Bend; Sonoran Desert Natl Monument", "source": "nws", "source_id": "https://api.weather.gov/alerts/urn:oid:2.49.0.1.840.0.fdefa250266a9e1dbef9901e72c1ba7ef55e84a8.001.1", "hazard": "weather_alert", "name": "Special Weather Statement issued September 15 at 5:08PM MST by NWS Phoenix AZ", "severity": "Moderate", "observed_utc": "2026-09-15T17:08:00-07:00"}}, {"type": "Feature", "geometry": {"type": "Point", "coordinates": [-86.384, 41.06]}, "properties": {"event": "Special Weather Statement", "area": "Pulaski; Marshall; Fulton", "source": "nws", "source_id": "https://api.weather.gov/alerts/urn:oid:2.49.0.1.840.0.0627689d7dff36d5f1b1f46b7c1b6562a5b2938b.001.1", "hazard": "weather_alert", "name": "Special Weather Statement issued September 15 at 8:08PM EDT by NWS Northern Indiana", "severity": "Moderate", "observed_utc": "2026-09-15T20:08:00-04:00"}}, {"type": "Feature", "geometry": {"type": "Point", "coordinates": [-101.84400000000001, 33.717999999999996]}, "properties": {"event": "Flash Flood Warning", "area": "Lubbock, TX", "source": "nws", "source_id": "https://api.weather.gov/alerts/urn:oid:2.49.0.1.840.0.b029cb573d319717f41c6ec0189260b2cb585b83.001.1", "hazard": "weather_alert", "name": "Flash Flood Warning issued September 15 at 7:04PM CDT until September 15 at 9:00PM CDT by NWS Lubbock TX", "severity": "Severe", "observed_utc": "2026-09-15T19:04:00-05:00"}}, {"type": "Feature", "geometry": {"type": "Point", "coordinates": [-105.201, 30.845500000000005]}, "properties": {"event": "Flood Advisory", "area": "Hudspeth, TX", "source": "nws", "source_id": "https://api.weather.gov/alerts/urn:oid:2.49.0.1.840.0.da3eb842392894b81041fcb20379dc6af848478f.001.1", "hazard": "weather_alert", "name": "Flood Advisory issued September 15 at 6:03PM MDT until September 15 at 8:00PM MDT by NWS El Paso Tx/Santa Teresa NM", "severity": "Minor", "observed_utc": "2026-09-15T18:03:00-06:00"}}, {"type": "Feature", "geometry": {"type": "Point", "coordinates": [-109.23200000000001, 39.19]}, "properties": {"event": "Flash Flood Warning", "area": "Grand, UT", "source": "nws", "source_id": "https://api.weather.gov/alerts/urn:oid:2.49.0.1.840.0.2feca6d3836d4501e82f40b103aa7c72304dc97a.001.1", "hazard": "weather_alert", "name": "Flash Flood Warning issued September 15 at 5:51PM MDT until September 15 at 8:45PM MDT by NWS Grand Junction CO", "severity": "Severe", "observed_utc": "2026-09-15T17:51:00-06:00"}}, {"type": "Feature", "geometry": {"type": "Point", "coordinates": [-109.91142857142859, 38.96]}, "properties": {"event": "Flash Flood Warning", "area": "Grand, UT", "source": "nws", "source_id": "https://api.weather.gov/alerts/urn:oid:2.49.0.1.840.0.33de8ece8c4f1dc4b381179cf2b7f2aa51aa15e2.001.1", "hazard": "weather_alert", "name": "Flash Flood Warning issued September 15 at 5:31PM MDT until September 15 at 8:30PM MDT by NWS Grand Junction CO", "severity": "Severe", "observed_utc": "2026-09-15T17:31:00-06:00"}}, {"type": "Feature", "geometry": {"type": "Point", "coordinates": [-105.5475, 32.89875]}, "properties": {"event": "Flood Advisory", "area": "Otero, NM", "source": "nws", "source_id": "https://api.weather.gov/alerts/urn:oid:2.49.0.1.840.0.0d85d4f44fe930057d4d04a614247b9fa2717d5c.001.1", "hazard": "weather_alert", "name": "Flood Advisory issued September 15 at 5:31PM MDT until September 15 at 8:30PM MDT by NWS El Paso Tx/Santa Teresa NM", "severity": "Minor", "observed_utc": "2026-09-15T17:31:00-06:00"}}, {"type": "Feature", "geometry": {"type": "Point", "coordinates": [-110.87333333333333, 38.608333333333334]}, "properties": {"event": "Flash Flood Warning", "area": "Emery, UT", "source": "nws", "source_id": "https://api.weather.gov/alerts/urn:oid:2.49.0.1.840.0.101906df89ded4e4d308775fc870bbc01abf3389.001.1", "hazard": "weather_alert", "name": "Flash Flood Warning issued September 15 at 5:31PM MDT until September 15 at 7:45PM MDT by NWS Salt Lake City UT", "severity": "Severe", "observed_utc": "2026-09-15T17:31:00-06:00"}}, {"type": "Feature", "geometry": {"type": "Point", "coordinates": [-110.59499999999998, 38.76499999999999]}, "properties": {"event": "Flash Flood Warning", "area": "Emery, UT", "source": "nws", "source_id": "https://api.weather.gov/alerts/urn:oid:2.49.0.1.840.0.47f738a08d42f5d3b201ea52460dd5e76fe1d200.001.1", "hazard": "weather_alert", "name": "Flash Flood Warning issued September 15 at 5:24PM MDT until September 15 at 8:00PM MDT by NWS Salt Lake City UT", "severity": "Severe", "observed_utc": "2026-09-15T17:24:00-06:00"}}, {"type": "Feature", "geometry": {"type": "Point", "coordinates": [-95.32166666666666, 38.339999999999996]}, "properties": {"event": "Flood Advisory", "area": "Anderson, KS; Franklin, KS", "source": "nws", "source_id": "https://api.weather.gov/alerts/urn:oid:2.49.0.1.840.0.5aae488e87aaa6656fd71d972d87a7ebc8213797.001.1", "hazard": "weather_alert", "name": "Flood Advisory issued September 15 at 6:23PM CDT until September 15 at 9:30PM CDT by NWS Topeka KS", "severity": "Minor", "observed_utc": "2026-09-15T18:23:00-05:00"}}, {"type": "Feature", "geometry": {"type": "Point", "coordinates": [-161.85875000000001, 60.738749999999996]}, "properties": {"event": "Flood Advisory", "area": "Interior Kuskokwim Delta", "source": "nws", "source_id": "https://api.weather.gov/alerts/urn:oid:2.49.0.1.840.0.962615a66c4fcc1ecb188b2a0dd71148af03b57c.001.1", "hazard": "weather_alert", "name": "Flood Advisory issued September 15 at 3:22PM AKDT until September 15 at 10:00PM AKDT by NWS Anchorage AK", "severity": "Minor", "observed_utc": "2026-09-15T15:22:00-08:00"}}, {"type": "Feature", "geometry": {"type": "Point", "coordinates": [-106.15307692307694, 35.85923076923077]}, "properties": {"event": "Flash Flood Warning", "area": "Santa Fe, NM", "source": "nws", "source_id": "https://api.weather.gov/alerts/urn:oid:2.49.0.1.840.0.670cd7d104ad2e61f958c26d12a6477fa0653875.001.1", "hazard": "weather_alert", "name": "Flash Flood Warning issued September 15 at 5:16PM MDT until September 15 at 7:30PM MDT by NWS Albuquerque NM", "severity": "Severe", "observed_utc": "2026-09-15T17:16:00-06:00"}}, {"type": "Feature", "geometry": {"type": "Point", "coordinates": [-107.87333333333332, 31.99]}, "properties": {"event": "Flash Flood Warning", "area": "Luna, NM", "source": "nws", "source_id": "https://api.weather.gov/alerts/urn:oid:2.49.0.1.840.0.2cc57e2e7d87e6c9828909ee740741af933f99ec.001.1", "hazard": "weather_alert", "name": "Flash Flood Warning issued September 15 at 5:15PM MDT until September 15 at 8:15PM MDT by NWS El Paso Tx/Santa Teresa NM", "severity": "Severe", "observed_utc": "2026-09-15T17:15:00-06:00"}}, {"type": "Feature", "geometry": {"type": "Point", "coordinates": [-106.09277777777778, 35.647777777777776]}, "properties": {"event": "Flood Advisory", "area": "Santa Fe, NM", "source": "nws", "source_id": "https://api.weather.gov/alerts/urn:oid:2.49.0.1.840.0.db1b9b890a80752f1e4a2d32d25716cd66ed1f99.001.1", "hazard": "weather_alert", "name": "Flood Advisory issued September 15 at 5:10PM MDT until September 15 at 8:15PM MDT by NWS Albuquerque NM", "severity": "Minor", "observed_utc": "2026-09-15T17:10:00-06:00"}}, {"type": "Feature", "geometry": {"type": "Point", "coordinates": [-108.67166666666667, 35.05166666666667]}, "properties": {"event": "Flash Flood Warning", "area": "McKinley, NM", "source": "nws", "source_id": "https://api.weather.gov/alerts/urn:oid:2.49.0.1.840.0.fe14cc79bf9a56d2ee9648b664168ffb734cbdd9.001.1", "hazard": "weather_alert", "name": "Flash Flood Warning issued September 15 at 5:05PM MDT until September 15 at 7:00PM MDT by NWS Albuquerque NM", "severity": "Severe", "observed_utc": "2026-09-15T17:05:00-06:00"}}, {"type": "Feature", "geometry": {"type": "Point", "coordinates": [-109.86647058823532, 35.57235294117646]}, "properties": {"event": "Flash Flood Warning", "area": "Apache, AZ; Navajo, AZ", "source": "nws", "source_id": "https://api.weather.gov/alerts/urn:oid:2.49.0.1.840.0.58c653a21f80784aab76bf7533140b1542341e4d.001.1", "hazard": "weather_alert", "name": "Flash Flood Warning issued September 15 at 3:58PM MST until September 15 at 6:00PM MST by NWS Flagstaff AZ", "severity": "Severe", "observed_utc": "2026-09-15T15:58:00-07:00"}}, {"type": "Feature", "geometry": {"type": "Point", "coordinates": [-110.006875, 33.766875]}, "properties": {"event": "Flash Flood Warning", "area": "Gila, AZ; Navajo, AZ", "source": "nws", "source_id": "https://api.weather.gov/alerts/urn:oid:2.49.0.1.840.0.576b8070b4ce47df7ce21ba9d66563424fd1231f.001.1", "hazard": "weather_alert", "name": "Flash Flood Warning issued September 15 at 3:53PM MST until September 15 at 8:00PM MST by NWS Flagstaff AZ", "severity": "Severe", "observed_utc": "2026-09-15T15:53:00-07:00"}}, {"type": "Feature", "geometry": {"type": "Point", "coordinates": [-106.50333333333333, 32.645]}, "properties": {"event": "Flood Advisory", "area": "Dona Ana, NM", "source": "nws", "source_id": "https://api.weather.gov/alerts/urn:oid:2.49.0.1.840.0.b554b2b85c556115c0796473c5509e04084ac4e0.001.1", "hazard": "weather_alert", "name": "Flood Advisory issued September 15 at 4:49PM MDT until September 15 at 6:45PM MDT by NWS El Paso Tx/Santa Teresa NM", "severity": "Minor", "observed_utc": "2026-09-15T16:49:00-06:00"}}, {"type": "Feature", "geometry": {"type": "Point", "coordinates": [-108.53666666666665, 35.443333333333335]}, "properties": {"event": "Flood Advisory", "area": "McKinley, NM", "source": "nws", "source_id": "https://api.weather.gov/alerts/urn:oid:2.49.0.1.840.0.d398d6015fcbe71883934ede8e04d235e6c51282.001.1", "hazard": "weather_alert", "name": "Flood Advisory issued September 15 at 4:44PM MDT until September 15 at 7:45PM MDT by NWS Albuquerque NM", "severity": "Minor", "observed_utc": "2026-09-15T16:44:00-06:00"}}, {"type": "Feature", "geometry": {"type": "Point", "coordinates": [-105.85166666666666, 35.93944444444444]}, "properties": {"event": "Flash Flood Warning", "area": "Rio Arriba, NM; Santa Fe, NM", "source": "nws", "source_id": "https://api.weather.gov/alerts/urn:oid:2.49.0.1.840.0.dfef1474243995c104b2de38a1cd9b1c5220d109.001.1", "hazard": "weather_alert", "name": "Flash Flood Warning issued September 15 at 4:42PM MDT until September 15 at 6:45PM MDT by NWS Albuquerque NM", "severity": "Severe", "observed_utc": "2026-09-15T16:42:00-06:00"}}, {"type": "Feature", "geometry": {"type": "Point", "coordinates": [-108.01857142857143, 32.010000000000005]}, "properties": {"event": "Flood Advisory", "area": "Luna, NM", "source": "nws", "source_id": "https://api.weather.gov/alerts/urn:oid:2.49.0.1.840.0.bf74c07b9f6cb63a8c8486465a2b2ef62d59eb69.001.1", "hazard": "weather_alert", "name": "Flood Advisory issued September 15 at 4:42PM MDT until September 15 at 6:45PM MDT by NWS El Paso Tx/Santa Teresa NM", "severity": "Minor", "observed_utc": "2026-09-15T16:42:00-06:00"}}, {"type": "Feature", "geometry": {"type": "Point", "coordinates": [-100.65, 35.61571428571428]}, "properties": {"event": "Flood Advisory", "area": "Gray, TX; Roberts, TX", "source": "nws", "source_id": "https://api.weather.gov/alerts/urn:oid:2.49.0.1.840.0.320f617e3d06973e1e4236a3c36b2d9ea774aab3.001.1", "hazard": "weather_alert", "name": "Flood Advisory issued September 15 at 5:41PM CDT until September 15 at 8:45PM CDT by NWS Amarillo TX", "severity": "Minor", "observed_utc": "2026-09-15T17:41:00-05:00"}}, {"type": "Feature", "geometry": {"type": "Point", "coordinates": [-108.40166666666666, 31.906666666666666]}, "properties": {"event": "Flood Advisory", "area": "Grant, NM", "source": "nws", "source_id": "https://api.weather.gov/alerts/urn:oid:2.49.0.1.840.0.e00515358229ced0cac2842a7cb7ab0c22a418e3.001.1", "hazard": "weather_alert", "name": "Flood Advisory issued September 15 at 4:38PM MDT until September 15 at 7:45PM MDT by NWS El Paso Tx/Santa Teresa NM", "severity": "Minor", "observed_utc": "2026-09-15T16:38:00-06:00"}}, {"type": "Feature", "geometry": {"type": "Point", "coordinates": [-106.07076923076922, 35.95153846153847]}, "properties": {"event": "Flood Advisory", "area": "Rio Arriba, NM; Santa Fe, NM", "source": "nws", "source_id": "https://api.weather.gov/alerts/urn:oid:2.49.0.1.840.0.29621c58e212f418fc31eef7baf06348bd398149.001.1", "hazard": "weather_alert", "name": "Flood Advisory issued September 15 at 4:35PM MDT until September 15 at 7:00PM MDT by NWS Albuquerque NM", "severity": "Minor", "observed_utc": "2026-09-15T16:35:00-06:00"}}, {"type": "Feature", "geometry": {"type": "Point", "coordinates": [-106.38428571428572, 32.441428571428574]}, "properties": {"event": "Flood Advisory", "area": "Dona Ana, NM; Otero, NM", "source": "nws", "source_id": "https://api.weather.gov/alerts/urn:oid:2.49.0.1.840.0.ef940354c2cd51aa6e83262844c80f0a297e6aa9.001.1", "hazard": "weather_alert", "name": "Flood Advisory issued September 15 at 3:51PM MDT until September 15 at 6:45PM MDT by NWS El Paso Tx/Santa Teresa NM", "severity": "Minor", "observed_utc": "2026-09-15T15:51:00-06:00"}}, {"type": "Feature", "geometry": {"type": "Point", "coordinates": [-95.25761904761904, 40.971428571428575]}, "properties": {"event": "Flood Warning", "area": "Montgomery, IA", "source": "nws", "source_id": "https://api.weather.gov/alerts/urn:oid:2.49.0.1.840.0.7360b537cf9b79a58cc8c751e431705209f43b03.001.1", "hazard": "weather_alert", "name": "Flood Warning issued September 15 at 4:11PM CDT until September 17 at 4:00AM CDT by NWS Omaha/Valley NE", "severity": "Severe", "observed_utc": "2026-09-15T16:11:00-05:00"}}, {"type": "Feature", "geometry": {"type": "Point", "coordinates": [-94.424, 41.296]}, "properties": {"event": "Flood Warning", "area": "Adair, IA", "source": "nws", "source_id": "https://api.weather.gov/alerts/urn:oid:2.49.0.1.840.0.542f600c01f6429eeca558948952045075eb2492.001.1", "hazard": "weather_alert", "name": "Flood Warning issued September 15 at 3:30PM CDT until September 16 at 3:30PM CDT by NWS Des Moines IA", "severity": "Severe", "observed_utc": "2026-09-15T15:30:00-05:00"}}, {"type": "Feature", "geometry": {"type": "Point", "coordinates": [-93.63400000000001, 41.57]}, "properties": {"event": "Flood Warning", "area": "Polk, IA", "source": "nws", "source_id": "https://api.weather.gov/alerts/urn:oid:2.49.0.1.840.0.a647bfc7e4e9f7f58678d810ee1d3f0ba8a5aa88.001.1", "hazard": "weather_alert", "name": "Flood Warning issued September 15 at 1:45PM CDT until September 16 at 7:00PM CDT by NWS Des Moines IA", "severity": "Severe", "observed_utc": "2026-09-15T13:45:00-05:00"}}, {"type": "Feature", "geometry": {"type": "Point", "coordinates": [-82.434, 29.028]}, "properties": {"event": "Flood Warning", "area": "Citrus, FL; Levy, FL; Marion, FL", "source": "nws", "source_id": "https://api.weather.gov/alerts/urn:oid:2.49.0.1.840.0.e5dda5410ce25e7a16b20fb8e29cfbee2de4e37c.002.1", "hazard": "weather_alert", "name": "Flood Warning issued September 15 at 11:52AM EDT by NWS Tampa Bay Ruskin FL", "severity": "Severe", "observed_utc": "2026-09-15T11:52:00-04:00"}}, {"type": "Feature", "geometry": {"type": "Point", "coordinates": [-81.978, 27.188]}, "properties": {"event": "Flood Warning", "area": "DeSoto, FL", "source": "nws", "source_id": "https://api.weather.gov/alerts/urn:oid:2.49.0.1.840.0.e5dda5410ce25e7a16b20fb8e29cfbee2de4e37c.001.1", "hazard": "weather_alert", "name": "Flood Warning issued September 15 at 11:52AM EDT by NWS Tampa Bay Ruskin FL", "severity": "Severe", "observed_utc": "2026-09-15T11:52:00-04:00"}}, {"type": "Feature", "geometry": {"type": "Point", "coordinates": [-125.0, 15.7]}, "properties": {"classification": "TD", "pressure_mb": "1006", "movement_dir": 255, "movement_kt": 12, "source": "nhc", "source_id": "ep152026", "hazard": "tropical_cyclone", "name": "Tropical Depression Fifteen-E", "severity": "25", "observed_utc": "2026-09-15T21:00:00.000Z"}}, {"type": "Feature", "geometry": {"type": "Point", "coordinates": [-109.360066358962, 31.7553510045103]}, "properties": {"percent_contained": null, "state": "US-AZ", "source": "nifc", "source_id": "2026 DOUGLAS PILES RX", "hazard": "wildfire", "name": "2026 DOUGLAS PILES RX", "severity": "14.3", "observed_utc": "1767304611000"}}, {"type": "Feature", "geometry": {"type": "Point", "coordinates": [-110.707677631637, 31.7350049405908]}, "properties": {"percent_contained": null, "state": "US-AZ", "source": "nifc", "source_id": "2026 NOGALES PILES RX", "hazard": "wildfire", "name": "2026 NOGALES PILES RX", "severity": "101", "observed_utc": "1767304674000"}}, {"type": "Feature", "geometry": {"type": "Point", "coordinates": [-110.516892582066, 31.5517139220491]}, "properties": {"percent_contained": null, "state": "US-AZ", "source": "nifc", "source_id": "2026 SIERRA VISTA PILES RX", "hazard": "wildfire", "name": "2026 SIERRA VISTA PILES RX", "severity": "150", "observed_utc": "1767304707000"}}, {"type": "Feature", "geometry": {"type": "Point", "coordinates": [-119.63069772389, 37.2806000997643]}, "properties": {"percent_contained": null, "state": "US-CA", "source": "nifc", "source_id": "WILDFIRE TRAINING", "hazard": "wildfire", "name": "WILDFIRE TRAINING", "severity": "0.01", "observed_utc": "1767802620000"}}, {"type": "Feature", "geometry": {"type": "Point", "coordinates": [-122.18704910895, 37.1419249078616]}, "properties": {"percent_contained": null, "state": "US-CA", "source": "nifc", "source_id": "LOCATELLI RX", "hazard": "wildfire", "name": "LOCATELLI RX", "severity": "None", "observed_utc": "1768333184000"}}, {"type": "Feature", "geometry": {"type": "Point", "coordinates": [-105.681707030572, 37.5507810648362]}, "properties": {"percent_contained": null, "state": "US-CO", "source": "nifc", "source_id": "Blanca Wetlands RX", "hazard": "wildfire", "name": "Blanca Wetlands RX", "severity": "208", "observed_utc": "1770227546000"}}, {"type": "Feature", "geometry": {"type": "Point", "coordinates": [-111.753194624828, 40.132588976859]}, "properties": {"percent_contained": null, "state": "US-UT", "source": "nifc", "source_id": "South Street", "hazard": "wildfire", "name": "South Street", "severity": "11.65", "observed_utc": "1770426993000"}}, {"type": "Feature", "geometry": {"type": "Point", "coordinates": [-93.1975065204687, 31.4685556241925]}, "properties": {"percent_contained": null, "state": "US-LA", "source": "nifc", "source_id": "RX KIS BU 30-31", "hazard": "wildfire", "name": "RX KIS BU 30-31", "severity": "2986", "observed_utc": "1770472924000"}}, {"type": "Feature", "geometry": {"type": "Point", "coordinates": [-93.2327735288517, 31.4506556192149]}, "properties": {"percent_contained": null, "state": "US-LA", "source": "nifc", "source_id": "RX KIS BU 32-33", "hazard": "wildfire", "name": "RX KIS BU 32-33", "severity": "2799", "observed_utc": "1770729636000"}}, {"type": "Feature", "geometry": {"type": "Point", "coordinates": [-103.969309633246, 37.4955061634404]}, "properties": {"percent_contained": null, "state": "US-CO", "source": "nifc", "source_id": "10B-3I Broadcast RX", "hazard": "wildfire", "name": "10B-3I Broadcast RX", "severity": "235", "observed_utc": "1770733055000"}}, {"type": "Feature", "geometry": {"type": "Point", "coordinates": [-111.765145612777, 46.2233736040177]}, "properties": {"percent_contained": null, "state": "US-MT", "source": "nifc", "source_id": "Johnny Bonanza RX", "hazard": "wildfire", "name": "Johnny Bonanza RX", "severity": "42", "observed_utc": "1770749483000"}}, {"type": "Feature", "geometry": {"type": "Point", "coordinates": [-103.99430963905, 37.4955061619]}, "properties": {"percent_contained": null, "state": "US-CO", "source": "nifc", "source_id": "7A-10A Broadcast RX", "hazard": "wildfire", "name": "7A-10A Broadcast RX", "severity": "428", "observed_utc": "1770821353000"}}, {"type": "Feature", "geometry": {"type": "Point", "coordinates": [-114.905263528529, 47.4940893995816]}, "properties": {"percent_contained": null, "state": "US-MT", "source": "nifc", "source_id": "RX D5 Tree Farm Piles", "hazard": "wildfire", "name": "RX D5 Tree Farm Piles", "severity": "90", "observed_utc": "1770906240000"}}, {"type": "Feature", "geometry": {"type": "Point", "coordinates": [-89.1413724960721, 32.8133390564424]}, "properties": {"percent_contained": null, "state": "US-MS", "source": "nifc", "source_id": "383 Road", "hazard": "wildfire", "name": "383 Road", "severity": "0.5", "observed_utc": "1771079486000"}}, {"type": "Feature", "geometry": {"type": "Point", "coordinates": [-89.2791225345898, 32.8225390530418]}, "properties": {"percent_contained": null, "state": "US-MS", "source": "nifc", "source_id": "CHA Jim Road RX", "hazard": "wildfire", "name": "CHA Jim Road RX", "severity": "None", "observed_utc": "1771082290000"}}, {"type": "Feature", "geometry": {"type": "Point", "coordinates": [-89.0661057925242, 37.6712070223814]}, "properties": {"percent_contained": null, "state": "US-IL", "source": "nifc", "source_id": "A-13 Piles RX", "hazard": "wildfire", "name": "A-13 Piles RX", "severity": "10", "observed_utc": "1771340736000"}}, {"type": "Feature", "geometry": {"type": "Point", "coordinates": [-89.0566734681542, 32.7293760421797]}, "properties": {"percent_contained": null, "state": "US-MS", "source": "nifc", "source_id": "Tucker RX", "hazard": "wildfire", "name": "Tucker RX", "severity": "None", "observed_utc": "1771509851000"}}, {"type": "Feature", "geometry": {"type": "Point", "coordinates": [-89.2466385247739, 32.8067560510122]}, "properties": {"percent_contained": null, "state": "US-MS", "source": "nifc", "source_id": "East Lake RX", "hazard": "wildfire", "name": "East Lake RX", "severity": "None", "observed_utc": "1771595868000"}}, {"type": "Feature", "geometry": {"type": "Point", "coordinates": [-89.09250579576, 37.6167070108532]}, "properties": {"percent_contained": null, "state": "US-IL", "source": "nifc", "source_id": "DK West DE RX", "hazard": "wildfire", "name": "DK West DE RX", "severity": "157", "observed_utc": "1771604394000"}}, {"type": "Feature", "geometry": {"type": "Point", "coordinates": [-89.1934725088065, 32.7827730480669]}, "properties": {"percent_contained": null, "state": "US-MS", "source": "nifc", "source_id": "Wolf Creek RX", "hazard": "wildfire", "name": "Wolf Creek RX", "severity": "118", "observed_utc": "1771616493000"}}, {"type": "Feature", "geometry": {"type": "Point", "coordinates": [-89.1015058077426, 37.7384020332471]}, "properties": {"percent_contained": null, "state": "US-IL", "source": "nifc", "source_id": "Greenbriar CDEF RX", "hazard": "wildfire", "name": "Greenbriar CDEF RX", "severity": "265", "observed_utc": "1771769407000"}}, {"type": "Feature", "geometry": {"type": "Point", "coordinates": [-89.2582225093974, 32.4587059778795]}, "properties": {"percent_contained": null, "state": "US-MS", "source": "nifc", "source_id": "Community Pond RX", "hazard": "wildfire", "name": "Community Pond RX", "severity": "0.1", "observed_utc": "1771770891000"}}, {"type": "Feature", "geometry": {"type": "Point", "coordinates": [-81.3369200229291, 26.1190547486578]}, "properties": {"percent_contained": 100, "state": "US-FL", "source": "nifc", "source_id": "National", "hazard": "wildfire", "name": "National", "severity": "35027", "observed_utc": "1771821240000"}}, {"type": "Feature", "geometry": {"type": "Point", "coordinates": [-89.0542057915371, 37.7018070287074]}, "properties": {"percent_contained": null, "state": "US-IL", "source": "nifc", "source_id": "Bassponds A&B RX", "hazard": "wildfire", "name": "Bassponds A&B RX", "severity": "55", "observed_utc": "1771863977000"}}, {"type": "Feature", "geometry": {"type": "Point", "coordinates": [-89.0592244687713, 32.7277380417398]}, "properties": {"percent_contained": null, "state": "US-MS", "source": "nifc", "source_id": "Tucker Circle", "hazard": "wildfire", "name": "Tucker Circle", "severity": "1", "observed_utc": "1771884000000"}}, {"type": "Feature", "geometry": {"type": "Point", "coordinates": [-89.0561257942535, 37.7297770338592]}, "properties": {"percent_contained": null, "state": "US-IL", "source": "nifc", "source_id": "Area 2D RX", "hazard": "wildfire", "name": "Area 2D RX", "severity": "53", "observed_utc": "1772048442000"}}, {"type": "Feature", "geometry": {"type": "Point", "coordinates": [-89.0285987855098, 37.7173460328781]}, "properties": {"percent_contained": null, "state": "US-IL", "source": "nifc", "source_id": "HQ RX", "hazard": "wildfire", "name": "HQ RX", "severity": "30", "observed_utc": "1772127918000"}}, {"type": "Feature", "geometry": {"type": "Point", "coordinates": [-89.1079558074258, 37.7109400277835]}, "properties": {"percent_contained": null, "state": "US-IL", "source": "nifc", "source_id": "Propeller Point RX", "hazard": "wildfire", "name": "Propeller Point RX", "severity": "53", "observed_utc": "1772207970000"}}, {"type": "Feature", "geometry": {"type": "Point", "coordinates": [-89.4629415750998, 32.6344840068153]}, "properties": {"percent_contained": null, "state": "US-MS", "source": "nifc", "source_id": "Ester Mill Rd", "hazard": "wildfire", "name": "Ester Mill Rd", "severity": "12", "observed_utc": "1772227800000"}}, {"type": "Feature", "geometry": {"type": "Point", "coordinates": [-88.9284754359459, 32.7897860597124]}, "properties": {"percent_contained": null, "state": "US-MS", "source": "nifc", "source_id": "Hwy 491", "hazard": "wildfire", "name": "Hwy 491", "severity": "5", "observed_utc": "1772485200000"}}, {"type": "Feature", "geometry": {"type": "Point", "coordinates": [-104.202919420989, 34.4060856708604]}, "properties": {"percent_contained": null, "state": "US-NM", "source": "nifc", "source_id": "BURNT TRAILER", "hazard": "wildfire", "name": "BURNT TRAILER", "severity": "1.5", "observed_utc": "1772575620000"}}, {"type": "Feature", "geometry": {"type": "Point", "coordinates": [-89.024335455709, 32.6637260296905]}, "properties": {"percent_contained": null, "state": "US-MS", "source": "nifc", "source_id": "Road 2440", "hazard": "wildfire", "name": "Road 2440", "severity": "3", "observed_utc": "1772912100000"}}, {"type": "Feature", "geometry": {"type": "Point", "coordinates": [-104.670369567983, 34.9295557292726]}, "properties": {"percent_contained": null, "state": "US-NM", "source": "nifc", "source_id": "El Rito Creek", "hazard": "wildfire", "name": "El Rito Creek", "severity": "140", "observed_utc": "1773093886000"}}, {"type": "Feature", "geometry": {"type": "Point", "coordinates": [-89.0191897811749, 37.6957510292864]}, "properties": {"percent_contained": null, "state": "US-IL", "source": "nifc", "source_id": "Lift Station A & B RX", "hazard": "wildfire", "name": "Lift Station A & B RX", "severity": "126", "observed_utc": "1773420346000"}}, {"type": "Feature", "geometry": {"type": "Point", "coordinates": [-88.9959397734859, 37.6813110277129]}, "properties": {"percent_contained": null, "state": "US-IL", "source": "nifc", "source_id": "Water Tower B C D E RX", "hazard": "wildfire", "name": "Water Tower B C D E RX", "severity": "148", "observed_utc": "1773845585000"}}, {"type": "Feature", "geometry": {"type": "Point", "coordinates": [-88.9949017716383, 37.66122602399]}, "properties": {"percent_contained": null, "state": "US-IL", "source": "nifc", "source_id": "Prison C & D RX", "hazard": "wildfire", "name": "Prison C & D RX", "severity": "168", "observed_utc": "1773845674000"}}, {"type": "Feature", "geometry": {"type": "Point", "coordinates": [-89.1085178063711, 37.6953320248293]}, "properties": {"percent_contained": null, "state": "US-IL", "source": "nifc", "source_id": "Broken Handle A RX", "hazard": "wildfire", "name": "Broken Handle A RX", "severity": "112", "observed_utc": "1774020581000"}}, {"type": "Feature", "geometry": {"type": "Point", "coordinates": [-89.1136418092376, 37.7135940280018]}, "properties": {"percent_contained": null, "state": "US-IL", "source": "nifc", "source_id": "Propeller Point RX", "hazard": "wildfire", "name": "Propeller Point RX", "severity": "367", "observed_utc": "1774020947000"}}, {"type": "Feature", "geometry": {"type": "Point", "coordinates": [-91.1758619941594, 31.7227087522011]}, "properties": {"percent_contained": null, "state": "US-MS", "source": "nifc", "source_id": "Bullen", "hazard": "wildfire", "name": "Bullen", "severity": "2", "observed_utc": "1774024140000"}}, {"type": "Feature", "geometry": {"type": "Point", "coordinates": [-89.0609597907811, 37.6674650219308]}, "properties": {"percent_contained": null, "state": "US-IL", "source": "nifc", "source_id": "Area 13 Pile RX", "hazard": "wildfire", "name": "Area 13 Pile RX", "severity": "30", "observed_utc": "1774115054000"}}, {"type": "Feature", "geometry": {"type": "Point", "coordinates": [-104.880049628952, 35.0974957441744]}, "properties": {"percent_contained": null, "state": "US-NM", "source": "nifc", "source_id": "Horned Toad", "hazard": "wildfire", "name": "Horned Toad", "severity": "46", "observed_utc": "1774193400000"}}, {"type": "Feature", "geometry": {"type": "Point", "coordinates": [-89.0810067967645, 37.671630021731]}, "properties": {"percent_contained": null, "state": "US-IL", "source": "nifc", "source_id": "Red Shale BN RX", "hazard": "wildfire", "name": "Red Shale BN RX", "severity": "469", "observed_utc": "1774200914000"}}, {"type": "Feature", "geometry": {"type": "Point", "coordinates": [-92.3859275960038, 36.1596435767746]}, "properties": {"percent_contained": null, "state": "US-AR", "source": "nifc", "source_id": "AR  State Assist Advance", "hazard": "wildfire", "name": "AR  State Assist Advance", "severity": "150", "observed_utc": "1774210434000"}}, {"type": "Feature", "geometry": {"type": "Point", "coordinates": [-92.7242556753696, 35.9969035299243]}, "properties": {"percent_contained": null, "state": "US-AR", "source": "nifc", "source_id": "AR State Assist Gilbert", "hazard": "wildfire", "name": "AR State Assist Gilbert", "severity": "75", "observed_utc": "1774226391000"}}, {"type": "Feature", "geometry": {"type": "Point", "coordinates": [-89.0558217932359, 37.7177970316276]}, "properties": {"percent_contained": null, "state": "US-IL", "source": "nifc", "source_id": "Area 3 RX", "hazard": "wildfire", "name": "Area 3 RX", "severity": "142", "observed_utc": "1774279680000"}}, {"type": "Feature", "geometry": {"type": "Point", "coordinates": [-89.1016398079291, 37.740310033598]}, "properties": {"percent_contained": null, "state": "US-IL", "source": "nifc", "source_id": "Green Briar C and F RX", "hazard": "wildfire", "name": "Green Briar C and F RX", "severity": "260", "observed_utc": "1774280051000"}}, {"type": "Feature", "geometry": {"type": "Point", "coordinates": [-96.2679766754258, 36.8024694945915]}, "properties": {"percent_contained": 100, "state": "US-OK", "source": "nifc", "source_id": "WARE", "hazard": "wildfire", "name": "WARE", "severity": "2271", "observed_utc": "1774377300000"}}, {"type": "Feature", "geometry": {"type": "Point", "coordinates": [-103.285456267159, 35.1462148383196]}, "properties": {"percent_contained": 99, "state": "US-NM", "source": "nifc", "source_id": "Old 66", "hazard": "wildfire", "name": "Old 66", "severity": "3668", "observed_utc": "1774636200000"}}, {"type": "Feature", "geometry": {"type": "Point", "coordinates": [-90.8470064852125, 39.9061173335882]}, "properties": {"percent_contained": null, "state": "US-IL", "source": "nifc", "source_id": "IDNR - Siloam Springs RX", "hazard": "wildfire", "name": "IDNR - Siloam Springs RX", "severity": "350", "observed_utc": "1774871940000"}}, {"type": "Feature", "geometry": {"type": "Point", "coordinates": [-103.153009212088, 34.8377057955385]}, "properties": {"percent_contained": 100, "state": "US-NM", "source": "nifc", "source_id": "Northcutt", "hazard": "wildfire", "name": "Northcutt", "severity": "300", "observed_utc": "1774902300000"}}, {"type": "Feature", "geometry": {"type": "Point", "coordinates": [-93.3174257519002, 34.8324532823596]}, "properties": {"percent_contained": null, "state": "US-AR", "source": "nifc", "source_id": "AR State Assist O'Bryant", "hazard": "wildfire", "name": "AR State Assist O'Bryant", "severity": "160", "observed_utc": "1774983900000"}}, {"type": "Feature", "geometry": {"type": "Point", "coordinates": [-105.160919723172, 35.4719107865574]}, "properties": {"percent_contained": null, "state": "US-NM", "source": "nifc", "source_id": "San Augustine", "hazard": "wildfire", "name": "San Augustine", "severity": "15.5", "observed_utc": "1775243880000"}}, {"type": "Feature", "geometry": {"type": "Point", "coordinates": [-111.452512020759, 43.2933863460161]}, "properties": {"percent_contained": null, "state": "US-ID", "source": "nifc", "source_id": "Fall Creek RX", "hazard": "wildfire", "name": "Fall Creek RX", "severity": "None", "observed_utc": "1775671080000"}}, {"type": "Feature", "geometry": {"type": "Point", "coordinates": [-104.670379629915, 35.6840558467649]}, "properties": {"percent_contained": 100, "state": "US-NM", "source": "nifc", "source_id": "HC 1", "hazard": "wildfire", "name": "HC 1", "severity": "1415", "observed_utc": "1775682000000"}}, {"type": "Feature", "geometry": {"type": "Point", "coordinates": [-104.373709680465, 37.0110060661398]}, "properties": {"percent_contained": 100, "state": "US-CO", "source": "nifc", "source_id": "Schwachheim", "hazard": "wildfire", "name": "Schwachheim", "severity": "1582", "observed_utc": "1776026700000"}}, {"type": "Feature", "geometry": {"type": "Point", "coordinates": [-100.663537798356, 45.1780074666844]}, "properties": {"percent_contained": null, "state": "US-SD", "source": "nifc", "source_id": "North LA", "hazard": "wildfire", "name": "North LA", "severity": "None", "observed_utc": "1776923100000"}}, {"type": "Feature", "geometry": {"type": "Point", "coordinates": [-100.643898804186, 45.2461184769286]}, "properties": {"percent_contained": null, "state": "US-SD", "source": "nifc", "source_id": "Far North", "hazard": "wildfire", "name": "Far North", "severity": "None", "observed_utc": "1776926700000"}}, {"type": "Feature", "geometry": {"type": "Point", "coordinates": [-103.26670724207, 34.8833547969271]}, "properties": {"percent_contained": null, "state": "US-NM", "source": "nifc", "source_id": "Broadview", "hazard": "wildfire", "name": "Broadview", "severity": "127", "observed_utc": "1777074992000"}}, {"type": "Feature", "geometry": {"type": "Point", "coordinates": [-103.781496382138, 35.1481698118672]}, "properties": {"percent_contained": null, "state": "US-NM", "source": "nifc", "source_id": "Huntley", "hazard": "wildfire", "name": "Huntley", "severity": "111", "observed_utc": "1777154480000"}}, {"type": "Feature", "geometry": {"type": "Point", "coordinates": [-98.8124546505652, 31.9757838307415]}, "properties": {"percent_contained": 0, "state": "US-TX", "source": "nifc", "source_id": "RX Comanche 3862", "hazard": "wildfire", "name": "RX Comanche 3862", "severity": "30", "observed_utc": "1777226103000"}}, {"type": "Feature", "geometry": {"type": "Point", "coordinates": [-104.055984421284, 34.8462137490224]}, "properties": {"percent_contained": 100, "state": "US-NM", "source": "nifc", "source_id": "Sparks", "hazard": "wildfire", "name": "Sparks", "severity": "6000", "observed_utc": "1777410000000"}}, {"type": "Feature", "geometry": {"type": "Point", "coordinates": [-121.22634704616, 44.4876725463136]}, "properties": {"percent_contained": null, "state": "US-OR", "source": "nifc", "source_id": "0152 (JEFFCO ASSIST)", "hazard": "wildfire", "name": "0152 (JEFFCO ASSIST)", "severity": "0.1", "observed_utc": "1778098260000"}}, {"type": "Feature", "geometry": {"type": "Point", "coordinates": [-103.934575391251, 34.8184027510438]}, "properties": {"percent_contained": 100, "state": "US-NM", "source": "nifc", "source_id": "Mimms", "hazard": "wildfire", "name": "Mimms", "severity": "7093", "observed_utc": "1778788800000"}}, {"type": "Feature", "geometry": {"type": "Point", "coordinates": [-103.127409255555, 35.4584058969701]}, "properties": {"percent_contained": 100, "state": "US-NM", "source": "nifc", "source_id": "Line", "hazard": "wildfire", "name": "Line", "severity": "30144", "observed_utc": "1778804049000"}}, {"type": "Feature", "geometry": {"type": "Point", "coordinates": [-102.666675971272, 36.8933394498612]}, "properties": {"percent_contained": 100, "state": "US-OK", "source": "nifc", "source_id": "Sharpe", "hazard": "wildfire", "name": "Sharpe", "severity": "29209", "observed_utc": "1778889600000"}}, {"type": "Feature", "geometry": {"type": "Point", "coordinates": [-88.6821035784061, 43.8965696268145]}, "properties": {"percent_contained": null, "state": "US-WI", "source": "nifc", "source_id": "rx-Chirko (N) GHRA", "hazard": "wildfire", "name": "rx-Chirko (N) GHRA", "severity": "34.1", "observed_utc": "1779808620000"}}, {"type": "Feature", "geometry": {"type": "Point", "coordinates": [-111.263845218651, 44.6938395047371]}, "properties": {"percent_contained": null, "state": "US-MT", "source": "nifc", "source_id": "Lonesome Wood RX Unit 31B", "hazard": "wildfire", "name": "Lonesome Wood RX Unit 31B", "severity": "None", "observed_utc": "1779901210000"}}, {"type": "Feature", "geometry": {"type": "Point", "coordinates": [-113.992713321831, 47.39295648491]}, "properties": {"percent_contained": null, "state": "US-MT", "source": "nifc", "source_id": "VALENTINE CREEK", "hazard": "wildfire", "name": "VALENTINE CREEK", "severity": "None", "observed_utc": "1780104600000"}}, {"type": "Feature", "geometry": {"type": "Point", "coordinates": [-105.093589733507, 35.7734458365114]}, "properties": {"percent_contained": null, "state": "US-NM", "source": "nifc", "source_id": "Ruby", "hazard": "wildfire", "name": "Ruby", "severity": "15", "observed_utc": "1780426800000"}}, {"type": "Feature", "geometry": {"type": "Point", "coordinates": [-145.273656068211, 61.2899193900148]}, "properties": {"percent_contained": null, "state": "US-AK", "source": "nifc", "source_id": "2026 MM 47 Billy Mitchell Wayside RX", "hazard": "wildfire", "name": "2026 MM 47 Billy Mitchell Wayside RX", "severity": "None", "observed_utc": "1780770706000"}}, {"type": "Feature", "geometry": {"type": "Point", "coordinates": [-122.482263226536, 37.7917879409978]}, "properties": {"percent_contained": null, "state": "US-CA", "source": "nifc", "source_id": "Bowley", "hazard": "wildfire", "name": "Bowley", "severity": "None", "observed_utc": "1780900380000"}}, {"type": "Feature", "geometry": {"type": "Point", "coordinates": [-122.512384230038, 37.7832779380981]}, "properties": {"percent_contained": null, "state": "US-CA", "source": "nifc", "source_id": "West Navy", "hazard": "wildfire", "name": "West Navy", "severity": "None", "observed_utc": "1781067600000"}}, {"type": "Feature", "geometry": {"type": "Point", "coordinates": [-150.813139590919, 65.4490761966443]}, "properties": {"percent_contained": 0, "state": "US-AK", "source": "nifc", "source_id": "Canyon", "hazard": "wildfire", "name": "Canyon", "severity": "1063.98", "observed_utc": "1781227230000"}}, {"type": "Feature", "geometry": {"type": "Point", "coordinates": [-151.805676180255, 66.0479579801837]}, "properties": {"percent_contained": 0, "state": "US-AK", "source": "nifc", "source_id": "Kilolitna", "hazard": "wildfire", "name": "Kilolitna", "severity": "4525.98", "observed_utc": "1781280401000"}}, {"type": "Feature", "geometry": {"type": "Point", "coordinates": [-122.42913322028, 37.8062089460677]}, "properties": {"percent_contained": null, "state": "US-CA", "source": "nifc", "source_id": "Mason", "hazard": "wildfire", "name": "Mason", "severity": "None", "observed_utc": "1781423160000"}}, {"type": "Feature", "geometry": {"type": "Point", "coordinates": [-122.523513237264, 37.831171641203]}, "properties": {"percent_contained": null, "state": "US-CA", "source": "nifc", "source_id": "BUNKER", "hazard": "wildfire", "name": "BUNKER", "severity": "None", "observed_utc": "1781478060000"}}, {"type": "Feature", "geometry": {"type": "Point", "coordinates": [-121.138363990031, 44.2667725401484]}, "properties": {"percent_contained": null, "state": "US-OR", "source": "nifc", "source_id": "0315 (REDMOND FD ASST.)", "hazard": "wildfire", "name": "0315 (REDMOND FD ASST.)", "severity": "2", "observed_utc": "1781839972000"}}, {"type": "Feature", "geometry": {"type": "Point", "coordinates": [-112.197561694257, 39.9762889253544]}, "properties": {"percent_contained": 100, "state": "US-UT", "source": "nifc", "source_id": "Iron", "hazard": "wildfire", "name": "Iron", "severity": "41842", "observed_utc": "1781933001000"}}, {"type": "Feature", "geometry": {"type": "Point", "coordinates": [-148.351692496222, 64.2705017011678]}, "properties": {"percent_contained": 15, "state": "US-AK", "source": "nifc", "source_id": "Tatlanika", "hazard": "wildfire", "name": "Tatlanika", "severity": "38636.22", "observed_utc": "1782021900000"}}, {"type": "Feature", "geometry": {"type": "Point", "coordinates": [-123.799682175729, 47.8223384650366]}, "properties": {"percent_contained": null, "state": "US-WA", "source": "nifc", "source_id": "Mount Tom Creek", "hazard": "wildfire", "name": "Mount Tom Creek", "severity": "69", "observed_utc": "1782329400000"}}, {"type": "Feature", "geometry": {"type": "Point", "coordinates": [-109.058543927495, 39.0078820377776]}, "properties": {"percent_contained": 100, "state": "US-UT", "source": "nifc", "source_id": "Snyder", "hazard": "wildfire", "name": "Snyder", "severity": "28264", "observed_utc": "1782537019000"}}, {"type": "Feature", "geometry": {"type": "Point", "coordinates": [-105.353249769536, 35.5085457813788]}, "properties": {"percent_contained": null, "state": "US-NM", "source": "nifc", "source_id": "Enchantment", "hazard": "wildfire", "name": "Enchantment", "severity": "20", "observed_utc": "1782589875000"}}, {"type": "Feature", "geometry": {"type": "Point", "coordinates": [-118.265012275748, 35.0450049628491]}, "properties": {"percent_contained": null, "state": "US-CA", "source": "nifc", "source_id": "KRN/BIG", "hazard": "wildfire", "name": "KRN/BIG", "severity": "0.01", "observed_utc": "1782596601000"}}, {"type": "Feature", "geometry": {"type": "Point", "coordinates": [-107.682134525332, 38.0515730057394]}, "properties": {"percent_contained": 92, "state": "US-CO", "source": "nifc", "source_id": "Gold Mountain", "hazard": "wildfire", "name": "Gold Mountain", "severity": "39747", "observed_utc": "1782603228000"}}, {"type": "Feature", "geometry": {"type": "Point", "coordinates": [-106.440330380587, 39.2335862496684]}, "properties": {"percent_contained": 80, "state": "US-CO", "source": "nifc", "source_id": "Willow", "hazard": "wildfire", "name": "Willow", "severity": "7389", "observed_utc": "1782682020000"}}, {"type": "Feature", "geometry": {"type": "Point", "coordinates": [-105.0712779393, 38.0193211711361]}, "properties": {"percent_contained": 82, "state": "US-CO", "source": "nifc", "source_id": "Aspen Acres", "hazard": "wildfire", "name": "Aspen Acres", "severity": "102004", "observed_utc": "1782734686000"}}, {"type": "Feature", "geometry": {"type": "Point", "coordinates": [-121.209708011684, 48.8211428052507]}, "properties": {"percent_contained": 34, "state": "US-WA", "source": "nifc", "source_id": "Luna", "hazard": "wildfire", "name": "Luna", "severity": "7879", "observed_utc": "1783019160000"}}, {"type": "Feature", "geometry": {"type": "Point", "coordinates": [-118.480630816009, 45.6830889010534]}, "properties": {"percent_contained": 97, "state": "US-OR", "source": "nifc", "source_id": "North Cayuse", "hazard": "wildfire", "name": "North Cayuse", "severity": "4887", "observed_utc": "1783202460000"}}, {"type": "Feature", "geometry": {"type": "Point", "coordinates": [-91.9246748443139, 48.1845085372395]}, "properties": {"percent_contained": 100, "state": "US-MN", "source": "nifc", "source_id": "Bear Trap", "hazard": "wildfire", "name": "Bear Trap", "severity": "30804", "observed_utc": "1783462320000"}}, {"type": "Feature", "geometry": {"type": "Point", "coordinates": [-92.1921749417975, 48.2876755310523]}, "properties": {"percent_contained": 100, "state": "US-MN", "source": "nifc", "source_id": "Thumb", "hazard": "wildfire", "name": "Thumb", "severity": "25015", "observed_utc": "1783463520000"}}, {"type": "Feature", "geometry": {"type": "Point", "coordinates": [-118.510217630868, 44.7170268271358]}, "properties": {"percent_contained": 95, "state": "US-OR", "source": "nifc", "source_id": "Salmon", "hazard": "wildfire", "name": "Salmon", "severity": "1433", "observed_utc": "1783494960000"}}, {"type": "Feature", "geometry": {"type": "Point", "coordinates": [-116.607797203778, 48.9275063224631]}, "properties": {"percent_contained": 41, "state": "US-ID", "source": "nifc", "source_id": "Upper Smith", "hazard": "wildfire", "name": "Upper Smith", "severity": "4848", "observed_utc": "1783524540000"}}, {"type": "Feature", "geometry": {"type": "Point", "coordinates": [-118.452880626129, 44.7452228348075]}, "properties": {"percent_contained": 95, "state": "US-OR", "source": "nifc", "source_id": "Olive Butte", "hazard": "wildfire", "name": "Olive Butte", "severity": "3092", "observed_utc": "1783525189000"}}, {"type": "Feature", "geometry": {"type": "Point", "coordinates": [-118.20034662875, 44.9918728779037]}, "properties": {"percent_contained": 100, "state": "US-OR", "source": "nifc", "source_id": "Anthony", "hazard": "wildfire", "name": "Anthony", "severity": "2584", "observed_utc": "1783534440000"}}, {"type": "Feature", "geometry": {"type": "Point", "coordinates": [-104.252889523783, 35.555455850196]}, "properties": {"percent_contained": null, "state": "US-NM", "source": "nifc", "source_id": "Limestone", "hazard": "wildfire", "name": "Limestone", "severity": "120", "observed_utc": "1783558800000"}}, {"type": "Feature", "geometry": {"type": "Point", "coordinates": [-153.849194760922, 66.6646675744312]}, "properties": {"percent_contained": 0, "state": "US-AK", "source": "nifc", "source_id": "Hogatza", "hazard": "wildfire", "name": "Hogatza", "severity": "3616.03", "observed_utc": "1783564791000"}}, {"type": "Feature", "geometry": {"type": "Point", "coordinates": [-107.354833461489, 38.1241940372436]}, "properties": {"percent_contained": 73, "state": "US-CO", "source": "nifc", "source_id": "Elk", "hazard": "wildfire", "name": "Elk", "severity": "7257", "observed_utc": "1783611972000"}}, {"type": "Feature", "geometry": {"type": "Point", "coordinates": [-92.2239339288508, 48.1531275108486]}, "properties": {"percent_contained": 100, "state": "US-MN", "source": "nifc", "source_id": "Sioux", "hazard": "wildfire", "name": "Sioux", "severity": "6833", "observed_utc": "1783614240000"}}, {"type": "Feature", "geometry": {"type": "Point", "coordinates": [-92.2821749516743, 48.1855085108056]}, "properties": {"percent_contained": 100, "state": "US-MN", "source": "nifc", "source_id": "Wolfpack", "hazard": "wildfire", "name": "Wolfpack", "severity": "6871", "observed_utc": "1783627680000"}}, {"type": "Feature", "geometry": {"type": "Point", "coordinates": [-100.355169700533, 45.0660174769137]}, "properties": {"percent_contained": null, "state": "US-SD", "source": "nifc", "source_id": "North SB", "hazard": "wildfire", "name": "North SB", "severity": "None", "observed_utc": "1783631700000"}}, {"type": "Feature", "geometry": {"type": "Point", "coordinates": [-105.049009721337, 35.7490058353137]}, "properties": {"percent_contained": null, "state": "US-NM", "source": "nifc", "source_id": "Zero", "hazard": "wildfire", "name": "Zero", "severity": "12", "observed_utc": "1783779382000"}}, {"type": "Feature", "geometry": {"type": "Point", "coordinates": [-119.044334006854, 46.1227918749454]}, "properties": {"percent_contained": null, "state": "US-WA", "source": "nifc", "source_id": "NINE CANYON", "hazard": "wildfire", "name": "NINE CANYON", "severity": "600", "observed_utc": "1783791826000"}}, {"type": "Feature", "geometry": {"type": "Point", "coordinates": [-91.9748408638874, 48.2116755371407]}, "properties": {"percent_contained": 100, "state": "US-MN", "source": "nifc", "source_id": "Dark", "hazard": "wildfire", "name": "Dark", "severity": "270", "observed_utc": "1783875520000"}}, {"type": "Feature", "geometry": {"type": "Point", "coordinates": [-82.8502814072203, 30.4936168621096]}, "properties": {"percent_contained": 90, "state": "US-FL", "source": "nifc", "source_id": "BEE HAVEN BAY (24-06)", "hazard": "wildfire", "name": "BEE HAVEN BAY (24-06)", "severity": "170", "observed_utc": "1784052000000"}}, {"type": "Feature", "geometry": {"type": "Point", "coordinates": [-91.1048405930687, 48.1610755942046]}, "properties": {"percent_contained": 100, "state": "US-MN", "source": "nifc", "source_id": "Little Knife", "hazard": "wildfire", "name": "Little Knife", "severity": "4815", "observed_utc": "1784126880000"}}, {"type": "Feature", "geometry": {"type": "Point", "coordinates": [-120.316745958803, 44.8101316573827]}, "properties": {"percent_contained": 99, "state": "US-OR", "source": "nifc", "source_id": "ROWE CREEK COMPLEX", "hazard": "wildfire", "name": "ROWE CREEK COMPLEX", "severity": "373927", "observed_utc": "1784157600000"}}, {"type": "Feature", "geometry": {"type": "Point", "coordinates": [-120.759202069467, 45.0001426263897]}, "properties": {"percent_contained": 100, "state": "US-OR", "source": "nifc", "source_id": "0432", "hazard": "wildfire", "name": "0432", "severity": "2183", "observed_utc": "1784157607000"}}, {"type": "Feature", "geometry": {"type": "Point", "coordinates": [-120.907108013565, 44.5885735843374]}, "properties": {"percent_contained": 100, "state": "US-OR", "source": "nifc", "source_id": "0433 BREWER", "hazard": "wildfire", "name": "0433 BREWER", "severity": "70821", "observed_utc": "1784158140000"}}, {"type": "Feature", "geometry": {"type": "Point", "coordinates": [-120.202513930332, 44.7618386652993]}, "properties": {"percent_contained": 100, "state": "US-OR", "source": "nifc", "source_id": "0442 REDROCK", "hazard": "wildfire", "name": "0442 REDROCK", "severity": "256", "observed_utc": "1784162460000"}}, {"type": "Feature", "geometry": {"type": "Point", "coordinates": [-120.179846925889, 44.7585056672955]}, "properties": {"percent_contained": 100, "state": "US-OR", "source": "nifc", "source_id": "0444 TWICKENHAM", "hazard": "wildfire", "name": "0444 TWICKENHAM", "severity": "254", "observed_utc": "1784163072000"}}, {"type": "Feature", "geometry": {"type": "Point", "coordinates": [-120.199180937817, 44.8033386684882]}, "properties": {"percent_contained": 99, "state": "US-OR", "source": "nifc", "source_id": "0445 CROSSWHITE", "hazard": "wildfire", "name": "0445 CROSSWHITE", "severity": "342923", "observed_utc": "1784163114000"}}, {"type": "Feature", "geometry": {"type": "Point", "coordinates": [-120.052013905031, 44.7616726800637]}, "properties": {"percent_contained": 100, "state": "US-OR", "source": "nifc", "source_id": "0446 CAMEL HUMP", "hazard": "wildfire", "name": "0446 CAMEL HUMP", "severity": "6789", "observed_utc": "1784163180000"}}, {"type": "Feature", "geometry": {"type": "Point", "coordinates": [-120.350271039033, 45.1889456797331]}, "properties": {"percent_contained": 100, "state": "US-OR", "source": "nifc", "source_id": "0449 PORCUPINE RIDGE", "hazard": "wildfire", "name": "0449 PORCUPINE RIDGE", "severity": "79200", "observed_utc": "1784164020000"}}, {"type": "Feature", "geometry": {"type": "Point", "coordinates": [-120.435860068778, 45.2660256763249]}, "properties": {"percent_contained": 100, "state": "US-OR", "source": "nifc", "source_id": "HAY CREEK COMPLEX", "hazard": "wildfire", "name": "HAY CREEK COMPLEX", "severity": "200292", "observed_utc": "1784164020000"}}, {"type": "Feature", "geometry": {"type": "Point", "coordinates": [-120.346416989687, 44.9429046635061]}, "properties": {"percent_contained": 100, "state": "US-OR", "source": "nifc", "source_id": "0450 COVE CREEK", "hazard": "wildfire", "name": "0450 COVE CREEK", "severity": "7208", "observed_utc": "1784164080000"}}, {"type": "Feature", "geometry": {"type": "Point", "coordinates": [-120.846631747952, 48.0162228019826]}, "properties": {"percent_contained": 81, "state": "US-WA", "source": "nifc", "source_id": "LITTLE GIANT", "hazard": "wildfire", "name": "LITTLE GIANT", "severity": "172705", "observed_utc": "1784164674000"}}, {"type": "Feature", "geometry": {"type": "Point", "coordinates": [-120.511731070347, 45.2107556650539]}, "properties": {"percent_contained": 100, "state": "US-OR", "source": "nifc", "source_id": "0456", "hazard": "wildfire", "name": "0456", "severity": "25", "observed_utc": "1784167476000"}}, {"type": "Feature", "geometry": {"type": "Point", "coordinates": [-120.242964050605, 45.3363387003532]}, "properties": {"percent_contained": 100, "state": "US-OR", "source": "nifc", "source_id": "0460 HOPKIN", "hazard": "wildfire", "name": "0460 HOPKIN", "severity": "11366", "observed_utc": "1784168820000"}}, {"type": "Feature", "geometry": {"type": "Point", "coordinates": [-120.495347062334, 45.1843386649343]}, "properties": {"percent_contained": 100, "state": "US-OR", "source": "nifc", "source_id": "0462", "hazard": "wildfire", "name": "0462", "severity": "0.5", "observed_utc": "1784171460000"}}, {"type": "Feature", "geometry": {"type": "Point", "coordinates": [-121.261347673252, 47.4140057227336]}, "properties": {"percent_contained": 20, "state": "US-WA", "source": "nifc", "source_id": "THREE QUEENS", "hazard": "wildfire", "name": "THREE QUEENS", "severity": "9527", "observed_utc": "1784176080000"}}, {"type": "Feature", "geometry": {"type": "Point", "coordinates": [-118.658184010122, 46.4585159375568]}, "properties": {"percent_contained": 100, "state": "US-WA", "source": "nifc", "source_id": "NEFF JONES", "hazard": "wildfire", "name": "NEFF JONES", "severity": "7276", "observed_utc": "1784198382000"}}, {"type": "Feature", "geometry": {"type": "Point", "coordinates": [-118.958652442971, 48.1167830142472]}, "properties": {"percent_contained": 100, "state": "US-WA", "source": "nifc", "source_id": "Kaiser Canyon", "hazard": "wildfire", "name": "Kaiser Canyon", "severity": "138293", "observed_utc": "1784205000000"}}, {"type": "Feature", "geometry": {"type": "Point", "coordinates": [-120.553646947631, 44.54788861619]}, "properties": {"percent_contained": null, "state": "US-OR", "source": "nifc", "source_id": "0468", "hazard": "wildfire", "name": "0468", "severity": "0.1", "observed_utc": "1784205440000"}}, {"type": "Feature", "geometry": {"type": "Point", "coordinates": [-119.468430613934, 43.7271726613924]}, "properties": {"percent_contained": 100, "state": "US-OR", "source": "nifc", "source_id": "Egypt", "hazard": "wildfire", "name": "Egypt", "severity": "4553", "observed_utc": "1784219460000"}}, {"type": "Feature", "geometry": {"type": "Point", "coordinates": [-120.405131123747, 45.5621886990034]}, "properties": {"percent_contained": 100, "state": "US-OR", "source": "nifc", "source_id": "0476 HOAG", "hazard": "wildfire", "name": "0476 HOAG", "severity": "50224", "observed_utc": "1784221200000"}}, {"type": "Feature", "geometry": {"type": "Point", "coordinates": [-120.609714067237, 45.1135886488087]}, "properties": {"percent_contained": 100, "state": "US-OR", "source": "nifc", "source_id": "0480 WILCOX", "hazard": "wildfire", "name": "0480 WILCOX", "severity": "0.5", "observed_utc": "1784224020000"}}, {"type": "Feature", "geometry": {"type": "Point", "coordinates": [-120.431183962632, 44.7315356407496]}, "properties": {"percent_contained": 100, "state": "US-OR", "source": "nifc", "source_id": "0482 CHERRY CREEK", "hazard": "wildfire", "name": "0482 CHERRY CREEK", "severity": "16", "observed_utc": "1784227209000"}}, {"type": "Feature", "geometry": {"type": "Point", "coordinates": [-119.598013847326, 44.8611727315998]}, "properties": {"percent_contained": 100, "state": "US-OR", "source": "nifc", "source_id": "Bologna", "hazard": "wildfire", "name": "Bologna", "severity": "4436", "observed_utc": "1784229000000"}}, {"type": "Feature", "geometry": {"type": "Point", "coordinates": [-120.836014055431, 44.8645056097653]}, "properties": {"percent_contained": 100, "state": "US-OR", "source": "nifc", "source_id": "0485 DEEP CANYON", "hazard": "wildfire", "name": "0485 DEEP CANYON", "severity": "9170", "observed_utc": "1784229060000"}}, {"type": "Feature", "geometry": {"type": "Point", "coordinates": [-117.974295789936, 45.9981449746784]}, "properties": {"percent_contained": 86, "state": "US-OR", "source": "nifc", "source_id": "Paradise", "hazard": "wildfire", "name": "Paradise", "severity": "9656", "observed_utc": "1784230680000"}}, {"type": "Feature", "geometry": {"type": "Point", "coordinates": [-119.847513864847, 44.7323266980521]}, "properties": {"percent_contained": 100, "state": "US-OR", "source": "nifc", "source_id": "0489 PARRISH", "hazard": "wildfire", "name": "0489 PARRISH", "severity": "404", "observed_utc": "1784231160000"}}, {"type": "Feature", "geometry": {"type": "Point", "coordinates": [-119.947730766485, 44.1211226448464]}, "properties": {"percent_contained": 99, "state": "US-OR", "source": "nifc", "source_id": "0497 HENRY", "hazard": "wildfire", "name": "0497 HENRY", "severity": "29844", "observed_utc": "1784236500000"}}, {"type": "Feature", "geometry": {"type": "Point", "coordinates": [-118.345984763394, 45.5418139042678]}, "properties": {"percent_contained": 100, "state": "US-OR", "source": "nifc", "source_id": "Horse Ridge", "hazard": "wildfire", "name": "Horse Ridge", "severity": "860", "observed_utc": "1784237400000"}}, {"type": "Feature", "geometry": {"type": "Point", "coordinates": [-120.49268085334, 44.1000385910681]}, "properties": {"percent_contained": 99, "state": "US-OR", "source": "nifc", "source_id": "0500 COYOTE", "hazard": "wildfire", "name": "0500 COYOTE", "severity": "17460", "observed_utc": "1784239440000"}}, {"type": "Feature", "geometry": {"type": "Point", "coordinates": [-118.269013783122, 45.7070059239597]}, "properties": {"percent_contained": 87, "state": "US-OR", "source": "nifc", "source_id": "Hagen", "hazard": "wildfire", "name": "Hagen", "severity": "61381", "observed_utc": "1784244000000"}}, {"type": "Feature", "geometry": {"type": "Point", "coordinates": [-120.333293945133, 44.725335649942]}, "properties": {"percent_contained": 100, "state": "US-OR", "source": "nifc", "source_id": "0501 PAT'S CABIN", "hazard": "wildfire", "name": "0501 PAT'S CABIN", "severity": "772", "observed_utc": "1784244435000"}}, {"type": "Feature", "geometry": {"type": "Point", "coordinates": [-120.297026959244, 44.8293366606399]}, "properties": {"percent_contained": 100, "state": "US-OR", "source": "nifc", "source_id": "0502", "hazard": "wildfire", "name": "0502", "severity": "1816", "observed_utc": "1784249901000"}}, {"type": "Feature", "geometry": {"type": "Point", "coordinates": [-121.027698026931, 48.9982058351123]}, "properties": {"percent_contained": 73, "state": "US-WA", "source": "nifc", "source_id": "Border 2", "hazard": "wildfire", "name": "Border 2", "severity": "8171", "observed_utc": "1784250840000"}}, {"type": "Feature", "geometry": {"type": "Point", "coordinates": [-117.277680417019, 44.755255948928]}, "properties": {"percent_contained": 100, "state": "US-OR", "source": "nifc", "source_id": "POWDER RIVER", "hazard": "wildfire", "name": "POWDER RIVER", "severity": "21088", "observed_utc": "1784266200000"}}, {"type": "Feature", "geometry": {"type": "Point", "coordinates": [-118.31259731426, 48.0690060811743]}, "properties": {"percent_contained": 100, "state": "US-WA", "source": "nifc", "source_id": "Modrite", "hazard": "wildfire", "name": "Modrite", "severity": "57594", "observed_utc": "1784299860000"}}, {"type": "Feature", "geometry": {"type": "Point", "coordinates": [-120.60951494068, 48.9420058793899]}, "properties": {"percent_contained": 73, "state": "US-WA", "source": "nifc", "source_id": "PTARMIGAN", "hazard": "wildfire", "name": "PTARMIGAN", "severity": "25166", "observed_utc": "1784301660000"}}, {"type": "Feature", "geometry": {"type": "Point", "coordinates": [-115.135313275152, 46.0956392653008]}, "properties": {"percent_contained": 70, "state": "US-ID", "source": "nifc", "source_id": "Cascade", "hazard": "wildfire", "name": "Cascade", "severity": "7475", "observed_utc": "1784303160000"}}, {"type": "Feature", "geometry": {"type": "Point", "coordinates": [-117.253223610984, 45.7680260297821]}, "properties": {"percent_contained": 100, "state": "US-OR", "source": "nifc", "source_id": "Burnt Creek", "hazard": "wildfire", "name": "Burnt Creek", "severity": "4169", "observed_utc": "1784317860000"}}, {"type": "Feature", "geometry": {"type": "Point", "coordinates": [-120.498513955262, 44.6353386275681]}, "properties": {"percent_contained": 100, "state": "US-OR", "source": "nifc", "source_id": "0512 BOX SPRINGS", "hazard": "wildfire", "name": "0512 BOX SPRINGS", "severity": "21432", "observed_utc": "1784325600000"}}, {"type": "Feature", "geometry": {"type": "Point", "coordinates": [-115.130346271987, 46.0848732649118]}, "properties": {"percent_contained": 50, "state": "US-ID", "source": "nifc", "source_id": "Wolf Creek", "hazard": "wildfire", "name": "Wolf Creek", "severity": "2643", "observed_utc": "1784330836000"}}, {"type": "Feature", "geometry": {"type": "Point", "coordinates": [-121.180104000723, 44.2876855374972]}, "properties": {"percent_contained": null, "state": "US-OR", "source": "nifc", "source_id": "0514 (REDMOND FD ASST)", "hazard": "wildfire", "name": "0514 (REDMOND FD ASST)", "severity": "0.1", "observed_utc": "1784331480000"}}, {"type": "Feature", "geometry": {"type": "Point", "coordinates": [-122.563297005406, 43.1140383274631]}, "properties": {"percent_contained": 100, "state": "US-OR", "source": "nifc", "source_id": "Castle", "hazard": "wildfire", "name": "Castle", "severity": "3615", "observed_utc": "1784768040000"}}, {"type": "Feature", "geometry": {"type": "Point", "coordinates": [-120.426377105083, 45.4534146896957]}, "properties": {"percent_contained": 100, "state": "US-OR", "source": "nifc", "source_id": "0584 COTTONWOOD", "hazard": "wildfire", "name": "0584 COTTONWOOD", "severity": "15658", "observed_utc": "1784825460000"}}, {"type": "Feature", "geometry": {"type": "Point", "coordinates": [-119.897613822999, 44.4687226745352]}, "properties": {"percent_contained": 99, "state": "US-OR", "source": "nifc", "source_id": "0587 SHINGLE", "hazard": "wildfire", "name": "0587 SHINGLE", "severity": "73183", "observed_utc": "1784829540000"}}, {"type": "Feature", "geometry": {"type": "Point", "coordinates": [-118.92001342441, 43.1800056702832]}, "properties": {"percent_contained": 93, "state": "US-OR", "source": "nifc", "source_id": "Stubble", "hazard": "wildfire", "name": "Stubble", "severity": "15673", "observed_utc": "1784832840000"}}, {"type": "Feature", "geometry": {"type": "Point", "coordinates": [-105.272676869244, 36.8363389857723]}, "properties": {"percent_contained": null, "state": "US-NM", "source": "nifc", "source_id": "Comanche Powderhouse RX", "hazard": "wildfire", "name": "Comanche Powderhouse RX", "severity": "None", "observed_utc": "1784840092000"}}, {"type": "Feature", "geometry": {"type": "Point", "coordinates": [-121.350236093876, 44.6317835436221]}, "properties": {"percent_contained": 90, "state": "US-OR", "source": "nifc", "source_id": "Bench", "hazard": "wildfire", "name": "Bench", "severity": "4000", "observed_utc": "1784844360000"}}, {"type": "Feature", "geometry": {"type": "Point", "coordinates": [-118.474280315978, 42.9956136962332]}, "properties": {"percent_contained": 100, "state": "US-OR", "source": "nifc", "source_id": "Bald Mountain", "hazard": "wildfire", "name": "Bald Mountain", "severity": "76443", "observed_utc": "1784850000000"}}, {"type": "Feature", "geometry": {"type": "Point", "coordinates": [-122.116181469549, 45.8805055436627]}, "properties": {"percent_contained": 63, "state": "US-WA", "source": "nifc", "source_id": "HIGH LAVA", "hazard": "wildfire", "name": "HIGH LAVA", "severity": "2899", "observed_utc": "1784850240000"}}, {"type": "Feature", "geometry": {"type": "Point", "coordinates": [-116.157579127751, 37.266705338569]}, "properties": {"percent_contained": 100, "state": "US-NV", "source": "nifc", "source_id": "MOUSE MEADOW", "hazard": "wildfire", "name": "MOUSE MEADOW", "severity": "52000", "observed_utc": "1784854852000"}}, {"type": "Feature", "geometry": {"type": "Point", "coordinates": [-121.404458114922, 44.6952835424078]}, "properties": {"percent_contained": 100, "state": "US-OR", "source": "nifc", "source_id": "Beachcomb", "hazard": "wildfire", "name": "Beachcomb", "severity": "13648", "observed_utc": "1784855100000"}}, {"type": "Feature", "geometry": {"type": "Point", "coordinates": [-117.21298036183, 44.5239229366802]}, "properties": {"percent_contained": 100, "state": "US-OR", "source": "nifc", "source_id": "FOX", "hazard": "wildfire", "name": "FOX", "severity": "78903", "observed_utc": "1784857860000"}}, {"type": "Feature", "geometry": {"type": "Point", "coordinates": [-121.510147242498, 45.2529725674808]}, "properties": {"percent_contained": 97, "state": "US-OR", "source": "nifc", "source_id": "GRASSHOPPER", "hazard": "wildfire", "name": "GRASSHOPPER", "severity": "93982", "observed_utc": "1784860860000"}}, {"type": "Feature", "geometry": {"type": "Point", "coordinates": [-120.691896950261, 44.4419725954567]}, "properties": {"percent_contained": 100, "state": "US-OR", "source": "nifc", "source_id": "0611 GREEN MOUNTAIN", "hazard": "wildfire", "name": "0611 GREEN MOUNTAIN", "severity": "2136", "observed_utc": "1784907983000"}}, {"type": "Feature", "geometry": {"type": "Point", "coordinates": [-117.093013343134, 44.541338949494]}, "properties": {"percent_contained": 100, "state": "US-ID", "source": "nifc", "source_id": "Tartar", "hazard": "wildfire", "name": "Tartar", "severity": "158027", "observed_utc": "1784908800000"}}, {"type": "Feature", "geometry": {"type": "Point", "coordinates": [-122.890204238106, 48.631758605515]}, "properties": {"percent_contained": null, "state": "US-WA", "source": "nifc", "source_id": "cap sante", "hazard": "wildfire", "name": "cap sante", "severity": "0.1", "observed_utc": "1784925965000"}}, {"type": "Feature", "geometry": {"type": "Point", "coordinates": [-113.27351327208, 47.835506593992]}, "properties": {"percent_contained": 15, "state": "US-MT", "source": "nifc", "source_id": "Silvertip", "hazard": "wildfire", "name": "Silvertip", "severity": "7280", "observed_utc": "1784927955000"}}, {"type": "Feature", "geometry": {"type": "Point", "coordinates": [-115.117680282763, 46.1498392714598]}, "properties": {"percent_contained": 21, "state": "US-ID", "source": "nifc", "source_id": "Three Links", "hazard": "wildfire", "name": "Three Links", "severity": "927", "observed_utc": "1784930243000"}}, {"type": "Feature", "geometry": {"type": "Point", "coordinates": [-104.676009609242, 35.4220058058869]}, "properties": {"percent_contained": null, "state": "US-NM", "source": "nifc", "source_id": "CR", "hazard": "wildfire", "name": "CR", "severity": "240", "observed_utc": "1784930400000"}}, {"type": "Feature", "geometry": {"type": "Point", "coordinates": [-119.439180587863, 43.6086726552229]}, "properties": {"percent_contained": 99, "state": "US-OR", "source": "nifc", "source_id": "Second Flat", "hazard": "wildfire", "name": "Second Flat", "severity": "105854", "observed_utc": "1784933580000"}}, {"type": "Feature", "geometry": {"type": "Point", "coordinates": [-120.732233347446, 46.362286716488]}, "properties": {"percent_contained": 100, "state": "US-WA", "source": "nifc", "source_id": "Signal Peak", "hazard": "wildfire", "name": "Signal Peak", "severity": "3000", "observed_utc": "1784933824000"}}, {"type": "Feature", "geometry": {"type": "Point", "coordinates": [-113.856852685106, 44.3226762329622]}, "properties": {"percent_contained": 60, "state": "US-ID", "source": "nifc", "source_id": "Doublesprings", "hazard": "wildfire", "name": "Doublesprings", "severity": "1779", "observed_utc": "1784934720000"}}, {"type": "Feature", "geometry": {"type": "Point", "coordinates": [-118.955680407526, 43.0450056563701]}, "properties": {"percent_contained": 92, "state": "US-OR", "source": "nifc", "source_id": "Jackass Butte", "hazard": "wildfire", "name": "Jackass Butte", "severity": "24724", "observed_utc": "1784939460000"}}, {"type": "Feature", "geometry": {"type": "Point", "coordinates": [-114.33701313079, 46.1620063493119]}, "properties": {"percent_contained": 70, "state": "US-MT", "source": "nifc", "source_id": "North Fork Lost Horse", "hazard": "wildfire", "name": "North Fork Lost Horse", "severity": "118", "observed_utc": "1784940540000"}}, {"type": "Feature", "geometry": {"type": "Point", "coordinates": [-116.149013948938, 48.2510063253974]}, "properties": {"percent_contained": 100, "state": "US-ID", "source": "nifc", "source_id": "Porcupine", "hazard": "wildfire", "name": "Porcupine", "severity": "177", "observed_utc": "1784946300000"}}, {"type": "Feature", "geometry": {"type": "Point", "coordinates": [-118.303930388372, 43.589738759538]}, "properties": {"percent_contained": 100, "state": "US-OR", "source": "nifc", "source_id": "Coleman Creek", "hazard": "wildfire", "name": "Coleman Creek", "severity": "308863", "observed_utc": "1784983200000"}}, {"type": "Feature", "geometry": {"type": "Point", "coordinates": [-115.710012062594, 37.4123053850943]}, "properties": {"percent_contained": 100, "state": "US-NV", "source": "nifc", "source_id": "QUAIL SPRINGS", "hazard": "wildfire", "name": "QUAIL SPRINGS", "severity": "13619", "observed_utc": "1784992920000"}}, {"type": "Feature", "geometry": {"type": "Point", "coordinates": [-104.546009583556, 35.4690058204136]}, "properties": {"percent_contained": null, "state": "US-NM", "source": "nifc", "source_id": "Rendia", "hazard": "wildfire", "name": "Rendia", "severity": "117", "observed_utc": "1785000600000"}}, {"type": "Feature", "geometry": {"type": "Point", "coordinates": [-108.467460271787, 33.2457052724274]}, "properties": {"percent_contained": 100, "state": "US-NM", "source": "nifc", "source_id": "Johnson", "hazard": "wildfire", "name": "Johnson", "severity": "401", "observed_utc": "1785094736000"}}, {"type": "Feature", "geometry": {"type": "Point", "coordinates": [-119.693131719711, 48.7046229687453]}, "properties": {"percent_contained": 77, "state": "US-WA", "source": "nifc", "source_id": "SINLAHEKIN", "hazard": "wildfire", "name": "SINLAHEKIN", "severity": "166000", "observed_utc": "1785100320000"}}, {"type": "Feature", "geometry": {"type": "Point", "coordinates": [-113.690762982552, 46.0722064047685]}, "properties": {"percent_contained": 15, "state": "US-MT", "source": "nifc", "source_id": "Moose", "hazard": "wildfire", "name": "Moose", "severity": "6005", "observed_utc": "1785102240000"}}, {"type": "Feature", "geometry": {"type": "Point", "coordinates": [-114.03574615706, 46.5837774142966]}, "properties": {"percent_contained": null, "state": "US-MT", "source": "nifc", "source_id": "LG13 Teddy Bear Lane", "hazard": "wildfire", "name": "LG13 Teddy Bear Lane", "severity": "0.1", "observed_utc": "1785107520000"}}, {"type": "Feature", "geometry": {"type": "Point", "coordinates": [-114.139591139951, 46.400236388698]}, "properties": {"percent_contained": null, "state": "US-MT", "source": "nifc", "source_id": "LG13 Pine Drive", "hazard": "wildfire", "name": "LG13 Pine Drive", "severity": "5", "observed_utc": "1785109200000"}}, {"type": "Feature", "geometry": {"type": "Point", "coordinates": [-114.180636070331, 46.0175753524084]}, "properties": {"percent_contained": null, "state": "US-MT", "source": "nifc", "source_id": "LG13 Tin Cup Rd", "hazard": "wildfire", "name": "LG13 Tin Cup Rd", "severity": "0.1", "observed_utc": "1785117060000"}}, {"type": "Feature", "geometry": {"type": "Point", "coordinates": [-112.498994601678, 38.7289227596076]}, "properties": {"percent_contained": 98, "state": "US-UT", "source": "nifc", "source_id": "Widemouth 2", "hazard": "wildfire", "name": "Widemouth 2", "severity": "129742", "observed_utc": "1785193348000"}}, {"type": "Feature", "geometry": {"type": "Point", "coordinates": [-100.495196745315, 45.1190904725965]}, "properties": {"percent_contained": null, "state": "US-SD", "source": "nifc", "source_id": "South VE", "hazard": "wildfire", "name": "South VE", "severity": "None", "observed_utc": "1785195900000"}}, {"type": "Feature", "geometry": {"type": "Point", "coordinates": [-114.082669112253, 46.3212253876749]}, "properties": {"percent_contained": null, "state": "US-MT", "source": "nifc", "source_id": "LG13 Honeyhouse", "hazard": "wildfire", "name": "LG13 Honeyhouse", "severity": "0.1", "observed_utc": "1785217200000"}}, {"type": "Feature", "geometry": {"type": "Point", "coordinates": [-104.346908497918, 34.9740627537226]}, "properties": {"percent_contained": null, "state": "US-NM", "source": "nifc", "source_id": "Slash", "hazard": "wildfire", "name": "Slash", "severity": "158", "observed_utc": "1785265200000"}}, {"type": "Feature", "geometry": {"type": "Point", "coordinates": [-104.679739609259, 35.4119758041224]}, "properties": {"percent_contained": null, "state": "US-NM", "source": "nifc", "source_id": "Shell City", "hazard": "wildfire", "name": "Shell City", "severity": "136", "observed_utc": "1785301200000"}}, {"type": "Feature", "geometry": {"type": "Point", "coordinates": [-114.866663751889, 48.4913394789391]}, "properties": {"percent_contained": 100, "state": "US-MT", "source": "nifc", "source_id": "Skillet", "hazard": "wildfire", "name": "Skillet", "severity": "3414", "observed_utc": "1785363545000"}}, {"type": "Feature", "geometry": {"type": "Point", "coordinates": [-115.093680299825, 46.2559062824581]}, "properties": {"percent_contained": 20, "state": "US-ID", "source": "nifc", "source_id": "Grotto", "hazard": "wildfire", "name": "Grotto", "severity": "3856", "observed_utc": "1785368521000"}}, {"type": "Feature", "geometry": {"type": "Point", "coordinates": [-115.216713432891, 46.7749393116909]}, "properties": {"percent_contained": 90, "state": "US-ID", "source": "nifc", "source_id": "Moose Mountain", "hazard": "wildfire", "name": "Moose Mountain", "severity": "5832", "observed_utc": "1785369720000"}}, {"type": "Feature", "geometry": {"type": "Point", "coordinates": [-104.598009582434, 35.3120057930856]}, "properties": {"percent_contained": null, "state": "US-NM", "source": "nifc", "source_id": "Pino", "hazard": "wildfire", "name": "Pino", "severity": "50", "observed_utc": "1785371400000"}}, {"type": "Feature", "geometry": {"type": "Point", "coordinates": [-111.307978440625, 39.3830059227553]}, "properties": {"percent_contained": 100, "state": "US-UT", "source": "nifc", "source_id": "Black Canyon", "hazard": "wildfire", "name": "Black Canyon", "severity": "3264", "observed_utc": "1785443400000"}}, {"type": "Feature", "geometry": {"type": "Point", "coordinates": [-113.20389579758, 45.6368234133747]}, "properties": {"percent_contained": 72, "state": "US-MT", "source": "nifc", "source_id": "Bobcat Lakes", "hazard": "wildfire", "name": "Bobcat Lakes", "severity": "10896", "observed_utc": "1785530340000"}}, {"type": "Feature", "geometry": {"type": "Point", "coordinates": [-118.688276304734, 34.5696988866345]}, "properties": {"percent_contained": null, "state": "US-CA", "source": "nifc", "source_id": "CLUB", "hazard": "wildfire", "name": "CLUB", "severity": "0.1", "observed_utc": "1785549808000"}}, {"type": "Feature", "geometry": {"type": "Point", "coordinates": [-113.325679806544, 45.5546733944274]}, "properties": {"percent_contained": 58, "state": "US-MT", "source": "nifc", "source_id": "Sand Creek", "hazard": "wildfire", "name": "Sand Creek", "severity": "35520", "observed_utc": "1785612660000"}}, {"type": "Feature", "geometry": {"type": "Point", "coordinates": [-121.224792067491, 44.6001165538959]}, "properties": {"percent_contained": 100, "state": "US-OR", "source": "nifc", "source_id": "0658 ROUND BUTTE", "hazard": "wildfire", "name": "0658 ROUND BUTTE", "severity": "1163", "observed_utc": "1785621360000"}}, {"type": "Feature", "geometry": {"type": "Point", "coordinates": [-103.369943210847, 43.4358740296403]}, "properties": {"percent_contained": null, "state": "US-SD", "source": "nifc", "source_id": "Range", "hazard": "wildfire", "name": "Range", "severity": "0.1", "observed_utc": "1785624480000"}}, {"type": "Feature", "geometry": {"type": "Point", "coordinates": [-113.889513042084, 46.1679733936215]}, "properties": {"percent_contained": 30, "state": "US-MT", "source": "nifc", "source_id": "Black Bear", "hazard": "wildfire", "name": "Black Bear", "severity": "2126", "observed_utc": "1785628980000"}}, {"type": "Feature", "geometry": {"type": "Point", "coordinates": [-104.930009595602, 34.5320056528259]}, "properties": {"percent_contained": null, "state": "US-NM", "source": "nifc", "source_id": "Rocky Hills", "hazard": "wildfire", "name": "Rocky Hills", "severity": "480", "observed_utc": "1785800340000"}}, {"type": "Feature", "geometry": {"type": "Point", "coordinates": [-100.50813971777, 44.9233774464149]}, "properties": {"percent_contained": null, "state": "US-SD", "source": "nifc", "source_id": "Hay Bill", "hazard": "wildfire", "name": "Hay Bill", "severity": "None", "observed_utc": "1785871800000"}}, {"type": "Feature", "geometry": {"type": "Point", "coordinates": [-105.848176914657, 35.9086728136584]}, "properties": {"percent_contained": 74, "state": "US-NM", "source": "nifc", "source_id": "Frijoles", "hazard": "wildfire", "name": "Frijoles", "severity": "15956", "observed_utc": "1785891420000"}}, {"type": "Feature", "geometry": {"type": "Point", "coordinates": [-121.593481564865, 46.7033726464078]}, "properties": {"percent_contained": 90, "state": "US-WA", "source": "nifc", "source_id": "BACKBONE", "hazard": "wildfire", "name": "BACKBONE", "severity": "17", "observed_utc": "1785951724000"}}, {"type": "Feature", "geometry": {"type": "Point", "coordinates": [-121.728680766345, 42.4695053605782]}, "properties": {"percent_contained": 98, "state": "US-OR", "source": "nifc", "source_id": "Wrights Spring", "hazard": "wildfire", "name": "Wrights Spring", "severity": "55134", "observed_utc": "1785966960000"}}, {"type": "Feature", "geometry": {"type": "Point", "coordinates": [-121.675097639915, 46.9763226533632]}, "properties": {"percent_contained": 100, "state": "US-WA", "source": "nifc", "source_id": "GRAND PARK 2", "hazard": "wildfire", "name": "GRAND PARK 2", "severity": "168", "observed_utc": "1786132450000"}}, {"type": "Feature", "geometry": {"type": "Point", "coordinates": [-103.014010227812, 44.126507145322]}, "properties": {"percent_contained": null, "state": "US-SD", "source": "nifc", "source_id": "Dry Grass", "hazard": "wildfire", "name": "Dry Grass", "severity": "97", "observed_utc": "1786145916000"}}, {"type": "Feature", "geometry": {"type": "Point", "coordinates": [-123.685013849545, 41.1330606942873]}, "properties": {"percent_contained": 98, "state": "US-CA", "source": "nifc", "source_id": "MP18", "hazard": "wildfire", "name": "MP18", "severity": "7599", "observed_utc": "1786146300000"}}, {"type": "Feature", "geometry": {"type": "Point", "coordinates": [-122.093625314253, 45.1469065020403]}, "properties": {"percent_contained": 89, "state": "US-OR", "source": "nifc", "source_id": "THE NARROWS", "hazard": "wildfire", "name": "THE NARROWS", "severity": "304", "observed_utc": "1786206060000"}}, {"type": "Feature", "geometry": {"type": "Point", "coordinates": [-121.717520940307, 36.2158988589877]}, "properties": {"percent_contained": 44, "state": "US-CA", "source": "nifc", "source_id": "Timber", "hazard": "wildfire", "name": "Timber", "severity": "25426", "observed_utc": "1786246500000"}}, {"type": "Feature", "geometry": {"type": "Point", "coordinates": [-121.944886266297, 45.0252215095221]}, "properties": {"percent_contained": 67, "state": "US-OR", "source": "nifc", "source_id": "AUSTIN", "hazard": "wildfire", "name": "AUSTIN", "severity": "12887", "observed_utc": "1786295579000"}}, {"type": "Feature", "geometry": {"type": "Point", "coordinates": [-114.072341146898, 46.4993764036304]}, "properties": {"percent_contained": null, "state": "US-MT", "source": "nifc", "source_id": "LG13 Silverstone", "hazard": "wildfire", "name": "LG13 Silverstone", "severity": "0.1", "observed_utc": "1786387200000"}}, {"type": "Feature", "geometry": {"type": "Point", "coordinates": [-76.8868020254244, 34.7605069159626]}, "properties": {"percent_contained": null, "state": "US-NC", "source": "nifc", "source_id": "LANDFILL 2", "hazard": "wildfire", "name": "LANDFILL 2", "severity": "0.25", "observed_utc": "1786400833000"}}, {"type": "Feature", "geometry": {"type": "Point", "coordinates": [-75.7630017237607, 35.6448401464451]}, "properties": {"percent_contained": null, "state": "US-NC", "source": "nifc", "source_id": "WILD BOAR POINT", "hazard": "wildfire", "name": "WILD BOAR POINT", "severity": "30", "observed_utc": "1786476643000"}}, {"type": "Feature", "geometry": {"type": "Point", "coordinates": [-75.8296687439084, 35.6375071426975]}, "properties": {"percent_contained": null, "state": "US-NC", "source": "nifc", "source_id": "OUTER DOME", "hazard": "wildfire", "name": "OUTER DOME", "severity": "10", "observed_utc": "1786476850000"}}, {"type": "Feature", "geometry": {"type": "Point", "coordinates": [-104.421398698117, 37.0819500738953]}, "properties": {"percent_contained": 90, "state": "US-CO", "source": "nifc", "source_id": "Post", "hazard": "wildfire", "name": "Post", "severity": "4335", "observed_utc": "1786496100000"}}, {"type": "Feature", "geometry": {"type": "Point", "coordinates": [-114.135473148035, 46.4434113927145]}, "properties": {"percent_contained": null, "state": "US-MT", "source": "nifc", "source_id": "LG13 Bell Crossing", "hazard": "wildfire", "name": "LG13 Bell Crossing", "severity": "0.1", "observed_utc": "1786564260000"}}, {"type": "Feature", "geometry": {"type": "Point", "coordinates": [-80.9882611217534, 31.8725501357529]}, "properties": {"percent_contained": 100, "state": "US-GA", "source": "nifc", "source_id": "Main Trail", "hazard": "wildfire", "name": "Main Trail", "severity": "841", "observed_utc": "1786665600000"}}, {"type": "Feature", "geometry": {"type": "Point", "coordinates": [-120.830681826848, 48.3466728221515]}, "properties": {"percent_contained": 5, "state": "US-WA", "source": "nifc", "source_id": "SISI", "hazard": "wildfire", "name": "SISI", "severity": "3449", "observed_utc": "1786730603000"}}, {"type": "Feature", "geometry": {"type": "Point", "coordinates": [-104.675449672442, 36.1630859199568]}, "properties": {"percent_contained": null, "state": "US-NM", "source": "nifc", "source_id": "Dash", "hazard": "wildfire", "name": "Dash", "severity": "55", "observed_utc": "1786735800000"}}, {"type": "Feature", "geometry": {"type": "Point", "coordinates": [-121.063014832649, 48.2120057889858]}, "properties": {"percent_contained": 0, "state": "US-WA", "source": "nifc", "source_id": "Miners", "hazard": "wildfire", "name": "Miners", "severity": "144", "observed_utc": "1786741560000"}}, {"type": "Feature", "geometry": {"type": "Point", "coordinates": [-91.6321075004331, 46.5440583328095]}, "properties": {"percent_contained": null, "state": "US-WI", "source": "nifc", "source_id": "Bell", "hazard": "wildfire", "name": "Bell", "severity": "5.07", "observed_utc": "1786746600000"}}, {"type": "Feature", "geometry": {"type": "Point", "coordinates": [-121.148430992184, 44.2695555393579]}, "properties": {"percent_contained": null, "state": "US-OR", "source": "nifc", "source_id": "0726", "hazard": "wildfire", "name": "0726", "severity": "0.1", "observed_utc": "1786748740000"}}, {"type": "Feature", "geometry": {"type": "Point", "coordinates": [-109.923211152793, 39.3697060216454]}, "properties": {"percent_contained": 75, "state": "US-UT", "source": "nifc", "source_id": "Slough Canyon", "hazard": "wildfire", "name": "Slough Canyon", "severity": "4774", "observed_utc": "1786813200000"}}, {"type": "Feature", "geometry": {"type": "Point", "coordinates": [-121.189131993676, 44.2424605335854]}, "properties": {"percent_contained": null, "state": "US-OR", "source": "nifc", "source_id": "0737 (Redmond FD Assist)", "hazard": "wildfire", "name": "0737 (Redmond FD Assist)", "severity": "0.25", "observed_utc": "1786831500000"}}, {"type": "Feature", "geometry": {"type": "Point", "coordinates": [-114.171686064493, 45.9974173515672]}, "properties": {"percent_contained": null, "state": "US-MT", "source": "nifc", "source_id": "LG13 Appaloosa", "hazard": "wildfire", "name": "LG13 Appaloosa", "severity": "0.1", "observed_utc": "1786924500000"}}, {"type": "Feature", "geometry": {"type": "Point", "coordinates": [-104.530999564645, 35.2810557919433]}, "properties": {"percent_contained": null, "state": "US-NM", "source": "nifc", "source_id": "Cabra Hill", "hazard": "wildfire", "name": "Cabra Hill", "severity": "20", "observed_utc": "1786924800000"}}, {"type": "Feature", "geometry": {"type": "Point", "coordinates": [-118.43400436971, 48.2066920768448]}, "properties": {"percent_contained": null, "state": "US-WA", "source": "nifc", "source_id": "Wilmont Road", "hazard": "wildfire", "name": "Wilmont Road", "severity": "0.5", "observed_utc": "1786930980000"}}, {"type": "Feature", "geometry": {"type": "Point", "coordinates": [-143.063624573673, 63.3422526545031]}, "properties": {"percent_contained": 70, "state": "US-AK", "source": "nifc", "source_id": "Mukluk", "hazard": "wildfire", "name": "Mukluk", "severity": "7339.1", "observed_utc": "1786995480000"}}, {"type": "Feature", "geometry": {"type": "Point", "coordinates": [-115.53962992825, 43.8471730358929]}, "properties": {"percent_contained": 95, "state": "US-ID", "source": "nifc", "source_id": "CROOKED", "hazard": "wildfire", "name": "CROOKED", "severity": "10081", "observed_utc": "1787096280000"}}, {"type": "Feature", "geometry": {"type": "Point", "coordinates": [-122.232404255436, 38.3507330051994]}, "properties": {"percent_contained": null, "state": "US-CA", "source": "nifc", "source_id": "HORSE", "hazard": "wildfire", "name": "HORSE", "severity": "None", "observed_utc": "1787145573000"}}, {"type": "Feature", "geometry": {"type": "Point", "coordinates": [-88.9242593284995, 30.6301385991161]}, "properties": {"percent_contained": null, "state": "US-MS", "source": "nifc", "source_id": "Hurricane", "hazard": "wildfire", "name": "Hurricane", "severity": "16", "observed_utc": "1787170279000"}}, {"type": "Feature", "geometry": {"type": "Point", "coordinates": [-109.523502050188, 45.8358067775475]}, "properties": {"percent_contained": 100, "state": "US-MT", "source": "nifc", "source_id": "Windmill", "hazard": "wildfire", "name": "Windmill", "severity": "4253", "observed_utc": "1787172000000"}}, {"type": "Feature", "geometry": {"type": "Point", "coordinates": [-121.255881685709, 47.4708057265454]}, "properties": {"percent_contained": 0, "state": "US-WA", "source": "nifc", "source_id": "KING", "hazard": "wildfire", "name": "KING", "severity": "3278", "observed_utc": "1787180964000"}}, {"type": "Feature", "geometry": {"type": "Point", "coordinates": [-120.345314421065, 46.988088795724]}, "properties": {"percent_contained": null, "state": "US-WA", "source": "nifc", "source_id": "KOFFMAN", "hazard": "wildfire", "name": "KOFFMAN", "severity": "20", "observed_utc": "1787198580000"}}, {"type": "Feature", "geometry": {"type": "Point", "coordinates": [-103.909584332526, 34.1196726396589]}, "properties": {"percent_contained": null, "state": "US-NM", "source": "nifc", "source_id": "SANDERS", "hazard": "wildfire", "name": "SANDERS", "severity": "50", "observed_utc": "1787199300000"}}, {"type": "Feature", "geometry": {"type": "Point", "coordinates": [-106.786593260674, 37.3854559714982]}, "properties": {"percent_contained": 0, "state": "US-CO", "source": "nifc", "source_id": "Swiss Roll", "hazard": "wildfire", "name": "Swiss Roll", "severity": "775", "observed_utc": "1787236380000"}}, {"type": "Feature", "geometry": {"type": "Point", "coordinates": [-115.085873717718, 48.161516431386]}, "properties": {"percent_contained": 96, "state": "US-MT", "source": "nifc", "source_id": "Deer Creek", "hazard": "wildfire", "name": "Deer Creek", "severity": "1099", "observed_utc": "1787253240000"}}, {"type": "Feature", "geometry": {"type": "Point", "coordinates": [-98.185060035192, 35.1646411077219]}, "properties": {"percent_contained": 100, "state": "US-OK", "source": "nifc", "source_id": "2690", "hazard": "wildfire", "name": "2690", "severity": "900", "observed_utc": "1787254500000"}}, {"type": "Feature", "geometry": {"type": "Point", "coordinates": [-118.032047447176, 48.8190891594142]}, "properties": {"percent_contained": 100, "state": "US-WA", "source": "nifc", "source_id": "HILL LOOP", "hazard": "wildfire", "name": "HILL LOOP", "severity": "127", "observed_utc": "1787261027000"}}, {"type": "Feature", "geometry": {"type": "Point", "coordinates": [-106.431894941487, 34.6787545953404]}, "properties": {"percent_contained": 48, "state": "US-NM", "source": "nifc", "source_id": "WHISKEY", "hazard": "wildfire", "name": "WHISKEY", "severity": "542", "observed_utc": "1787341800000"}}, {"type": "Feature", "geometry": {"type": "Point", "coordinates": [-107.188344423345, 45.3080069329537]}, "properties": {"percent_contained": null, "state": "US-MT", "source": "nifc", "source_id": "Lookout", "hazard": "wildfire", "name": "Lookout", "severity": "20", "observed_utc": "1787346505000"}}, {"type": "Feature", "geometry": {"type": "Point", "coordinates": [-98.3588080893628, 35.3053061235641]}, "properties": {"percent_contained": 100, "state": "US-OK", "source": "nifc", "source_id": "SUGAR CREEK", "hazard": "wildfire", "name": "SUGAR CREEK", "severity": "370", "observed_utc": "1787346556000"}}, {"type": "Feature", "geometry": {"type": "Point", "coordinates": [-113.099346145099, 47.4276735781902]}, "properties": {"percent_contained": 0, "state": "US-MT", "source": "nifc", "source_id": "Camp Creek", "hazard": "wildfire", "name": "Camp Creek", "severity": "9725", "observed_utc": "1787352480000"}}, {"type": "Feature", "geometry": {"type": "Point", "coordinates": [-106.786201296738, 45.1192469474318]}, "properties": {"percent_contained": null, "state": "US-MT", "source": "nifc", "source_id": "Tongue", "hazard": "wildfire", "name": "Tongue", "severity": "286", "observed_utc": "1787359129000"}}, {"type": "Feature", "geometry": {"type": "Point", "coordinates": [-121.052797649074, 47.4589227478602]}, "properties": {"percent_contained": 22, "state": "US-WA", "source": "nifc", "source_id": "GOAT", "hazard": "wildfire", "name": "GOAT", "severity": "816", "observed_utc": "1787412960000"}}, {"type": "Feature", "geometry": {"type": "Point", "coordinates": [-80.7905584722378, 26.4197270361229]}, "properties": {"percent_contained": 90, "state": "US-FL", "source": "nifc", "source_id": "H2", "hazard": "wildfire", "name": "H2", "severity": "621", "observed_utc": "1787423940000"}}, {"type": "Feature", "geometry": {"type": "Point", "coordinates": [-115.830945611622, 41.5459057992608]}, "properties": {"percent_contained": null, "state": "US-NV", "source": "nifc", "source_id": "701 PX FIRE FA", "hazard": "wildfire", "name": "701 PX FIRE FA", "severity": "0.1", "observed_utc": "1787430826000"}}, {"type": "Feature", "geometry": {"type": "Point", "coordinates": [-118.280789611469, 44.8279078577226]}, "properties": {"percent_contained": 91, "state": "US-OR", "source": "nifc", "source_id": "McCully", "hazard": "wildfire", "name": "McCully", "severity": "13604", "observed_utc": "1787434080000"}}, {"type": "Feature", "geometry": {"type": "Point", "coordinates": [-114.21988208139, 46.0335013499324]}, "properties": {"percent_contained": null, "state": "US-MT", "source": "nifc", "source_id": "LG13 Bunkhouse Rd", "hazard": "wildfire", "name": "LG13 Bunkhouse Rd", "severity": "0.1", "observed_utc": "1787434560000"}}, {"type": "Feature", "geometry": {"type": "Point", "coordinates": [-121.02871491152, 48.5496228111574]}, "properties": {"percent_contained": 0, "state": "US-WA", "source": "nifc", "source_id": "Thunder Creek", "hazard": "wildfire", "name": "Thunder Creek", "severity": "715", "observed_utc": "1787435460000"}}, {"type": "Feature", "geometry": {"type": "Point", "coordinates": [-114.649013102839, 45.7131732810803]}, "properties": {"percent_contained": 0, "state": "US-ID", "source": "nifc", "source_id": "Scimitar", "hazard": "wildfire", "name": "Scimitar", "severity": "334", "observed_utc": "1787436878000"}}, {"type": "Feature", "geometry": {"type": "Point", "coordinates": [-118.197633607442, 44.8839658700318]}, "properties": {"percent_contained": null, "state": "US-OR", "source": "nifc", "source_id": "Summit Lake", "hazard": "wildfire", "name": "Summit Lake", "severity": "0.25", "observed_utc": "1787437671000"}}, {"type": "Feature", "geometry": {"type": "Point", "coordinates": [-121.717064640022, 46.9468556472016]}, "properties": {"percent_contained": 16, "state": "US-WA", "source": "nifc", "source_id": "WEST FORK", "hazard": "wildfire", "name": "WEST FORK", "severity": "310", "observed_utc": "1787443766000"}}, {"type": "Feature", "geometry": {"type": "Point", "coordinates": [-121.435315006125, 48.6524227710057]}, "properties": {"percent_contained": 71, "state": "US-WA", "source": "nifc", "source_id": "Electric", "hazard": "wildfire", "name": "Electric", "severity": "495", "observed_utc": "1787451600000"}}, {"type": "Feature", "geometry": {"type": "Point", "coordinates": [-118.182780602946, 44.8743338707462]}, "properties": {"percent_contained": null, "state": "US-OR", "source": "nifc", "source_id": "May Flower", "hazard": "wildfire", "name": "May Flower", "severity": "0.1", "observed_utc": "1787477290000"}}, {"type": "Feature", "geometry": {"type": "Point", "coordinates": [-116.660297139694, 48.6288732966762]}, "properties": {"percent_contained": 30, "state": "US-ID", "source": "nifc", "source_id": "Silver", "hazard": "wildfire", "name": "Silver", "severity": "2593", "observed_utc": "1787502360000"}}, {"type": "Feature", "geometry": {"type": "Point", "coordinates": [-116.624714192679, 48.8701393167829]}, "properties": {"percent_contained": 0, "state": "US-ID", "source": "nifc", "source_id": "Parker Lake", "hazard": "wildfire", "name": "Parker Lake", "severity": "1531", "observed_utc": "1787510760000"}}, {"type": "Feature", "geometry": {"type": "Point", "coordinates": [-116.670514140612, 48.6245892952812]}, "properties": {"percent_contained": null, "state": "US-ID", "source": "nifc", "source_id": "Silver Dollar 2", "hazard": "wildfire", "name": "Silver Dollar 2", "severity": "8", "observed_utc": "1787510949000"}}, {"type": "Feature", "geometry": {"type": "Point", "coordinates": [-100.676398856055, 46.1127853828499]}, "properties": {"percent_contained": 100, "state": "US-ND", "source": "nifc", "source_id": "Hwy 1806", "hazard": "wildfire", "name": "Hwy 1806", "severity": "350", "observed_utc": "1787517000000"}}, {"type": "Feature", "geometry": {"type": "Point", "coordinates": [-82.2410864361194, 30.6304728120771]}, "properties": {"percent_contained": 100, "state": "US-GA", "source": "nifc", "source_id": "Mitchell", "hazard": "wildfire", "name": "Mitchell", "severity": "1030", "observed_utc": "1787519900000"}}, {"type": "Feature", "geometry": {"type": "Point", "coordinates": [-103.29861008158, 42.6586569346985]}, "properties": {"percent_contained": null, "state": "US-NE", "source": "nifc", "source_id": "Crown Butte", "hazard": "wildfire", "name": "Crown Butte", "severity": "1", "observed_utc": "1787523798000"}}, {"type": "Feature", "geometry": {"type": "Point", "coordinates": [-113.924346046192, 46.1535063889851]}, "properties": {"percent_contained": 0, "state": "US-MT", "source": "nifc", "source_id": "Nature Grove", "hazard": "wildfire", "name": "Nature Grove", "severity": "1422", "observed_utc": "1787524980000"}}, {"type": "Feature", "geometry": {"type": "Point", "coordinates": [-117.763241194497, 35.0864389977264]}, "properties": {"percent_contained": null, "state": "US-CA", "source": "nifc", "source_id": "ALPER", "hazard": "wildfire", "name": "ALPER", "severity": "105", "observed_utc": "1787528598000"}}, {"type": "Feature", "geometry": {"type": "Point", "coordinates": [-121.048181819921, 48.1706727883559]}, "properties": {"percent_contained": null, "state": "US-WA", "source": "nifc", "source_id": "Gamma Creek", "hazard": "wildfire", "name": "Gamma Creek", "severity": "29", "observed_utc": "1787534649000"}}, {"type": "Feature", "geometry": {"type": "Point", "coordinates": [-104.190689482805, 35.2305158026623]}, "properties": {"percent_contained": null, "state": "US-NM", "source": "nifc", "source_id": "Mesa Rica", "hazard": "wildfire", "name": "Mesa Rica", "severity": "144", "observed_utc": "1787538600000"}}, {"type": "Feature", "geometry": {"type": "Point", "coordinates": [-98.3425777709334, 32.7598242164124]}, "properties": {"percent_contained": 93, "state": "US-TX", "source": "nifc", "source_id": "Ross", "hazard": "wildfire", "name": "Ross", "severity": "90400", "observed_utc": "1787593289000"}}, {"type": "Feature", "geometry": {"type": "Point", "coordinates": [-104.731869620785, 35.4081458006344]}, "properties": {"percent_contained": null, "state": "US-NM", "source": "nifc", "source_id": "Montosa", "hazard": "wildfire", "name": "Montosa", "severity": "30", "observed_utc": "1787594400000"}}, {"type": "Feature", "geometry": {"type": "Point", "coordinates": [-121.719847634813, 46.9220056454941]}, "properties": {"percent_contained": 0, "state": "US-WA", "source": "nifc", "source_id": "GARDA FALLS", "hazard": "wildfire", "name": "GARDA FALLS", "severity": "73", "observed_utc": "1787601791000"}}, {"type": "Feature", "geometry": {"type": "Point", "coordinates": [-121.721781641659, 46.9506656469131]}, "properties": {"percent_contained": 10, "state": "US-WA", "source": "nifc", "source_id": "WONDERLAND COMPLEX", "hazard": "wildfire", "name": "WONDERLAND COMPLEX", "severity": "392.6", "observed_utc": "1787603554000"}}, {"type": "Feature", "geometry": {"type": "Point", "coordinates": [-108.388531867308, 46.2196669209396]}, "properties": {"percent_contained": null, "state": "US-MT", "source": "nifc", "source_id": "Old Divide", "hazard": "wildfire", "name": "Old Divide", "severity": "62", "observed_utc": "1787612267000"}}, {"type": "Feature", "geometry": {"type": "Point", "coordinates": [-114.568877114038, 45.8494953003721]}, "properties": {"percent_contained": 0, "state": "US-ID", "source": "nifc", "source_id": "Cooper", "hazard": "wildfire", "name": "Cooper", "severity": "176", "observed_utc": "1787675184000"}}, {"type": "Feature", "geometry": {"type": "Point", "coordinates": [-94.9627381485929, 34.2857061030918]}, "properties": {"percent_contained": 100, "state": "US-OK", "source": "nifc", "source_id": "West Glover", "hazard": "wildfire", "name": "West Glover", "severity": "499", "observed_utc": "1787685000000"}}, {"type": "Feature", "geometry": {"type": "Point", "coordinates": [-117.742162952474, 41.5175726353881]}, "properties": {"percent_contained": 91, "state": "US-NV", "source": "nifc", "source_id": "McConnell", "hazard": "wildfire", "name": "McConnell", "severity": "33562", "observed_utc": "1787696940000"}}, {"type": "Feature", "geometry": {"type": "Point", "coordinates": [-121.412512862769, 35.9056718508548]}, "properties": {"percent_contained": 89, "state": "US-CA", "source": "nifc", "source_id": "Plaskett", "hazard": "wildfire", "name": "Plaskett", "severity": "29993", "observed_utc": "1787761560000"}}, {"type": "Feature", "geometry": {"type": "Point", "coordinates": [-115.920780738925, 47.5394232979773]}, "properties": {"percent_contained": 100, "state": "US-ID", "source": "nifc", "source_id": "Dudley", "hazard": "wildfire", "name": "Dudley", "severity": "800", "observed_utc": "1787762640000"}}, {"type": "Feature", "geometry": {"type": "Point", "coordinates": [-106.305477068689, 36.4916888728882]}, "properties": {"percent_contained": 74, "state": "US-NM", "source": "nifc", "source_id": "Mogote Ridge", "hazard": "wildfire", "name": "Mogote Ridge", "severity": "152", "observed_utc": "1787768400000"}}, {"type": "Feature", "geometry": {"type": "Point", "coordinates": [-109.360552041892, 45.9836368073834]}, "properties": {"percent_contained": null, "state": "US-MT", "source": "nifc", "source_id": "Double Shed", "hazard": "wildfire", "name": "Double Shed", "severity": "13", "observed_utc": "1787788685000"}}, {"type": "Feature", "geometry": {"type": "Point", "coordinates": [-113.218117789144, 45.5781674067679]}, "properties": {"percent_contained": 0, "state": "US-MT", "source": "nifc", "source_id": "Skull", "hazard": "wildfire", "name": "Skull", "severity": "67", "observed_utc": "1787851380000"}}, {"type": "Feature", "geometry": {"type": "Point", "coordinates": [-112.778262575595, 44.9218733880013]}, "properties": {"percent_contained": 100, "state": "US-MT", "source": "nifc", "source_id": "Roe 2", "hazard": "wildfire", "name": "Roe 2", "severity": "978", "observed_utc": "1787870973000"}}, {"type": "Feature", "geometry": {"type": "Point", "coordinates": [-104.374029518953, 35.1592357814405]}, "properties": {"percent_contained": null, "state": "US-NM", "source": "nifc", "source_id": "El Gato", "hazard": "wildfire", "name": "El Gato", "severity": "20", "observed_utc": "1787938003000"}}, {"type": "Feature", "geometry": {"type": "Point", "coordinates": [-95.388618354574, 34.2150060702233]}, "properties": {"percent_contained": 100, "state": "US-OK", "source": "nifc", "source_id": "Wildhorse Creek", "hazard": "wildfire", "name": "Wildhorse Creek", "severity": "111", "observed_utc": "1787945400000"}}, {"type": "Feature", "geometry": {"type": "Point", "coordinates": [-113.701111593659, 36.4866054122018]}, "properties": {"percent_contained": null, "state": "US-AZ", "source": "nifc", "source_id": "Last Chance", "hazard": "wildfire", "name": "Last Chance", "severity": "74.4", "observed_utc": "1787964035000"}}, {"type": "Feature", "geometry": {"type": "Point", "coordinates": [-113.169511471177, 36.2728384200815]}, "properties": {"percent_contained": 100, "state": "US-AZ", "source": "nifc", "source_id": "Mount Emma", "hazard": "wildfire", "name": "Mount Emma", "severity": "368", "observed_utc": "1787965260000"}}, {"type": "Feature", "geometry": {"type": "Point", "coordinates": [-95.2966739484275, 34.477783923613]}, "properties": {"percent_contained": 100, "state": "US-OK", "source": "nifc", "source_id": "Alexander Trail", "hazard": "wildfire", "name": "Alexander Trail", "severity": "1600", "observed_utc": "1788009300000"}}, {"type": "Feature", "geometry": {"type": "Point", "coordinates": [-96.6866747809604, 36.7697284664223]}, "properties": {"percent_contained": null, "state": "US-OK", "source": "nifc", "source_id": "Cameron Road", "hazard": "wildfire", "name": "Cameron Road", "severity": "23.13", "observed_utc": "1788028200000"}}, {"type": "Feature", "geometry": {"type": "Point", "coordinates": [-96.1149075129327, 35.2246732217539]}, "properties": {"percent_contained": 100, "state": "US-OK", "source": "nifc", "source_id": "WRIGHT", "hazard": "wildfire", "name": "WRIGHT", "severity": "608", "observed_utc": "1788030180000"}}, {"type": "Feature", "geometry": {"type": "Point", "coordinates": [-98.7205081279826, 34.6084059829458]}, "properties": {"percent_contained": 95, "state": "US-OK", "source": "nifc", "source_id": "RAILROAD SOUTH", "hazard": "wildfire", "name": "RAILROAD SOUTH", "severity": "515", "observed_utc": "1788034665000"}}, {"type": "Feature", "geometry": {"type": "Point", "coordinates": [-99.8231131387275, 30.3176941490543]}, "properties": {"percent_contained": 0, "state": "US-TX", "source": "nifc", "source_id": "RX Kimble 7893", "hazard": "wildfire", "name": "RX Kimble 7893", "severity": "141", "observed_utc": "1788096643000"}}, {"type": "Feature", "geometry": {"type": "Point", "coordinates": [-89.8961066241255, 43.7920180353962]}, "properties": {"percent_contained": null, "state": "US-WI", "source": "nifc", "source_id": "26th Ave", "hazard": "wildfire", "name": "26th Ave", "severity": "0.05", "observed_utc": "1788144600000"}}, {"type": "Feature", "geometry": {"type": "Point", "coordinates": [-95.5077851067507, 34.529728323397]}, "properties": {"percent_contained": 100, "state": "US-OK", "source": "nifc", "source_id": "Crumb Creek", "hazard": "wildfire", "name": "Crumb Creek", "severity": "260", "observed_utc": "1788184800000"}}, {"type": "Feature", "geometry": {"type": "Point", "coordinates": [-105.322550967987, 45.2199770853489]}, "properties": {"percent_contained": null, "state": "US-MT", "source": "nifc", "source_id": "59 Spring Creek", "hazard": "wildfire", "name": "59 Spring Creek", "severity": "10", "observed_utc": "1788203100000"}}, {"type": "Feature", "geometry": {"type": "Point", "coordinates": [-104.96984387209, 45.1551901080237]}, "properties": {"percent_contained": null, "state": "US-MT", "source": "nifc", "source_id": "Espy", "hazard": "wildfire", "name": "Espy", "severity": "39.9", "observed_utc": "1788207240000"}}, {"type": "Feature", "geometry": {"type": "Point", "coordinates": [-105.736561294831, 46.4840071900135]}, "properties": {"percent_contained": null, "state": "US-MT", "source": "nifc", "source_id": "Jones Creek - Custer", "hazard": "wildfire", "name": "Jones Creek - Custer", "severity": "0.1", "observed_utc": "1788231600000"}}, {"type": "Feature", "geometry": {"type": "Point", "coordinates": [-98.2932080619811, 35.1603061014901]}, "properties": {"percent_contained": 90, "state": "US-OK", "source": "nifc", "source_id": "LOST CREEK", "hazard": "wildfire", "name": "LOST CREEK", "severity": "450", "observed_utc": "1788281423000"}}, {"type": "Feature", "geometry": {"type": "Point", "coordinates": [-114.119793137145, 46.4059563911301]}, "properties": {"percent_contained": null, "state": "US-MT", "source": "nifc", "source_id": "LG13 Victor Crossing", "hazard": "wildfire", "name": "LG13 Victor Crossing", "severity": "0.1", "observed_utc": "1788309240000"}}, {"type": "Feature", "geometry": {"type": "Point", "coordinates": [-104.409176687606, 37.0001730623712]}, "properties": {"percent_contained": null, "state": "US-CO", "source": "nifc", "source_id": "SW3", "hazard": "wildfire", "name": "SW3", "severity": "145", "observed_utc": "1788373009000"}}, {"type": "Feature", "geometry": {"type": "Point", "coordinates": [-110.87051265161, 47.3516737934464]}, "properties": {"percent_contained": null, "state": "US-MT", "source": "nifc", "source_id": "Cora Creek", "hazard": "wildfire", "name": "Cora Creek", "severity": "280", "observed_utc": "1788388294000"}}, {"type": "Feature", "geometry": {"type": "Point", "coordinates": [-103.785809417511, 35.5693058783255]}, "properties": {"percent_contained": null, "state": "US-NM", "source": "nifc", "source_id": "Fowl", "hazard": "wildfire", "name": "Fowl", "severity": "822", "observed_utc": "1788388620000"}}, {"type": "Feature", "geometry": {"type": "Point", "coordinates": [-104.937309704342, 35.8457058564527]}, "properties": {"percent_contained": null, "state": "US-NM", "source": "nifc", "source_id": "Santa Fe Trail", "hazard": "wildfire", "name": "Santa Fe Trail", "severity": "60", "observed_utc": "1788390000000"}}, {"type": "Feature", "geometry": {"type": "Point", "coordinates": [-105.185028161541, 46.4857572395433]}, "properties": {"percent_contained": 100, "state": "US-MT", "source": "nifc", "source_id": "Snow", "hazard": "wildfire", "name": "Snow", "severity": "14056", "observed_utc": "1788397620000"}}, {"type": "Feature", "geometry": {"type": "Point", "coordinates": [-105.952510991833, 44.4714069454013]}, "properties": {"percent_contained": null, "state": "US-WY", "source": "nifc", "source_id": "School House", "hazard": "wildfire", "name": "School House", "severity": "0.5", "observed_utc": "1788397925000"}}, {"type": "Feature", "geometry": {"type": "Point", "coordinates": [-104.830461105768, 46.6506972892953]}, "properties": {"percent_contained": 100, "state": "US-MT", "source": "nifc", "source_id": "Ayers Pond", "hazard": "wildfire", "name": "Ayers Pond", "severity": "593", "observed_utc": "1788401160000"}}, {"type": "Feature", "geometry": {"type": "Point", "coordinates": [-106.81382855033, 46.4756570917122]}, "properties": {"percent_contained": null, "state": "US-MT", "source": "nifc", "source_id": "Corny Coulee", "hazard": "wildfire", "name": "Corny Coulee", "severity": "400", "observed_utc": "1788446408000"}}, {"type": "Feature", "geometry": {"type": "Point", "coordinates": [-104.752228054893, 46.481124277487]}, "properties": {"percent_contained": null, "state": "US-MT", "source": "nifc", "source_id": "Sandstone", "hazard": "wildfire", "name": "Sandstone", "severity": "7", "observed_utc": "1788458891000"}}, {"type": "Feature", "geometry": {"type": "Point", "coordinates": [-107.725031931574, 47.3207670937061]}, "properties": {"percent_contained": null, "state": "US-MT", "source": "nifc", "source_id": "Blue Ridge - Garfield", "hazard": "wildfire", "name": "Blue Ridge - Garfield", "severity": "26", "observed_utc": "1788462368000"}}, {"type": "Feature", "geometry": {"type": "Point", "coordinates": [-87.2438938551824, 32.5788949784753]}, "properties": {"percent_contained": 100, "state": "US-AL", "source": "nifc", "source_id": "HOLTSVILLE FIRE", "hazard": "wildfire", "name": "HOLTSVILLE FIRE", "severity": "78", "observed_utc": "1788463320000"}}, {"type": "Feature", "geometry": {"type": "Point", "coordinates": [-80.4997249848236, 26.3258381190768]}, "properties": {"percent_contained": 100, "state": "US-FL", "source": "nifc", "source_id": "S7", "hazard": "wildfire", "name": "S7", "severity": "884", "observed_utc": "1788469320000"}}, {"type": "Feature", "geometry": {"type": "Point", "coordinates": [-88.2291720144926, 34.0900063564716]}, "properties": {"percent_contained": 100, "state": "US-MS", "source": "nifc", "source_id": "Lindsey Rd and Horeshoe Bend Rd", "hazard": "wildfire", "name": "Lindsey Rd and Horeshoe Bend Rd", "severity": "120", "observed_utc": "1788470100000"}}, {"type": "Feature", "geometry": {"type": "Point", "coordinates": [-107.178344172388, 43.8305067683302]}, "properties": {"percent_contained": 95, "state": "US-WY", "source": "nifc", "source_id": "COW CAMP", "hazard": "wildfire", "name": "COW CAMP", "severity": "244", "observed_utc": "1788477660000"}}, {"type": "Feature", "geometry": {"type": "Point", "coordinates": [-117.983612260403, 35.3989050180565]}, "properties": {"percent_contained": null, "state": "US-CA", "source": "nifc", "source_id": "MTZ/KERN/DOVE", "hazard": "wildfire", "name": "MTZ/KERN/DOVE", "severity": "0.01", "observed_utc": "1788478876000"}}, {"type": "Feature", "geometry": {"type": "Point", "coordinates": [-104.927978117541, 46.5860432734823]}, "properties": {"percent_contained": 100, "state": "US-MT", "source": "nifc", "source_id": "Rattlesnake Complex", "hazard": "wildfire", "name": "Rattlesnake Complex", "severity": "15582", "observed_utc": "1788530400000"}}, {"type": "Feature", "geometry": {"type": "Point", "coordinates": [-81.0352859399439, 26.2908377983757]}, "properties": {"percent_contained": null, "state": "US-FL", "source": "nifc", "source_id": "SET CPI-6 Rx 0904", "hazard": "wildfire", "name": "SET CPI-6 Rx 0904", "severity": "307", "observed_utc": "1788533170000"}}, {"type": "Feature", "geometry": {"type": "Point", "coordinates": [-102.311132881005, 43.3042213049871]}, "properties": {"percent_contained": 90, "state": "US-SD", "source": "nifc", "source_id": "Needles", "hazard": "wildfire", "name": "Needles", "severity": "6017.81", "observed_utc": "1788543000000"}}, {"type": "Feature", "geometry": {"type": "Point", "coordinates": [-102.297778200371, 43.3227717084464]}, "properties": {"percent_contained": null, "state": "US-SD", "source": "nifc", "source_id": "Event", "hazard": "wildfire", "name": "Event", "severity": "230", "observed_utc": "1788543900000"}}, {"type": "Feature", "geometry": {"type": "Point", "coordinates": [-104.913011315949, 47.6270073872841]}, "properties": {"percent_contained": 100, "state": "US-MT", "source": "nifc", "source_id": "Yodeling Valley", "hazard": "wildfire", "name": "Yodeling Valley", "severity": "456", "observed_utc": "1788546980000"}}, {"type": "Feature", "geometry": {"type": "Point", "coordinates": [-84.8666724108327, 46.3916757486706]}, "properties": {"percent_contained": null, "state": "US-MI", "source": "nifc", "source_id": "Red Delicious RX", "hazard": "wildfire", "name": "Red Delicious RX", "severity": "289", "observed_utc": "1788620189000"}}, {"type": "Feature", "geometry": {"type": "Point", "coordinates": [-110.679511140151, 37.8766727826325]}, "properties": {"percent_contained": null, "state": "US-UT", "source": "nifc", "source_id": "Mt Hillers", "hazard": "wildfire", "name": "Mt Hillers", "severity": "0.1", "observed_utc": "1788643412000"}}, {"type": "Feature", "geometry": {"type": "Point", "coordinates": [-106.511955293381, 45.4658400097777]}, "properties": {"percent_contained": 100, "state": "US-MT", "source": "nifc", "source_id": "Tie Creek", "hazard": "wildfire", "name": "Tie Creek", "severity": "167", "observed_utc": "1788643929000"}}, {"type": "Feature", "geometry": {"type": "Point", "coordinates": [-105.356790076519, 38.703656249942]}, "properties": {"percent_contained": null, "state": "US-CO", "source": "nifc", "source_id": "Ghost", "hazard": "wildfire", "name": "Ghost", "severity": "0.1", "observed_utc": "1788655320000"}}, {"type": "Feature", "geometry": {"type": "Point", "coordinates": [-120.507463031832, 38.7101221658938]}, "properties": {"percent_contained": null, "state": "US-CA", "source": "nifc", "source_id": "BONETTI", "hazard": "wildfire", "name": "BONETTI", "severity": "0.01", "observed_utc": "1788736166000"}}, {"type": "Feature", "geometry": {"type": "Point", "coordinates": [-104.033331405197, 34.7064617279025]}, "properties": {"percent_contained": null, "state": "US-NM", "source": "nifc", "source_id": "Black Burn", "hazard": "wildfire", "name": "Black Burn", "severity": "275", "observed_utc": "1788739200000"}}, {"type": "Feature", "geometry": {"type": "Point", "coordinates": [-97.5925078317455, 34.413617003074]}, "properties": {"percent_contained": null, "state": "US-OK", "source": "nifc", "source_id": "PINTO", "hazard": "wildfire", "name": "PINTO", "severity": "553", "observed_utc": "1788793200000"}}, {"type": "Feature", "geometry": {"type": "Point", "coordinates": [-103.075842375938, 36.982506139519]}, "properties": {"percent_contained": null, "state": "US-NM", "source": "nifc", "source_id": "Murtle", "hazard": "wildfire", "name": "Murtle", "severity": "75", "observed_utc": "1788807629000"}}, {"type": "Feature", "geometry": {"type": "Point", "coordinates": [-81.9480588451842, 27.6644495161605]}, "properties": {"percent_contained": 100, "state": "US-FL", "source": "nifc", "source_id": "STREAMSONG", "hazard": "wildfire", "name": "STREAMSONG", "severity": "300", "observed_utc": "1788811200000"}}, {"type": "Feature", "geometry": {"type": "Point", "coordinates": [-105.720661028218, 45.0164400279036]}, "properties": {"percent_contained": null, "state": "US-MT", "source": "nifc", "source_id": "Buffalo Creek - Powder River", "hazard": "wildfire", "name": "Buffalo Creek - Powder River", "severity": "5", "observed_utc": "1788811423000"}}, {"type": "Feature", "geometry": {"type": "Point", "coordinates": [-103.859093496355, 44.5133901246498]}, "properties": {"percent_contained": 100, "state": "US-SD", "source": "nifc", "source_id": "Lookout", "hazard": "wildfire", "name": "Lookout", "severity": "444", "observed_utc": "1788813550000"}}, {"type": "Feature", "geometry": {"type": "Point", "coordinates": [-105.321627465452, 41.9536566889842]}, "properties": {"percent_contained": 51, "state": "US-WY", "source": "nifc", "source_id": "Moonshine", "hazard": "wildfire", "name": "Moonshine", "severity": "7304", "observed_utc": "1788815700000"}}, {"type": "Feature", "geometry": {"type": "Point", "coordinates": [-87.2250050068215, 33.6427841038984]}, "properties": {"percent_contained": 100, "state": "US-AL", "source": "nifc", "source_id": "FRANKLIN BEND", "hazard": "wildfire", "name": "FRANKLIN BEND", "severity": "120", "observed_utc": "1788840300000"}}, {"type": "Feature", "geometry": {"type": "Point", "coordinates": [-88.321725570799, 37.5293770316632]}, "properties": {"percent_contained": null, "state": "US-IL", "source": "nifc", "source_id": "SIPBA - Heyen RX", "hazard": "wildfire", "name": "SIPBA - Heyen RX", "severity": "10", "observed_utc": "1788871397000"}}, {"type": "Feature", "geometry": {"type": "Point", "coordinates": [-98.6371621231063, 34.8263370254963]}, "properties": {"percent_contained": null, "state": "US-OK", "source": "nifc", "source_id": "KIMBLE", "hazard": "wildfire", "name": "KIMBLE", "severity": "66", "observed_utc": "1788873060000"}}, {"type": "Feature", "geometry": {"type": "Point", "coordinates": [-98.6677331314384, 34.8361600256982]}, "properties": {"percent_contained": null, "state": "US-OK", "source": "nifc", "source_id": "FARRIS", "hazard": "wildfire", "name": "FARRIS", "severity": "47", "observed_utc": "1788873780000"}}, {"type": "Feature", "geometry": {"type": "Point", "coordinates": [-95.2569514631931, 30.8011165223305]}, "properties": {"percent_contained": 0, "state": "US-TX", "source": "nifc", "source_id": "Rx San Jacinto 8214", "hazard": "wildfire", "name": "Rx San Jacinto 8214", "severity": "2", "observed_utc": "1788876540000"}}, {"type": "Feature", "geometry": {"type": "Point", "coordinates": [-112.083623751376, 46.5758396052347]}, "properties": {"percent_contained": null, "state": "US-MT", "source": "nifc", "source_id": "Bear Gulch Rx", "hazard": "wildfire", "name": "Bear Gulch Rx", "severity": "None", "observed_utc": "1788885806000"}}, {"type": "Feature", "geometry": {"type": "Point", "coordinates": [-120.95014844038, 41.1843793339381]}, "properties": {"percent_contained": null, "state": "US-CA", "source": "nifc", "source_id": "ADIN AIRPORT RX", "hazard": "wildfire", "name": "ADIN AIRPORT RX", "severity": "None", "observed_utc": "1788889916000"}}, {"type": "Feature", "geometry": {"type": "Point", "coordinates": [-98.1107990445677, 35.5333001761273]}, "properties": {"percent_contained": null, "state": "US-OK", "source": "nifc", "source_id": "CALUMET COTTONWOOD", "hazard": "wildfire", "name": "CALUMET COTTONWOOD", "severity": "38.5", "observed_utc": "1788898500000"}}, {"type": "Feature", "geometry": {"type": "Point", "coordinates": [-98.6779281343011, 34.8405850259669]}, "properties": {"percent_contained": 95, "state": "US-OK", "source": "nifc", "source_id": "MEERS", "hazard": "wildfire", "name": "MEERS", "severity": "914", "observed_utc": "1788900900000"}}, {"type": "Feature", "geometry": {"type": "Point", "coordinates": [-91.9060842672916, 33.1295690111363]}, "properties": {"percent_contained": null, "state": "US-AR", "source": "nifc", "source_id": "Ashley 221", "hazard": "wildfire", "name": "Ashley 221", "severity": "186", "observed_utc": "1788905518000"}}, {"type": "Feature", "geometry": {"type": "Point", "coordinates": [-91.8722162573359, 33.1148830095778]}, "properties": {"percent_contained": null, "state": "US-AR", "source": "nifc", "source_id": "Ashley 223", "hazard": "wildfire", "name": "Ashley 223", "severity": "34", "observed_utc": "1788905735000"}}, {"type": "Feature", "geometry": {"type": "Point", "coordinates": [-91.8937062639895, 33.1300060117319]}, "properties": {"percent_contained": null, "state": "US-AR", "source": "nifc", "source_id": "Ashley 224", "hazard": "wildfire", "name": "Ashley 224", "severity": "68", "observed_utc": "1788919249000"}}, {"type": "Feature", "geometry": {"type": "Point", "coordinates": [-122.506793229612, 37.7867849387942]}, "properties": {"percent_contained": null, "state": "US-CA", "source": "nifc", "source_id": "Hermit", "hazard": "wildfire", "name": "Hermit", "severity": "0.1", "observed_utc": "1788923718000"}}, {"type": "Feature", "geometry": {"type": "Point", "coordinates": [-93.1919077023222, 34.5923062422916]}, "properties": {"percent_contained": null, "state": "US-AR", "source": "nifc", "source_id": "Pine", "hazard": "wildfire", "name": "Pine", "severity": "42", "observed_utc": "1788958260000"}}, {"type": "Feature", "geometry": {"type": "Point", "coordinates": [-81.0272249371116, 26.2730607941023]}, "properties": {"percent_contained": null, "state": "US-FL", "source": "nifc", "source_id": "SET CPI-5 Rx 0909", "hazard": "wildfire", "name": "SET CPI-5 Rx 0909", "severity": "81", "observed_utc": "1788959940000"}}, {"type": "Feature", "geometry": {"type": "Point", "coordinates": [-95.2955626026625, 30.9927832293737]}, "properties": {"percent_contained": 0, "state": "US-TX", "source": "nifc", "source_id": "RX Trinity 8273", "hazard": "wildfire", "name": "RX Trinity 8273", "severity": "149", "observed_utc": "1788964140000"}}, {"type": "Feature", "geometry": {"type": "Point", "coordinates": [-99.4919524936898, 30.219727362615]}, "properties": {"percent_contained": 0, "state": "US-TX", "source": "nifc", "source_id": "RX Kerr 8313", "hazard": "wildfire", "name": "RX Kerr 8313", "severity": "223", "observed_utc": "1788964200000"}}, {"type": "Feature", "geometry": {"type": "Point", "coordinates": [-91.9688062882323, 33.1998060226312]}, "properties": {"percent_contained": null, "state": "US-AR", "source": "nifc", "source_id": "Whitlow Junction", "hazard": "wildfire", "name": "Whitlow Junction", "severity": "360", "observed_utc": "1788964987000"}}, {"type": "Feature", "geometry": {"type": "Point", "coordinates": [-97.8625449556248, 35.1851321276102]}, "properties": {"percent_contained": null, "state": "US-OK", "source": "nifc", "source_id": "AMBER", "hazard": "wildfire", "name": "AMBER", "severity": "14.94", "observed_utc": "1788975780000"}}, {"type": "Feature", "geometry": {"type": "Point", "coordinates": [-119.575026685544, 37.0103160778254]}, "properties": {"percent_contained": null, "state": "US-CA", "source": "nifc", "source_id": "THORNE", "hazard": "wildfire", "name": "THORNE", "severity": "0.2", "observed_utc": "1788976278000"}}, {"type": "Feature", "geometry": {"type": "Point", "coordinates": [-91.7032073952416, 45.6667882017993]}, "properties": {"percent_contained": null, "state": "US-WI", "source": "nifc", "source_id": "Voss", "hazard": "wildfire", "name": "Voss", "severity": "0.01", "observed_utc": "1788977400000"}}, {"type": "Feature", "geometry": {"type": "Point", "coordinates": [-107.669909601054, 45.6773059298615]}, "properties": {"percent_contained": null, "state": "US-MT", "source": "nifc", "source_id": "Eagle Springs", "hazard": "wildfire", "name": "Eagle Springs", "severity": "122", "observed_utc": "1788985800000"}}, {"type": "Feature", "geometry": {"type": "Point", "coordinates": [-107.520501918326, 47.4902271298966]}, "properties": {"percent_contained": null, "state": "US-MT", "source": "nifc", "source_id": "Chamberlin Reservoir", "hazard": "wildfire", "name": "Chamberlin Reservoir", "severity": "94", "observed_utc": "1788985874000"}}, {"type": "Feature", "geometry": {"type": "Point", "coordinates": [-104.800892391721, 31.9929552461848]}, "properties": {"percent_contained": null, "state": "US-TX", "source": "nifc", "source_id": "MCKITTRICK", "hazard": "wildfire", "name": "MCKITTRICK", "severity": "5", "observed_utc": "1788986478000"}}, {"type": "Feature", "geometry": {"type": "Point", "coordinates": [-106.122878262307, 45.8061240815569]}, "properties": {"percent_contained": null, "state": "US-MT", "source": "nifc", "source_id": "Swain", "hazard": "wildfire", "name": "Swain", "severity": "40", "observed_utc": "1788986863000"}}, {"type": "Feature", "geometry": {"type": "Point", "coordinates": [-103.372509308215, 35.4044458749466]}, "properties": {"percent_contained": null, "state": "US-NM", "source": "nifc", "source_id": "Flanklin", "hazard": "wildfire", "name": "Flanklin", "severity": "107", "observed_utc": "1788988500000"}}, {"type": "Feature", "geometry": {"type": "Point", "coordinates": [-107.463650539157, 45.5987929399532]}, "properties": {"percent_contained": null, "state": "US-MT", "source": "nifc", "source_id": "Long Street", "hazard": "wildfire", "name": "Long Street", "severity": "0.2", "observed_utc": "1788989598000"}}, {"type": "Feature", "geometry": {"type": "Point", "coordinates": [-88.3208384961619, 31.3738946810679]}, "properties": {"percent_contained": 100, "state": "US-AL", "source": "nifc", "source_id": "RAY COAKER", "hazard": "wildfire", "name": "RAY COAKER", "severity": "707", "observed_utc": "1789002720000"}}, {"type": "Feature", "geometry": {"type": "Point", "coordinates": [-104.203009504556, 35.4615758382842]}, "properties": {"percent_contained": null, "state": "US-NM", "source": "nifc", "source_id": "Spring Canyon", "hazard": "wildfire", "name": "Spring Canyon", "severity": "30", "observed_utc": "1789003200000"}}, {"type": "Feature", "geometry": {"type": "Point", "coordinates": [-81.0469469426591, 26.2661157919238]}, "properties": {"percent_contained": null, "state": "US-FL", "source": "nifc", "source_id": "SET CPI-5 Rx 0910", "hazard": "wildfire", "name": "SET CPI-5 Rx 0910", "severity": "200", "observed_utc": "1789045575000"}}, {"type": "Feature", "geometry": {"type": "Point", "coordinates": [-95.2336181357033, 30.9722276675619]}, "properties": {"percent_contained": 0, "state": "US-TX", "source": "nifc", "source_id": "RX Trinity 8321", "hazard": "wildfire", "name": "RX Trinity 8321", "severity": "120.8", "observed_utc": "1789045680000"}}, {"type": "Feature", "geometry": {"type": "Point", "coordinates": [-94.8544235913522, 30.8392887648117]}, "properties": {"percent_contained": 0, "state": "US-TX", "source": "nifc", "source_id": "RX Polk 8325", "hazard": "wildfire", "name": "RX Polk 8325", "severity": "20", "observed_utc": "1789048200000"}}, {"type": "Feature", "geometry": {"type": "Point", "coordinates": [-123.003230481551, 39.2331220149914]}, "properties": {"percent_contained": null, "state": "US-CA", "source": "nifc", "source_id": "LUCAS", "hazard": "wildfire", "name": "LUCAS", "severity": "1099", "observed_utc": "1789057088000"}}, {"type": "Feature", "geometry": {"type": "Point", "coordinates": [-93.4961235253038, 29.9273382950388]}, "properties": {"percent_contained": 0, "state": "US-LA", "source": "nifc", "source_id": "Stark", "hazard": "wildfire", "name": "Stark", "severity": "100", "observed_utc": "1789066514000"}}, {"type": "Feature", "geometry": {"type": "Point", "coordinates": [-93.0668065205481, 32.1256057625325]}, "properties": {"percent_contained": null, "state": "US-LA", "source": "nifc", "source_id": "Wild Goose", "hazard": "wildfire", "name": "Wild Goose", "severity": "43.45", "observed_utc": "1789066612000"}}, {"type": "Feature", "geometry": {"type": "Point", "coordinates": [-105.438287891441, 44.600785003792]}, "properties": {"percent_contained": null, "state": "US-WY", "source": "nifc", "source_id": "Three Springs", "hazard": "wildfire", "name": "Three Springs", "severity": "40", "observed_utc": "1789067500000"}}, {"type": "Feature", "geometry": {"type": "Point", "coordinates": [-121.498847718789, 47.4406726985055]}, "properties": {"percent_contained": null, "state": "US-WA", "source": "nifc", "source_id": "Lake", "hazard": "wildfire", "name": "Lake", "severity": "0.1", "observed_utc": "1789072000000"}}, {"type": "Feature", "geometry": {"type": "Point", "coordinates": [-109.557311682462, 43.6986395519463]}, "properties": {"percent_contained": null, "state": "US-WY", "source": "nifc", "source_id": "TELEPHONE", "hazard": "wildfire", "name": "TELEPHONE", "severity": "23", "observed_utc": "1789073580000"}}, {"type": "Feature", "geometry": {"type": "Point", "coordinates": [-123.002769481318, 39.2318610149324]}, "properties": {"percent_contained": 33, "state": "US-CA", "source": "nifc", "source_id": "LUCAS", "hazard": "wildfire", "name": "LUCAS", "severity": "4128", "observed_utc": "1789075281000"}}, {"type": "Feature", "geometry": {"type": "Point", "coordinates": [-120.118146803953, 44.1693056319486]}, "properties": {"percent_contained": null, "state": "US-OR", "source": "nifc", "source_id": "0821", "hazard": "wildfire", "name": "0821", "severity": "10", "observed_utc": "1789082006000"}}, {"type": "Feature", "geometry": {"type": "Point", "coordinates": [-115.104929793624, 43.5473060485475]}, "properties": {"percent_contained": 27, "state": "US-ID", "source": "nifc", "source_id": "Buckhorn", "hazard": "wildfire", "name": "Buckhorn", "severity": "161", "observed_utc": "1789085040000"}}, {"type": "Feature", "geometry": {"type": "Point", "coordinates": [-95.2350070261859, 30.9747276680116]}, "properties": {"percent_contained": 0, "state": "US-TX", "source": "nifc", "source_id": "RX Trinity 8374", "hazard": "wildfire", "name": "RX Trinity 8374", "severity": "48.23", "observed_utc": "1789131360000"}}, {"type": "Feature", "geometry": {"type": "Point", "coordinates": [-96.2818575583766, 35.2578162195153]}, "properties": {"percent_contained": null, "state": "US-OK", "source": "nifc", "source_id": "SENIOR", "hazard": "wildfire", "name": "SENIOR", "severity": "0.5", "observed_utc": "1789152240000"}}, {"type": "Feature", "geometry": {"type": "Point", "coordinates": [-123.04764184214, 46.9053735020861]}, "properties": {"percent_contained": null, "state": "US-WA", "source": "nifc", "source_id": "RX - MIMA MOUNDS", "hazard": "wildfire", "name": "RX - MIMA MOUNDS", "severity": "None", "observed_utc": "1789162253000"}}, {"type": "Feature", "geometry": {"type": "Point", "coordinates": [-80.2538920344218, 34.6277847734133]}, "properties": {"percent_contained": null, "state": "US-SC", "source": "nifc", "source_id": "0505N", "hazard": "wildfire", "name": "0505N", "severity": "85", "observed_utc": "1789166160000"}}, {"type": "Feature", "geometry": {"type": "Point", "coordinates": [-94.1586236865632, 29.6641632178884]}, "properties": {"percent_contained": 70, "state": "US-TX", "source": "nifc", "source_id": "Star Lake", "hazard": "wildfire", "name": "Star Lake", "severity": "16412", "observed_utc": "1789166825000"}}, {"type": "Feature", "geometry": {"type": "Point", "coordinates": [-76.5530700157753, 36.6156103295938]}, "properties": {"percent_contained": null, "state": "US-VA", "source": "nifc", "source_id": "Maintenance", "hazard": "wildfire", "name": "Maintenance", "severity": "0.1", "observed_utc": "1789168800000"}}, {"type": "Feature", "geometry": {"type": "Point", "coordinates": [-83.9336959175029, 44.6519595246287]}, "properties": {"percent_contained": null, "state": "US-MI", "source": "nifc", "source_id": "6 Mile unit 3 RX", "hazard": "wildfire", "name": "6 Mile unit 3 RX", "severity": "None", "observed_utc": "1789178700000"}}, {"type": "Feature", "geometry": {"type": "Point", "coordinates": [-89.9681769461038, 46.1322483876349]}, "properties": {"percent_contained": null, "state": "US-WI", "source": "nifc", "source_id": "Bog", "hazard": "wildfire", "name": "Bog", "severity": "94", "observed_utc": "1789189200000"}}, {"type": "Feature", "geometry": {"type": "Point", "coordinates": [-89.3826165198282, 44.1831181291027]}, "properties": {"percent_contained": null, "state": "US-WI", "source": "nifc", "source_id": "Saturday", "hazard": "wildfire", "name": "Saturday", "severity": "0.01", "observed_utc": "1789189200000"}}, {"type": "Feature", "geometry": {"type": "Point", "coordinates": [-98.6801981186837, 34.6184059867003]}, "properties": {"percent_contained": null, "state": "US-OK", "source": "nifc", "source_id": "NEUGEBAUER", "hazard": "wildfire", "name": "NEUGEBAUER", "severity": "10.7", "observed_utc": "1789232400000"}}, {"type": "Feature", "geometry": {"type": "Point", "coordinates": [-89.2910955359954, 32.7875060452903]}, "properties": {"percent_contained": null, "state": "US-MS", "source": "nifc", "source_id": "Resort", "hazard": "wildfire", "name": "Resort", "severity": "0.25", "observed_utc": "1789236000000"}}, {"type": "Feature", "geometry": {"type": "Point", "coordinates": [-105.402310888108, 44.632487010527]}, "properties": {"percent_contained": null, "state": "US-WY", "source": "nifc", "source_id": "Short Draw", "hazard": "wildfire", "name": "Short Draw", "severity": "0.1", "observed_utc": "1789236479000"}}, {"type": "Feature", "geometry": {"type": "Point", "coordinates": [-84.4094340525556, 30.4197056975393]}, "properties": {"percent_contained": null, "state": "US-FL", "source": "nifc", "source_id": "Dobro", "hazard": "wildfire", "name": "Dobro", "severity": "4.26", "observed_utc": "1789238078000"}}, {"type": "Feature", "geometry": {"type": "Point", "coordinates": [-110.946510720456, 32.3741720226493]}, "properties": {"percent_contained": null, "state": "US-AZ", "source": "nifc", "source_id": "PUSCH", "hazard": "wildfire", "name": "PUSCH", "severity": "0.1", "observed_utc": "1789240797000"}}, {"type": "Feature", "geometry": {"type": "Point", "coordinates": [-118.315732217296, 34.2705548759026]}, "properties": {"percent_contained": null, "state": "US-CA", "source": "nifc", "source_id": "VALLEY", "hazard": "wildfire", "name": "VALLEY", "severity": "None", "observed_utc": "1789251015000"}}, {"type": "Feature", "geometry": {"type": "Point", "coordinates": [-122.793518934497, 42.4943932651174]}, "properties": {"percent_contained": null, "state": "US-OR", "source": "nifc", "source_id": "Reese creek Rd 1290", "hazard": "wildfire", "name": "Reese creek Rd 1290", "severity": "0.01", "observed_utc": "1789251060000"}}, {"type": "Feature", "geometry": {"type": "Point", "coordinates": [-109.198910456415, 33.6819222997988]}, "properties": {"percent_contained": null, "state": "US-AZ", "source": "nifc", "source_id": "Horse Ridge", "hazard": "wildfire", "name": "Horse Ridge", "severity": "0.1", "observed_utc": "1789252317000"}}, {"type": "Feature", "geometry": {"type": "Point", "coordinates": [-98.5919080973895, 34.627745992705]}, "properties": {"percent_contained": null, "state": "US-OK", "source": "nifc", "source_id": "WILDFLOWER", "hazard": "wildfire", "name": "WILDFLOWER", "severity": "4.9", "observed_utc": "1789257600000"}}, {"type": "Feature", "geometry": {"type": "Point", "coordinates": [-94.9388991357568, 34.1859910853949]}, "properties": {"percent_contained": null, "state": "US-OK", "source": "nifc", "source_id": "Wolf Hollow", "hazard": "wildfire", "name": "Wolf Hollow", "severity": "0.5", "observed_utc": "1789260331000"}}, {"type": "Feature", "geometry": {"type": "Point", "coordinates": [-118.206812232095, 34.6601549247587]}, "properties": {"percent_contained": null, "state": "US-CA", "source": "nifc", "source_id": "LAC-328972", "hazard": "wildfire", "name": "LAC-328972", "severity": "None", "observed_utc": "1789261148000"}}, {"type": "Feature", "geometry": {"type": "Point", "coordinates": [-93.5329923756309, 33.7034986756993]}, "properties": {"percent_contained": null, "state": "US-AR", "source": "nifc", "source_id": "Hempstead 227", "hazard": "wildfire", "name": "Hempstead 227", "severity": "2", "observed_utc": "1789261740000"}}, {"type": "Feature", "geometry": {"type": "Point", "coordinates": [-118.030132192213, 34.5427149223068]}, "properties": {"percent_contained": null, "state": "US-CA", "source": "nifc", "source_id": "LAC-328996", "hazard": "wildfire", "name": "LAC-328996", "severity": "None", "observed_utc": "1789262460000"}}, {"type": "Feature", "geometry": {"type": "Point", "coordinates": [-100.663959949684, 46.0944675816142]}, "properties": {"percent_contained": null, "state": "US-ND", "source": "nifc", "source_id": "Buffalo", "hazard": "wildfire", "name": "Buffalo", "severity": "None", "observed_utc": "1789264800000"}}, {"type": "Feature", "geometry": {"type": "Point", "coordinates": [-118.128442217776, 34.6471749279671]}, "properties": {"percent_contained": null, "state": "US-CA", "source": "nifc", "source_id": "LAC-329110", "hazard": "wildfire", "name": "LAC-329110", "severity": "None", "observed_utc": "1789269357000"}}, {"type": "Feature", "geometry": {"type": "Point", "coordinates": [-117.981296641772, 45.2592059194375]}, "properties": {"percent_contained": null, "state": "US-OR", "source": "nifc", "source_id": "Marsh", "hazard": "wildfire", "name": "Marsh", "severity": "3", "observed_utc": "1789269503000"}}, {"type": "Feature", "geometry": {"type": "Point", "coordinates": [-88.9855364030513, 44.1899981548493]}, "properties": {"percent_contained": null, "state": "US-WI", "source": "nifc", "source_id": "Sunday", "hazard": "wildfire", "name": "Sunday", "severity": "0.01", "observed_utc": "1789275600000"}}, {"type": "Feature", "geometry": {"type": "Point", "coordinates": [-89.1663066830108, 45.9710084168463]}, "properties": {"percent_contained": null, "state": "US-WI", "source": "nifc", "source_id": "Birch Haven", "hazard": "wildfire", "name": "Birch Haven", "severity": "0.1", "observed_utc": "1789275600000"}}, {"type": "Feature", "geometry": {"type": "Point", "coordinates": [-90.7594569441416, 44.3448480667709]}, "properties": {"percent_contained": null, "state": "US-WI", "source": "nifc", "source_id": "Winneshiek", "hazard": "wildfire", "name": "Winneshiek", "severity": "0.1", "observed_utc": "1789275600000"}}, {"type": "Feature", "geometry": {"type": "Point", "coordinates": [-117.892142135692, 34.147054886468]}, "properties": {"percent_contained": null, "state": "US-CA", "source": "nifc", "source_id": "AVA", "hazard": "wildfire", "name": "AVA", "severity": "None", "observed_utc": "1789276876000"}}, {"type": "Feature", "geometry": {"type": "Point", "coordinates": [-116.502305794336, 32.8249478075895]}, "properties": {"percent_contained": null, "state": "US-CA", "source": "nifc", "source_id": "SUNRISE", "hazard": "wildfire", "name": "SUNRISE", "severity": "0.1", "observed_utc": "1789280913000"}}, {"type": "Feature", "geometry": {"type": "Point", "coordinates": [-118.371272201467, 33.9650148391781]}, "properties": {"percent_contained": null, "state": "US-CA", "source": "nifc", "source_id": "LAC-329523", "hazard": "wildfire", "name": "LAC-329523", "severity": "None", "observed_utc": "1789298233000"}}, {"type": "Feature", "geometry": {"type": "Point", "coordinates": [-118.36951220025, 33.9536148380205]}, "properties": {"percent_contained": null, "state": "US-CA", "source": "nifc", "source_id": "LAC-329527", "hazard": "wildfire", "name": "LAC-329527", "severity": "None", "observed_utc": "1789299127000"}}, {"type": "Feature", "geometry": {"type": "Point", "coordinates": [-80.7169472896507, 27.7427829657685]}, "properties": {"percent_contained": 90, "state": "US-FL", "source": "nifc", "source_id": "BLUE LAKE", "hazard": "wildfire", "name": "BLUE LAKE", "severity": "932.02", "observed_utc": "1789308000000"}}, {"type": "Feature", "geometry": {"type": "Point", "coordinates": [-118.11646220993, 34.5794449212745]}, "properties": {"percent_contained": null, "state": "US-CA", "source": "nifc", "source_id": "LAC-329597", "hazard": "wildfire", "name": "LAC-329597", "severity": "None", "observed_utc": "1789308722000"}}, {"type": "Feature", "geometry": {"type": "Point", "coordinates": [-66.9792765408134, 18.0265307702032]}, "properties": {"percent_contained": null, "state": "US-PR", "source": "nifc", "source_id": "Power Storm", "hazard": "wildfire", "name": "Power Storm", "severity": "16", "observed_utc": "1789309200000"}}, {"type": "Feature", "geometry": {"type": "Point", "coordinates": [-89.2275055191297, 32.800006050345]}, "properties": {"percent_contained": null, "state": "US-MS", "source": "nifc", "source_id": "James Billy Rd", "hazard": "wildfire", "name": "James Billy Rd", "severity": "0.25", "observed_utc": "1789311600000"}}, {"type": "Feature", "geometry": {"type": "Point", "coordinates": [-100.669941549114, 43.3089233405061]}, "properties": {"percent_contained": null, "state": "US-SD", "source": "nifc", "source_id": "Zombie Land 2", "hazard": "wildfire", "name": "Zombie Land 2", "severity": "0.1", "observed_utc": "1789311780000"}}, {"type": "Feature", "geometry": {"type": "Point", "coordinates": [-111.468544801831, 41.8461391906816]}, "properties": {"percent_contained": null, "state": "US-UT", "source": "nifc", "source_id": "Red Ryder RX", "hazard": "wildfire", "name": "Red Ryder RX", "severity": "None", "observed_utc": "1789315384000"}}, {"type": "Feature", "geometry": {"type": "Point", "coordinates": [-120.974986138102, 38.9671201521487]}, "properties": {"percent_contained": null, "state": "US-CA", "source": "nifc", "source_id": "CLEMENTINE", "hazard": "wildfire", "name": "CLEMENTINE", "severity": "0.01", "observed_utc": "1789316770000"}}, {"type": "Feature", "geometry": {"type": "Point", "coordinates": [-103.686343620816, 45.5202742597543]}, "properties": {"percent_contained": null, "state": "US-SD", "source": "nifc", "source_id": "Gilbert", "hazard": "wildfire", "name": "Gilbert", "severity": "211.2", "observed_utc": "1789317814000"}}, {"type": "Feature", "geometry": {"type": "Point", "coordinates": [-120.811313612255, 42.4202844400708]}, "properties": {"percent_contained": null, "state": "US-OR", "source": "nifc", "source_id": "Mitten Springs RX", "hazard": "wildfire", "name": "Mitten Springs RX", "severity": "None", "observed_utc": "1789318848000"}}, {"type": "Feature", "geometry": {"type": "Point", "coordinates": [-98.2367700600986, 35.3227701328497]}, "properties": {"percent_contained": 0, "state": "US-OK", "source": "nifc", "source_id": "GRACEMONT", "hazard": "wildfire", "name": "GRACEMONT", "severity": "3000", "observed_utc": "1789327920000"}}, {"type": "Feature", "geometry": {"type": "Point", "coordinates": [-95.3741739553267, 34.2822282834765]}, "properties": {"percent_contained": 10, "state": "US-OK", "source": "nifc", "source_id": "Tram Trail", "hazard": "wildfire", "name": "Tram Trail", "severity": "650", "observed_utc": "1789329600000"}}, {"type": "Feature", "geometry": {"type": "Point", "coordinates": [-118.175302235665, 34.7623449377261]}, "properties": {"percent_contained": null, "state": "US-CA", "source": "nifc", "source_id": "LAC-329953", "hazard": "wildfire", "name": "LAC-329953", "severity": "None", "observed_utc": "1789330386000"}}, {"type": "Feature", "geometry": {"type": "Point", "coordinates": [-106.335381261491, 45.5205670313291]}, "properties": {"percent_contained": null, "state": "US-MT", "source": "nifc", "source_id": "Birney Road", "hazard": "wildfire", "name": "Birney Road", "severity": "48", "observed_utc": "1789332260000"}}, {"type": "Feature", "geometry": {"type": "Point", "coordinates": [-114.006647143482, 46.5468274140957]}, "properties": {"percent_contained": null, "state": "US-MT", "source": "nifc", "source_id": "LG13 Poncho Ln", "hazard": "wildfire", "name": "LG13 Poncho Ln", "severity": "0.1", "observed_utc": "1789333260000"}}, {"type": "Feature", "geometry": {"type": "Point", "coordinates": [-109.438210514754, 33.7988053043246]}, "properties": {"percent_contained": null, "state": "US-AZ", "source": "nifc", "source_id": "D6 Wallow West Unit 6 RX", "hazard": "wildfire", "name": "D6 Wallow West Unit 6 RX", "severity": "None", "observed_utc": "1789333966000"}}, {"type": "Feature", "geometry": {"type": "Point", "coordinates": [-95.234674242561, 34.6275061544144]}, "properties": {"percent_contained": null, "state": "US-OK", "source": "nifc", "source_id": "DRY CREEK 2", "hazard": "wildfire", "name": "DRY CREEK 2", "severity": "4", "observed_utc": "1789336800000"}}, {"type": "Feature", "geometry": {"type": "Point", "coordinates": [-115.655846402834, 46.2245062241096]}, "properties": {"percent_contained": null, "state": "US-ID", "source": "nifc", "source_id": "Higgins", "hazard": "wildfire", "name": "Higgins", "severity": "0.1", "observed_utc": "1789337737000"}}, {"type": "Feature", "geometry": {"type": "Point", "coordinates": [-98.852787806421, 48.0066749650211]}, "properties": {"percent_contained": null, "state": "US-ND", "source": "nifc", "source_id": "Cars", "hazard": "wildfire", "name": "Cars", "severity": "0.3", "observed_utc": "1789344000000"}}, {"type": "Feature", "geometry": {"type": "Point", "coordinates": [-106.762480209006, 36.9100959055126]}, "properties": {"percent_contained": null, "state": "US-NM", "source": "nifc", "source_id": "Wild Elk", "hazard": "wildfire", "name": "Wild Elk", "severity": "0.1", "observed_utc": "1789344000000"}}, {"type": "Feature", "geometry": {"type": "Point", "coordinates": [-107.360010353722, 37.0522228885284]}, "properties": {"percent_contained": null, "state": "US-CO", "source": "nifc", "source_id": "Bowl", "hazard": "wildfire", "name": "Bowl", "severity": "0.1", "observed_utc": "1789344373000"}}, {"type": "Feature", "geometry": {"type": "Point", "coordinates": [-101.243860921228, 45.0112193989692]}, "properties": {"percent_contained": null, "state": "US-SD", "source": "nifc", "source_id": "NH Playground", "hazard": "wildfire", "name": "NH Playground", "severity": "None", "observed_utc": "1789344900000"}}, {"type": "Feature", "geometry": {"type": "Point", "coordinates": [-107.627511566298, 45.5398069190138]}, "properties": {"percent_contained": 0, "state": "US-MT", "source": "nifc", "source_id": "Davis Coulee", "hazard": "wildfire", "name": "Davis Coulee", "severity": "15470", "observed_utc": "1789360200000"}}, {"type": "Feature", "geometry": {"type": "Point", "coordinates": [-107.009428440558, 45.6370069845304]}, "properties": {"percent_contained": null, "state": "US-MT", "source": "nifc", "source_id": "Little Hawk", "hazard": "wildfire", "name": "Little Hawk", "severity": "0.5", "observed_utc": "1789364400000"}}, {"type": "Feature", "geometry": {"type": "Point", "coordinates": [-105.269761134485, 46.2286242036536]}, "properties": {"percent_contained": null, "state": "US-MT", "source": "nifc", "source_id": "Phennock Creek", "hazard": "wildfire", "name": "Phennock Creek", "severity": "25", "observed_utc": "1789366320000"}}, {"type": "Feature", "geometry": {"type": "Point", "coordinates": [-109.121980319141, 31.906295038286]}, "properties": {"percent_contained": null, "state": "US-AZ", "source": "nifc", "source_id": "CIENEGA SPRINGS", "hazard": "wildfire", "name": "CIENEGA SPRINGS", "severity": "0.1", "observed_utc": "1789368135000"}}, {"type": "Feature", "geometry": {"type": "Point", "coordinates": [-112.321711777362, 40.4235059660973]}, "properties": {"percent_contained": null, "state": "US-UT", "source": "nifc", "source_id": "Soldier Canyon RX", "hazard": "wildfire", "name": "Soldier Canyon RX", "severity": "None", "observed_utc": "1789396459000"}}, {"type": "Feature", "geometry": {"type": "Point", "coordinates": [-109.821418623281, 34.1839443392246]}, "properties": {"percent_contained": null, "state": "US-AZ", "source": "nifc", "source_id": "D7 Apprentice RX", "hazard": "wildfire", "name": "D7 Apprentice RX", "severity": "None", "observed_utc": "1789397547000"}}, {"type": "Feature", "geometry": {"type": "Point", "coordinates": [-109.725254605583, 34.2105013481986]}, "properties": {"percent_contained": null, "state": "US-AZ", "source": "nifc", "source_id": "D7 Arab RX", "hazard": "wildfire", "name": "D7 Arab RX", "severity": "None", "observed_utc": "1789397824000"}}, {"type": "Feature", "geometry": {"type": "Point", "coordinates": [-109.811912616934, 34.1275833317155]}, "properties": {"percent_contained": null, "state": "US-AZ", "source": "nifc", "source_id": "D7 Brushy Mtn South RX", "hazard": "wildfire", "name": "D7 Brushy Mtn South RX", "severity": "None", "observed_utc": "1789398041000"}}, {"type": "Feature", "geometry": {"type": "Point", "coordinates": [-109.720136603029, 34.1913223457419]}, "properties": {"percent_contained": null, "state": "US-AZ", "source": "nifc", "source_id": "D7 Butler West RX", "hazard": "wildfire", "name": "D7 Butler West RX", "severity": "None", "observed_utc": "1789398163000"}}, {"type": "Feature", "geometry": {"type": "Point", "coordinates": [-110.122154688104, 34.2250893287725]}, "properties": {"percent_contained": null, "state": "US-AZ", "source": "nifc", "source_id": "D7 Morgan Unit 5 RX", "hazard": "wildfire", "name": "D7 Morgan Unit 5 RX", "severity": "None", "observed_utc": "1789398291000"}}, {"type": "Feature", "geometry": {"type": "Point", "coordinates": [-109.807536618298, 34.1566503360899]}, "properties": {"percent_contained": null, "state": "US-AZ", "source": "nifc", "source_id": "D7 Rhoton Seep RX", "hazard": "wildfire", "name": "D7 Rhoton Seep RX", "severity": "None", "observed_utc": "1789398389000"}}, {"type": "Feature", "geometry": {"type": "Point", "coordinates": [-95.2347294425753, 34.6275061544118]}, "properties": {"percent_contained": 50, "state": "US-OK", "source": "nifc", "source_id": "4380 Road", "hazard": "wildfire", "name": "4380 Road", "severity": "4", "observed_utc": "1789399800000"}}, {"type": "Feature", "geometry": {"type": "Point", "coordinates": [-99.6561195470647, 35.7588950339562]}, "properties": {"percent_contained": 10, "state": "US-OK", "source": "nifc", "source_id": "Black Kettle", "hazard": "wildfire", "name": "Black Kettle", "severity": "1174", "observed_utc": "1789401900000"}}, {"type": "Feature", "geometry": {"type": "Point", "coordinates": [-116.589903969184, 34.8362740399786]}, "properties": {"percent_contained": null, "state": "US-CA", "source": "nifc", "source_id": "MTZ/BDU/FAIRVIEW", "hazard": "wildfire", "name": "MTZ/BDU/FAIRVIEW", "severity": "0.01", "observed_utc": "1789405028000"}}, {"type": "Feature", "geometry": {"type": "Point", "coordinates": [-84.1880189987488, 45.1239729974598]}, "properties": {"percent_contained": null, "state": "US-MI", "source": "nifc", "source_id": "MONTMORENCY-RX CL-26-31 Clear Lake SWest Unit 1", "hazard": "wildfire", "name": "MONTMORENCY-RX CL-26-31 Clear Lake SWest Unit 1", "severity": "13", "observed_utc": "1789405200000"}}, {"type": "Feature", "geometry": {"type": "Point", "coordinates": [-105.599970990385, 44.9626670320546]}, "properties": {"percent_contained": null, "state": "US-WY", "source": "nifc", "source_id": "Line Draw", "hazard": "wildfire", "name": "Line Draw", "severity": "3.4", "observed_utc": "1789406749000"}}, {"type": "Feature", "geometry": {"type": "Point", "coordinates": [-149.098322795037, 60.845584791637]}, "properties": {"percent_contained": null, "state": "US-AK", "source": "nifc", "source_id": "Seattle", "hazard": "wildfire", "name": "Seattle", "severity": "0.25", "observed_utc": "1789407355000"}}, {"type": "Feature", "geometry": {"type": "Point", "coordinates": [-113.689001304845, 42.2216840456369]}, "properties": {"percent_contained": null, "state": "US-ID", "source": "nifc", "source_id": "Stinson Creek RX 2026", "hazard": "wildfire", "name": "Stinson Creek RX 2026", "severity": "None", "observed_utc": "1789407420000"}}, {"type": "Feature", "geometry": {"type": "Point", "coordinates": [-117.738602155378, 34.6898249556352]}, "properties": {"percent_contained": null, "state": "US-CA", "source": "nifc", "source_id": "LAC-331175", "hazard": "wildfire", "name": "LAC-331175", "severity": "None", "observed_utc": "1789407715000"}}, {"type": "Feature", "geometry": {"type": "Point", "coordinates": [-92.5862387759839, 33.5744931711946]}, "properties": {"percent_contained": 30, "state": "US-AR", "source": "nifc", "source_id": "Bunker Fire", "hazard": "wildfire", "name": "Bunker Fire", "severity": "1950", "observed_utc": "1789409748000"}}, {"type": "Feature", "geometry": {"type": "Point", "coordinates": [-101.018042952416, 43.0591568705426]}, "properties": {"percent_contained": null, "state": "US-SD", "source": "nifc", "source_id": "Zintkala Sa", "hazard": "wildfire", "name": "Zintkala Sa", "severity": "0.1", "observed_utc": "1789409880000"}}, {"type": "Feature", "geometry": {"type": "Point", "coordinates": [-100.222976647957, 31.1481142393757]}, "properties": {"percent_contained": 90, "state": "US-TX", "source": "nifc", "source_id": "Upton 3", "hazard": "wildfire", "name": "Upton 3", "severity": "394", "observed_utc": "1789411108000"}}, {"type": "Feature", "geometry": {"type": "Point", "coordinates": [-106.826740099899, 35.5502457040763]}, "properties": {"percent_contained": null, "state": "US-NM", "source": "nifc", "source_id": "RIO SALADO", "hazard": "wildfire", "name": "RIO SALADO", "severity": "1", "observed_utc": "1789411200000"}}, {"type": "Feature", "geometry": {"type": "Point", "coordinates": [-120.068412628823, 35.6642049144337]}, "properties": {"percent_contained": null, "state": "US-CA", "source": "nifc", "source_id": "REL", "hazard": "wildfire", "name": "REL", "severity": "None", "observed_utc": "1789416060000"}}, {"type": "Feature", "geometry": {"type": "Point", "coordinates": [-87.442709996083, 45.3160899965191]}, "properties": {"percent_contained": null, "state": "US-MI", "source": "nifc", "source_id": "Kleinke", "hazard": "wildfire", "name": "Kleinke", "severity": "0.3", "observed_utc": "1789418700000"}}, {"type": "Feature", "geometry": {"type": "Point", "coordinates": [-96.1063963533059, 34.413617173747]}, "properties": {"percent_contained": 25, "state": "US-OK", "source": "nifc", "source_id": "Atoka Lake", "hazard": "wildfire", "name": "Atoka Lake", "severity": "720", "observed_utc": "1789418700000"}}, {"type": "Feature", "geometry": {"type": "Point", "coordinates": [-99.7830851255188, 30.2457361368745]}, "properties": {"percent_contained": 70, "state": "US-TX", "source": "nifc", "source_id": "Bundy", "hazard": "wildfire", "name": "Bundy", "severity": "446", "observed_utc": "1789419623000"}}, {"type": "Feature", "geometry": {"type": "Point", "coordinates": [-97.6533116858373, 31.8486545245773]}, "properties": {"percent_contained": 10, "state": "US-TX", "source": "nifc", "source_id": "Hydra", "hazard": "wildfire", "name": "Hydra", "severity": "1000", "observed_utc": "1789420200000"}}, {"type": "Feature", "geometry": {"type": "Point", "coordinates": [-100.791951909397, 30.8670317849453]}, "properties": {"percent_contained": 90, "state": "US-TX", "source": "nifc", "source_id": "Powell", "hazard": "wildfire", "name": "Powell", "severity": "181", "observed_utc": "1789420662000"}}, {"type": "Feature", "geometry": {"type": "Point", "coordinates": [-117.976802135291, 33.9665048615176]}, "properties": {"percent_contained": null, "state": "US-CA", "source": "nifc", "source_id": "PALOS", "hazard": "wildfire", "name": "PALOS", "severity": "None", "observed_utc": "1789421093000"}}, {"type": "Feature", "geometry": {"type": "Point", "coordinates": [-98.3320413030121, 33.7694058515843]}, "properties": {"percent_contained": 97, "state": "US-TX", "source": "nifc", "source_id": "Arrowhead", "hazard": "wildfire", "name": "Arrowhead", "severity": "785", "observed_utc": "1789421869000"}}, {"type": "Feature", "geometry": {"type": "Point", "coordinates": [-112.191578186571, 35.2415473494037]}, "properties": {"percent_contained": null, "state": "US-AZ", "source": "nifc", "source_id": "CY26 KNF Rx Support", "hazard": "wildfire", "name": "CY26 KNF Rx Support", "severity": "None", "observed_utc": "1789424060000"}}, {"type": "Feature", "geometry": {"type": "Point", "coordinates": [-107.004769989595, 33.6668754103566]}, "properties": {"percent_contained": null, "state": "US-NM", "source": "nifc", "source_id": "CONTADERO", "hazard": "wildfire", "name": "CONTADERO", "severity": "0.25", "observed_utc": "1789427444000"}}, {"type": "Feature", "geometry": {"type": "Point", "coordinates": [-96.3498506638831, 36.4012944199694]}, "properties": {"percent_contained": null, "state": "US-OK", "source": "nifc", "source_id": "BRONCO", "hazard": "wildfire", "name": "BRONCO", "severity": "23.1", "observed_utc": "1789428000000"}}, {"type": "Feature", "geometry": {"type": "Point", "coordinates": [-94.6790602494899, 36.679802556672]}, "properties": {"percent_contained": null, "state": "US-OK", "source": "nifc", "source_id": "BRIAR", "hazard": "wildfire", "name": "BRIAR", "severity": "5", "observed_utc": "1789428240000"}}, {"type": "Feature", "geometry": {"type": "Point", "coordinates": [-105.926380688522, 42.5412317160883]}, "properties": {"percent_contained": null, "state": "US-WY", "source": "nifc", "source_id": "Root", "hazard": "wildfire", "name": "Root", "severity": "5.8", "observed_utc": "1789429020000"}}, {"type": "Feature", "geometry": {"type": "Point", "coordinates": [-105.976260973953, 44.3280739267416]}, "properties": {"percent_contained": null, "state": "US-WY", "source": "nifc", "source_id": "Erickson Draw", "hazard": "wildfire", "name": "Erickson Draw", "severity": "30", "observed_utc": "1789431468000"}}, {"type": "Feature", "geometry": {"type": "Point", "coordinates": [-118.038082151159, 34.0345148656554]}, "properties": {"percent_contained": null, "state": "US-CA", "source": "nifc", "source_id": "LAC-331792", "hazard": "wildfire", "name": "LAC-331792", "severity": "None", "observed_utc": "1789435653000"}}, {"type": "Feature", "geometry": {"type": "Point", "coordinates": [-100.643407488985, 30.9632272385346]}, "properties": {"percent_contained": 75, "state": "US-TX", "source": "nifc", "source_id": "Huckleberry", "hazard": "wildfire", "name": "Huckleberry", "severity": "72", "observed_utc": "1789438417000"}}, {"type": "Feature", "geometry": {"type": "Point", "coordinates": [-118.167182227321, 34.6820749294834]}, "properties": {"percent_contained": null, "state": "US-CA", "source": "nifc", "source_id": "LAC-331852", "hazard": "wildfire", "name": "LAC-331852", "severity": "None", "observed_utc": "1789438631000"}}, {"type": "Feature", "geometry": {"type": "Point", "coordinates": [-118.275482178045, 33.8733748344181]}, "properties": {"percent_contained": null, "state": "US-CA", "source": "nifc", "source_id": "LAC-331884", "hazard": "wildfire", "name": "LAC-331884", "severity": "None", "observed_utc": "1789439994000"}}, {"type": "Feature", "geometry": {"type": "Point", "coordinates": [-117.811422118593, 34.1055648864109]}, "properties": {"percent_contained": null, "state": "US-CA", "source": "nifc", "source_id": "LAC-331937", "hazard": "wildfire", "name": "LAC-331937", "severity": "None", "observed_utc": "1789442860000"}}, {"type": "Feature", "geometry": {"type": "Point", "coordinates": [-118.501892290201, 34.7598649180384]}, "properties": {"percent_contained": null, "state": "US-CA", "source": "nifc", "source_id": "HUNGRY", "hazard": "wildfire", "name": "HUNGRY", "severity": "None", "observed_utc": "1789443725000"}}, {"type": "Feature", "geometry": {"type": "Point", "coordinates": [-121.547542215903, 45.0907555534985]}, "properties": {"percent_contained": null, "state": "US-OR", "source": "nifc", "source_id": "Crunch 78", "hazard": "wildfire", "name": "Crunch 78", "severity": "0.1", "observed_utc": "1789447080000"}}, {"type": "Feature", "geometry": {"type": "Point", "coordinates": [-124.107897786046, 44.3107219214425]}, "properties": {"percent_contained": null, "state": "US-OR", "source": "nifc", "source_id": "Smelt Sands", "hazard": "wildfire", "name": "Smelt Sands", "severity": "None", "observed_utc": "1789452000000"}}, {"type": "Feature", "geometry": {"type": "Point", "coordinates": [-118.211682165014, 33.8442948347486]}, "properties": {"percent_contained": null, "state": "US-CA", "source": "nifc", "source_id": "LAC-332316", "hazard": "wildfire", "name": "LAC-332316", "severity": "None", "observed_utc": "1789474631000"}}, {"type": "Feature", "geometry": {"type": "Point", "coordinates": [-70.1276739692796, 43.8359154081796]}, "properties": {"percent_contained": null, "state": "US-ME", "source": "nifc", "source_id": "Gator Skin Purse Fire", "hazard": "wildfire", "name": "Gator Skin Purse Fire", "severity": "0.1", "observed_utc": "1789483560000"}}, {"type": "Feature", "geometry": {"type": "Point", "coordinates": [-70.185568385801, 43.7889188777572]}, "properties": {"percent_contained": null, "state": "US-ME", "source": "nifc", "source_id": "MM 16 Fires", "hazard": "wildfire", "name": "MM 16 Fires", "severity": "0.3", "observed_utc": "1789483740000"}}, {"type": "Feature", "geometry": {"type": "Point", "coordinates": [-70.1791563741088, 43.7964154793322]}, "properties": {"percent_contained": null, "state": "US-ME", "source": "nifc", "source_id": "MM 16 Fires 2", "hazard": "wildfire", "name": "MM 16 Fires 2", "severity": "0.1", "observed_utc": "1789483980000"}}, {"type": "Feature", "geometry": {"type": "Point", "coordinates": [-70.1818091548122, 43.7933683286906]}, "properties": {"percent_contained": null, "state": "US-ME", "source": "nifc", "source_id": "MM 16 Fires 3", "hazard": "wildfire", "name": "MM 16 Fires 3", "severity": "0.1", "observed_utc": "1789484100000"}}, {"type": "Feature", "geometry": {"type": "Point", "coordinates": [-118.144332163084, 33.9609148514841]}, "properties": {"percent_contained": null, "state": "US-CA", "source": "nifc", "source_id": "LAC-332431", "hazard": "wildfire", "name": "LAC-332431", "severity": "None", "observed_utc": "1789485057000"}}, {"type": "Feature", "geometry": {"type": "Point", "coordinates": [-106.58850780778, 32.3288452204308]}, "properties": {"percent_contained": null, "state": "US-NM", "source": "nifc", "source_id": "RX ICE Canyon Piles 2", "hazard": "wildfire", "name": "RX ICE Canyon Piles 2", "severity": "None", "observed_utc": "1789485907000"}}, {"type": "Feature", "geometry": {"type": "Point", "coordinates": [-119.616179753185, 37.5662051277841]}, "properties": {"percent_contained": null, "state": "US-CA", "source": "nifc", "source_id": "DOME", "hazard": "wildfire", "name": "DOME", "severity": "0.1", "observed_utc": "1789486080000"}}, {"type": "Feature", "geometry": {"type": "Point", "coordinates": [-123.952997602827, 45.1664883143646]}, "properties": {"percent_contained": null, "state": "US-OR", "source": "nifc", "source_id": "Nestucca RX", "hazard": "wildfire", "name": "Nestucca RX", "severity": "None", "observed_utc": "1789489418000"}}, {"type": "Feature", "geometry": {"type": "Point", "coordinates": [-120.526008748797, 43.4924405447443]}, "properties": {"percent_contained": null, "state": "US-OR", "source": "nifc", "source_id": "FA #40", "hazard": "wildfire", "name": "FA #40", "severity": "0.1", "observed_utc": "1789489838000"}}, {"type": "Feature", "geometry": {"type": "Point", "coordinates": [-116.033289476144, 46.2279291867524]}, "properties": {"percent_contained": null, "state": "US-ID", "source": "nifc", "source_id": "2026 NCF Fall RX", "hazard": "wildfire", "name": "2026 NCF Fall RX", "severity": "None", "observed_utc": "1789490303000"}}, {"type": "Feature", "geometry": {"type": "Point", "coordinates": [-98.9306699260818, 32.4265531993339]}, "properties": {"percent_contained": 35, "state": "US-TX", "source": "nifc", "source_id": "Lobo", "hazard": "wildfire", "name": "Lobo", "severity": "400", "observed_utc": "1789492875000"}}, {"type": "Feature", "geometry": {"type": "Point", "coordinates": [-92.8747065352521, 33.2810060010683]}, "properties": {"percent_contained": null, "state": "US-AR", "source": "nifc", "source_id": "Union 400245", "hazard": "wildfire", "name": "Union 400245", "severity": "100", "observed_utc": "1789494861000"}}, {"type": "Feature", "geometry": {"type": "Point", "coordinates": [-101.601875342396, 32.2896387683832]}, "properties": {"percent_contained": 85, "state": "US-TX", "source": "nifc", "source_id": "Bailey", "hazard": "wildfire", "name": "Bailey", "severity": "77", "observed_utc": "1789496076000"}}, {"type": "Feature", "geometry": {"type": "Point", "coordinates": [-100.377216427351, 31.1907245211094]}, "properties": {"percent_contained": 75, "state": "US-TX", "source": "nifc", "source_id": "Door Key", "hazard": "wildfire", "name": "Door Key", "severity": "420", "observed_utc": "1789496536000"}}, {"type": "Feature", "geometry": {"type": "Point", "coordinates": [-108.902011166033, 41.1831393184334]}, "properties": {"percent_contained": null, "state": "US-WY", "source": "nifc", "source_id": "Brooks", "hazard": "wildfire", "name": "Brooks", "severity": "0.3", "observed_utc": "1789497028000"}}, {"type": "Feature", "geometry": {"type": "Point", "coordinates": [-118.104312161348, 34.0225348605852]}, "properties": {"percent_contained": null, "state": "US-CA", "source": "nifc", "source_id": "LAC-332672", "hazard": "wildfire", "name": "LAC-332672", "severity": "None", "observed_utc": "1789497279000"}}, {"type": "Feature", "geometry": {"type": "Point", "coordinates": [-96.1765407572729, 33.7536892778483]}, "properties": {"percent_contained": 30, "state": "US-TX", "source": "nifc", "source_id": "Big River", "hazard": "wildfire", "name": "Big River", "severity": "35", "observed_utc": "1789497295000"}}, {"type": "Feature", "geometry": {"type": "Point", "coordinates": [-83.6289169504846, 33.11380232455]}, "properties": {"percent_contained": null, "state": "US-GA", "source": "nifc", "source_id": "27B/27C RX", "hazard": "wildfire", "name": "27B/27C RX", "severity": "None", "observed_utc": "1789497720000"}}, {"type": "Feature", "geometry": {"type": "Point", "coordinates": [-97.9055477908483, 32.5735356507425]}, "properties": {"percent_contained": 60, "state": "US-TX", "source": "nifc", "source_id": "Red Bank", "hazard": "wildfire", "name": "Red Bank", "severity": "200", "observed_utc": "1789497915000"}}, {"type": "Feature", "geometry": {"type": "Point", "coordinates": [-100.744708111272, 30.5409688463635]}, "properties": {"percent_contained": 0, "state": "US-TX", "source": "nifc", "source_id": "Dry River", "hazard": "wildfire", "name": "Dry River", "severity": "2000", "observed_utc": "1789498352000"}}, {"type": "Feature", "geometry": {"type": "Point", "coordinates": [-105.80602121936, 45.9861671294055]}, "properties": {"percent_contained": null, "state": "US-MT", "source": "nifc", "source_id": "Pine Ridge North RX", "hazard": "wildfire", "name": "Pine Ridge North RX", "severity": "None", "observed_utc": "1789499681000"}}, {"type": "Feature", "geometry": {"type": "Point", "coordinates": [-98.9880082350387, 35.158006065762]}, "properties": {"percent_contained": null, "state": "US-OK", "source": "nifc", "source_id": "Calvary Creek", "hazard": "wildfire", "name": "Calvary Creek", "severity": "None", "observed_utc": "1789502340000"}}, {"type": "Feature", "geometry": {"type": "Point", "coordinates": [-97.9424645261977, 26.4519294358602]}, "properties": {"percent_contained": 80, "state": "US-TX", "source": "nifc", "source_id": "Palm", "hazard": "wildfire", "name": "Palm", "severity": "6", "observed_utc": "1789502832000"}}, {"type": "Feature", "geometry": {"type": "Point", "coordinates": [-106.111544650472, 47.8252902965263]}, "properties": {"percent_contained": null, "state": "US-MT", "source": "nifc", "source_id": "Hell Gate RX", "hazard": "wildfire", "name": "Hell Gate RX", "severity": "None", "observed_utc": "1789502913000"}}, {"type": "Feature", "geometry": {"type": "Point", "coordinates": [-92.3920064936985, 34.6750062944348]}, "properties": {"percent_contained": null, "state": "US-AR", "source": "nifc", "source_id": "Pulaski 166", "hazard": "wildfire", "name": "Pulaski 166", "severity": "1", "observed_utc": "1789505866000"}}, {"type": "Feature", "geometry": {"type": "Point", "coordinates": [-120.574563572007, 47.473829800388]}, "properties": {"percent_contained": null, "state": "US-WA", "source": "nifc", "source_id": "CAMAS RX", "hazard": "wildfire", "name": "CAMAS RX", "severity": "None", "observed_utc": "1789506622000"}}, {"type": "Feature", "geometry": {"type": "Point", "coordinates": [-118.151312157471, 33.8767048417239]}, "properties": {"percent_contained": null, "state": "US-CA", "source": "nifc", "source_id": "LAC-332861", "hazard": "wildfire", "name": "LAC-332861", "severity": "None", "observed_utc": "1789506764000"}}, {"type": "Feature", "geometry": {"type": "Point", "coordinates": [-123.405044819241, 46.5617754458288]}, "properties": {"percent_contained": null, "state": "US-WA", "source": "nifc", "source_id": "PLUVIUS", "hazard": "wildfire", "name": "PLUVIUS", "severity": "0.1", "observed_utc": "1789506857000"}}, {"type": "Feature", "geometry": {"type": "Point", "coordinates": [-98.5613328355603, 30.4121442138051]}, "properties": {"percent_contained": 20, "state": "US-TX", "source": "nifc", "source_id": "Blanco 8607", "hazard": "wildfire", "name": "Blanco 8607", "severity": "2", "observed_utc": "1789507074000"}}, {"type": "Feature", "geometry": {"type": "Point", "coordinates": [-118.630262313984, 34.7872849133214]}, "properties": {"percent_contained": null, "state": "US-CA", "source": "nifc", "source_id": "HANGER", "hazard": "wildfire", "name": "HANGER", "severity": "None", "observed_utc": "1789508881000"}}, {"type": "Feature", "geometry": {"type": "Point", "coordinates": [-89.2697545289631, 32.7662710416919]}, "properties": {"percent_contained": null, "state": "US-MS", "source": "nifc", "source_id": "Wolf Trail", "hazard": "wildfire", "name": "Wolf Trail", "severity": "0.1", "observed_utc": "1789509181000"}}, {"type": "Feature", "geometry": {"type": "Point", "coordinates": [-118.112282216202, 34.6605049303743]}, "properties": {"percent_contained": null, "state": "US-CA", "source": "nifc", "source_id": "LAC-332998", "hazard": "wildfire", "name": "LAC-332998", "severity": "None", "observed_utc": "1789513064000"}}, {"type": "Feature", "geometry": {"type": "Point", "coordinates": [-118.147722222162, 34.660334928265]}, "properties": {"percent_contained": null, "state": "US-CA", "source": "nifc", "source_id": "LAC-333042", "hazard": "wildfire", "name": "LAC-333042", "severity": "None", "observed_utc": "1789515105000"}}]}
