{
 "type": "FeatureCollection",
 "crs_declared": "EPSG:4326",
 "features": [
  {
   "type": "Feature",
   "geometry": {
    "type": "Polygon",
    "coordinates": [
     [
      [
       -82.00380496184336,
       26.483525157193945
      ],
      [
       -82.00249109532948,
       26.484820051167112
      ],
      [
       -82.00297788306904,
       26.486576397541562
      ],
      [
       -82.00477860283458,
       26.487037873740956
      ],
      [
       -82.00609251016171,
       26.485742957744687
      ],
      [
       -82.00560565691013,
       26.483986587572545
      ],
      [
       -82.00380496184336,
       26.483525157193945
      ]
     ]
    ]
   },
   "properties": {
    "h3_cell": "894413042d3ffff",
    "n_samples": 5,
    "labels": {
     "svi_sample": 5
    },
    "uncertainty": {
     "content": "sample density only; severity labels intentionally not joined (no verifiable key) — candor over coverage"
    }
   }
  },
  {
   "type": "Feature",
   "geometry": {
    "type": "Polygon",
    "coordinates": [
     [
      [
       -82.02808867842592,
       26.4685325316416
      ],
      [
       -82.02677482577218,
       26.469827993437164
      ],
      [
       -82.02726208774776,
       26.471584492872662
      ],
      [
       -82.02906326788403,
       26.47204555426504
      ],
      [
       -82.03037716130515,
       26.470750070408805
      ],
      [
       -82.02988983382271,
       26.468993547221253
      ],
      [
       -82.02808867842592,
       26.4685325316416
      ]
     ]
    ]
   },
   "properties": {
    "h3_cell": "89441304447ffff",
    "n_samples": 5,
    "labels": {
     "svi_sample": 5
    },
    "uncertainty": {
     "content": "sample density only; severity labels intentionally not joined (no verifiable key) — candor over coverage"
    }
   }
  },
  {
   "type": "Feature",
   "geometry": {
    "type": "Polygon",
    "coordinates": [
     [
      [
       -82.03056823951896,
       26.45937642705334
      ],
      [
       -82.02925447670455,
       26.46067201277947
      ],
      [
       -82.0297417543096,
       26.46242849871337
      ],
      [
       -82.03154286022668,
       26.462889422664443
      ],
      [
       -82.03285666379834,
       26.461593814865335
      ],
      [
       -82.03236932069576,
       26.459837305188543
      ],
      [
       -82.03056823951896,
       26.45937642705334
      ]
     ]
    ]
   },
   "properties": {
    "h3_cell": "894413044c3ffff",
    "n_samples": 5,
    "labels": {
     "svi_sample": 5
    },
    "uncertainty": {
     "content": "sample density only; severity labels intentionally not joined (no verifiable key) — candor over coverage"
    }
   }
  },
  {
   "type": "Feature",
   "geometry": {
    "type": "Polygon",
    "coordinates": [
     [
      [
       -82.03285666379834,
       26.461593814865335
      ],
      [
       -82.03154286022668,
       26.462889422664443
      ],
      [
       -82.03203019812365,
       26.464645936854623
      ],
      [
       -82.03383140509357,
       26.465106866986854
      ],
      [
       -82.03514524942078,
       26.463811237115284
      ],
      [
       -82.03465784602258,
       26.46205469918436
      ],
      [
       -82.03285666379834,
       26.461593814865335
      ]
     ]
    ]
   },
   "properties": {
    "h3_cell": "894413044c7ffff",
    "n_samples": 13,
    "labels": {
     "svi_sample": 13
    },
    "uncertainty": {
     "content": "sample density only; severity labels intentionally not joined (no verifiable key) — candor over coverage"
    }
   }
  },
  {
   "type": "Feature",
   "geometry": {
    "type": "Polygon",
    "coordinates": [
     [
      [
       -82.03368309431922,
       26.458541656092688
      ],
      [
       -82.03236932069576,
       26.459837305188543
      ],
      [
       -82.03285666379834,
       26.461593814865335
      ],
      [
       -82.03465784602258,
       26.46205469918436
      ],
      [
       -82.03597166039819,
       26.460759028011914
      ],
      [
       -82.03548425179748,
       26.459002494597442
      ],
      [
       -82.03368309431922,
       26.458541656092688
      ]
     ]
    ]
   },
   "properties": {
    "h3_cell": "894413044d7ffff",
    "n_samples": 18,
    "labels": {
     "svi_sample": 18
    },
    "uncertainty": {
     "content": "sample density only; severity labels intentionally not joined (no verifiable key) — candor over coverage"
    }
   }
  },
  {
   "type": "Feature",
   "geometry": {
    "type": "Polygon",
    "coordinates": [
     [
      [
       -82.00691953430224,
       26.482691630194424
      ],
      [
       -82.00560565691013,
       26.483986587572545
      ],
      [
       -82.00609251016171,
       26.485742957744687
      ],
      [
       -82.0078933063181,
       26.486204394331576
      ],
      [
       -82.00920722451833,
       26.484909414926737
      ],
      [
       -82.00872030575415,
       26.483153020962124
      ],
      [
       -82.00691953430224,
       26.482691630194424
      ]
     ]
    ]
   },
   "properties": {
    "h3_cell": "8944130466fffff",
    "n_samples": 7,
    "labels": {
     "svi_sample": 7
    },
    "uncertainty": {
     "content": "sample density only; severity labels intentionally not joined (no verifiable key) — candor over coverage"
    }
   }
  },
  {
   "type": "Feature",
   "geometry": {
    "type": "Polygon",
    "coordinates": [
     [
      [
       -82.03050158461393,
       26.555636153415527
      ],
      [
       -82.02918670539823,
       26.55693090169597
      ],
      [
       -82.02967439574891,
       26.55868774990901
      ],
      [
       -82.03147703092431,
       26.559149873641452
      ],
      [
       -82.0327919509667,
       26.557855103395003
      ],
      [
       -82.0323041950071,
       26.55609823138253
      ],
      [
       -82.03050158461393,
       26.555636153415527
      ]
     ]
    ]
   },
   "properties": {
    "h3_cell": "89441304a67ffff",
    "n_samples": 8,
    "labels": {
     "svi_sample": 8
    },
    "uncertainty": {
     "content": "sample density only; severity labels intentionally not joined (no verifiable key) — candor over coverage"
    }
   }
  },
  {
   "type": "Feature",
   "geometry": {
    "type": "Polygon",
    "coordinates": [
     [
      [
       -81.9666342681673,
       26.48215084049301
      ],
      [
       -81.96532066335548,
       26.48344507580767
      ],
      [
       -81.96580662059324,
       26.485201094678228
      ],
      [
       -81.96760624813452,
       26.485662902087714
      ],
      [
       -81.96891989381207,
       26.484368644780496
      ],
      [
       -81.9684338710827,
       26.48261260205677
      ],
      [
       -81.9666342681673,
       26.48215084049301
      ]
     ]
    ]
   },
   "properties": {
    "h3_cell": "8944130501bffff",
    "n_samples": 6,
    "labels": {
     "svi_sample": 6
    },
    "uncertainty": {
     "content": "sample density only; severity labels intentionally not joined (no verifiable key) — candor over coverage"
    }
   }
  },
  {
   "type": "Feature",
   "geometry": {
    "type": "Polygon",
    "coordinates": [
     [
      [
       -81.97183641490322,
       26.494905130041733
      ],
      [
       -81.97052262768675,
       26.49619934847547
      ],
      [
       -81.97100875507131,
       26.49795546098638
      ],
      [
       -81.97280873518147,
       26.49841737891674
      ],
      [
       -81.97412256326542,
       26.49712313850014
      ],
      [
       -81.97363637037182,
       26.495367002136447
      ],
      [
       -81.97183641490322,
       26.494905130041733
      ]
     ]
    ]
   },
   "properties": {
    "h3_cell": "8944130502fffff",
    "n_samples": 4,
    "labels": {
     "svi_sample": 4
    },
    "uncertainty": {
     "content": "sample density only; severity labels intentionally not joined (no verifiable key) — candor over coverage"
    }
   }
  },
  {
   "type": "Feature",
   "geometry": {
    "type": "Polygon",
    "coordinates": [
     [
      [
       -81.97640887298293,
       26.499341181465468
      ],
      [
       -81.97509500403318,
       26.50063544386445
      ],
      [
       -81.97558125190926,
       26.502391612857902
      ],
      [
       -81.97738143425167,
       26.50285354330125
      ],
      [
       -81.97869534406553,
       26.50155925892037
      ],
      [
       -81.97820903067297,
       26.499803066078442
      ],
      [
       -81.97640887298293,
       26.499341181465468
      ]
     ]
    ]
   },
   "properties": {
    "h3_cell": "89441305143ffff",
    "n_samples": 5,
    "labels": {
     "svi_sample": 5
    },
    "uncertainty": {
     "content": "sample density only; severity labels intentionally not joined (no verifiable key) — candor over coverage"
    }
   }
  },
  {
   "type": "Feature",
   "geometry": {
    "type": "Polygon",
    "coordinates": [
     [
      [
       -81.97869534406553,
       26.50155925892037
      ],
      [
       -81.97738143425167,
       26.50285354330125
      ],
      [
       -81.97786774238213,
       26.5046097405226
      ],
      [
       -81.97966802584675,
       26.505071677209788
      ],
      [
       -81.98098197652305,
       26.503777370847523
      ],
      [
       -81.98049560287237,
       26.50202114977985
      ],
      [
       -81.97869534406553,
       26.50155925892037
      ]
     ]
    ]
   },
   "properties": {
    "h3_cell": "89441305147ffff",
    "n_samples": 11,
    "labels": {
     "svi_sample": 11
    },
    "uncertainty": {
     "content": "sample density only; severity labels intentionally not joined (no verifiable key) — candor over coverage"
    }
   }
  },
  {
   "type": "Feature",
   "geometry": {
    "type": "Polygon",
    "coordinates": [
     [
      [
       -81.97558125190926,
       26.502391612857902
      ],
      [
       -81.97426735304529,
       26.50368583380702
      ],
      [
       -81.97475359565615,
       26.505442007176836
      ],
      [
       -81.97655380265067,
       26.50590398344949
      ],
      [
       -81.97786774238213,
       26.5046097405226
      ],
      [
       -81.97738143425167,
       26.50285354330125
      ],
      [
       -81.97558125190926,
       26.502391612857902
      ]
     ]
    ]
   },
   "properties": {
    "h3_cell": "8944130514fffff",
    "n_samples": 1,
    "labels": {
     "svi_sample": 1
    },
    "uncertainty": {
     "content": "sample density only; severity labels intentionally not joined (no verifiable key) — candor over coverage"
    }
   }
  },
  {
   "type": "Feature",
   "geometry": {
    "type": "Polygon",
    "coordinates": [
     [
      [
       -81.97786774238213,
       26.5046097405226
      ],
      [
       -81.97655380265067,
       26.50590398344949
      ],
      [
       -81.9770401055179,
       26.507660185040464
      ],
      [
       -81.97884041364006,
       26.50812216755431
      ],
      [
       -81.98015439423735,
       26.506827902650116
      ],
      [
       -81.97966802584675,
       26.505071677209788
      ],
      [
       -81.97786774238213,
       26.5046097405226
      ]
     ]
    ]
   },
   "properties": {
    "h3_cell": "8944130517bffff",
    "n_samples": 7,
    "labels": {
     "svi_sample": 7
    },
    "uncertainty": {
     "content": "sample density only; severity labels intentionally not joined (no verifiable key) — candor over coverage"
    }
   }
  },
  {
   "type": "Feature",
   "geometry": {
    "type": "Polygon",
    "coordinates": [
     [
      [
       -81.95563947935022,
       26.490747782055468
      ],
      [
       -81.95432584771042,
       26.492041744304345
      ],
      [
       -81.9548115979109,
       26.49379770041562
      ],
      [
       -81.95661104524731,
       26.4942597181533
      ],
      [
       -81.95792471777487,
       26.492965733930905
      ],
      [
       -81.95743890207837,
       26.491209753944773
      ],
      [
       -81.95563947935022,
       26.490747782055468
      ]
     ]
    ]
   },
   "properties": {
    "h3_cell": "894413052a3ffff",
    "n_samples": 4,
    "labels": {
     "svi_sample": 4
    },
    "uncertainty": {
     "content": "sample density only; severity labels intentionally not joined (no verifiable key) — candor over coverage"
    }
   }
  },
  {
   "type": "Feature",
   "geometry": {
    "type": "Polygon",
    "coordinates": [
     [
      [
       -81.95792471777487,
       26.492965733930905
      ],
      [
       -81.95661104524731,
       26.4942597181533
      ],
      [
       -81.95709685566227,
       26.496015702543495
      ],
      [
       -81.9588964041046,
       26.49647772658443
      ],
      [
       -81.96021011751827,
       26.495183720389026
      ],
      [
       -81.95972424160357,
       26.49342771212612
      ],
      [
       -81.95792471777487,
       26.492965733930905
      ]
     ]
    ]
   },
   "properties": {
    "h3_cell": "894413052a7ffff",
    "n_samples": 8,
    "labels": {
     "svi_sample": 8
    },
    "uncertainty": {
     "content": "sample density only; severity labels intentionally not joined (no verifiable key) — candor over coverage"
    }
   }
  },
  {
   "type": "Feature",
   "geometry": {
    "type": "Polygon",
    "coordinates": [
     [
      [
       -81.95252650147594,
       26.491579732878353
      ],
      [
       -81.95121288083945,
       26.492873631714115
      ],
      [
       -81.95169856554458,
       26.494629563945335
      ],
      [
       -81.95349793638162,
       26.495091621221274
      ],
      [
       -81.9548115979109,
       26.49379770041562
      ],
      [
       -81.95432584771042,
       26.492041744304345
      ],
      [
       -81.95252650147594,
       26.491579732878353
      ]
     ]
    ]
   },
   "properties": {
    "h3_cell": "894413052abffff",
    "n_samples": 1,
    "labels": {
     "svi_sample": 1
    },
    "uncertainty": {
     "content": "sample density only; severity labels intentionally not joined (no verifiable key) — candor over coverage"
    }
   }
  },
  {
   "type": "Feature",
   "geometry": {
    "type": "Polygon",
    "coordinates": [
     [
      [
       -81.9548115979109,
       26.49379770041562
      ],
      [
       -81.95349793638162,
       26.495091621221274
      ],
      [
       -81.95398368129746,
       26.496847581733565
      ],
      [
       -81.95578315324181,
       26.497309645318534
      ],
      [
       -81.95709685566227,
       26.496015702543495
      ],
      [
       -81.95661104524731,
       26.4942597181533
      ],
      [
       -81.9548115979109,
       26.49379770041562
      ]
     ]
    ]
   },
   "properties": {
    "h3_cell": "894413052afffff",
    "n_samples": 3,
    "labels": {
     "svi_sample": 3
    },
    "uncertainty": {
     "content": "sample density only; severity labels intentionally not joined (no verifiable key) — candor over coverage"
    }
   }
  },
  {
   "type": "Feature",
   "geometry": {
    "type": "Polygon",
    "coordinates": [
     [
      [
       -81.96312575764507,
       26.50571999852531
      ],
      [
       -81.96181190265737,
       26.50701396573719
      ],
      [
       -81.96229788319599,
       26.508770043648934
      ],
      [
       -81.96409778423953,
       26.509232178221524
      ],
      [
       -81.96541168011504,
       26.50793818904631
      ],
      [
       -81.9649256340593,
       26.50618208726225
      ],
      [
       -81.96312575764507,
       26.50571999852531
      ]
     ]
    ]
   },
   "properties": {
    "h3_cell": "89441305303ffff",
    "n_samples": 2,
    "labels": {
     "svi_sample": 2
    },
    "uncertainty": {
     "content": "sample density only; severity labels intentionally not joined (no verifiable key) — candor over coverage"
    }
   }
  },
  {
   "type": "Feature",
   "geometry": {
    "type": "Polygon",
    "coordinates": [
     [
      [
       -81.96541168011504,
       26.50793818904631
      ],
      [
       -81.96409778423953,
       26.509232178221524
      ],
      [
       -81.96458382501963,
       26.510988284363044
      ],
      [
       -81.96638382719621,
       26.51145042519993
      ],
      [
       -81.96769776395787,
       26.51015641406188
      ],
      [
       -81.9672116576569,
       26.50840028405019
      ],
      [
       -81.96541168011504,
       26.50793818904631
      ]
     ]
    ]
   },
   "properties": {
    "h3_cell": "89441305307ffff",
    "n_samples": 10,
    "labels": {
     "svi_sample": 10
    },
    "uncertainty": {
     "content": "sample density only; severity labels intentionally not joined (no verifiable key) — candor over coverage"
    }
   }
  },
  {
   "type": "Feature",
   "geometry": {
    "type": "Polygon",
    "coordinates": [
     [
      [
       -81.96229788319599,
       26.508770043648934
      ],
      [
       -81.9609839983036,
       26.51006396938368
      ],
      [
       -81.96146997356347,
       26.511820051649845
      ],
      [
       -81.96326989923604,
       26.512282232057018
      ],
      [
       -81.96458382501963,
       26.510988284363044
      ],
      [
       -81.96409778423953,
       26.509232178221524
      ],
      [
       -81.96229788319599,
       26.508770043648934
      ]
     ]
    ]
   },
   "properties": {
    "h3_cell": "8944130530fffff",
    "n_samples": 6,
    "labels": {
     "svi_sample": 6
    },
    "uncertainty": {
     "content": "sample density only; severity labels intentionally not joined (no verifiable key) — candor over coverage"
    }
   }
  },
  {
   "type": "Feature",
   "geometry": {
    "type": "Polygon",
    "coordinates": [
     [
      [
       -81.96458382501963,
       26.510988284363044
      ],
      [
       -81.96326989923604,
       26.512282232057018
      ],
      [
       -81.96375593473941,
       26.514038342546197
      ],
      [
       -81.96555596155045,
       26.51450052921502
      ],
      [
       -81.96686992822355,
       26.513206559562317
      ],
      [
       -81.96638382719621,
       26.51145042519993
      ],
      [
       -81.96458382501963,
       26.510988284363044
      ]
     ]
    ]
   },
   "properties": {
    "h3_cell": "8944130533bffff",
    "n_samples": 7,
    "labels": {
     "svi_sample": 7
    },
    "uncertainty": {
     "content": "sample density only; severity labels intentionally not joined (no verifiable key) — candor over coverage"
    }
   }
  },
  {
   "type": "Feature",
   "geometry": {
    "type": "Polygon",
    "coordinates": [
     [
      [
       -81.95378505543776,
       26.508215206277736
      ],
      [
       -81.9524712334377,
       26.509508983176058
      ],
      [
       -81.95295701742864,
       26.51126498943963
      ],
      [
       -81.95475668893499,
       26.511727242693212
      ],
      [
       -81.95607055183811,
       26.51043344384242
      ],
      [
       -81.95558470233188,
       26.508677413690926
      ],
      [
       -81.95378505543776,
       26.508215206277736
      ]
     ]
    ]
   },
   "properties": {
    "h3_cell": "8944130534fffff",
    "n_samples": 6,
    "labels": {
     "svi_sample": 6
    },
    "uncertainty": {
     "content": "sample density only; severity labels intentionally not joined (no verifiable key) — candor over coverage"
    }
   }
  },
  {
   "type": "Feature",
   "geometry": {
    "type": "Polygon",
    "coordinates": [
     [
      [
       -81.96872274868663,
       26.49573743681422
      ],
      [
       -81.96740897243532,
       26.497031591827035
      ],
      [
       -81.96789503431145,
       26.498787680479943
      ],
      [
       -81.96969493794744,
       26.49924963797845
      ],
      [
       -81.97100875507131,
       26.49795546098638
      ],
      [
       -81.97052262768675,
       26.49619934847547
      ],
      [
       -81.96872274868663,
       26.49573743681422
      ]
     ]
    ]
   },
   "properties": {
    "h3_cell": "89441305393ffff",
    "n_samples": 5,
    "labels": {
     "svi_sample": 5
    },
    "uncertainty": {
     "content": "sample density only; severity labels intentionally not joined (no verifiable key) — candor over coverage"
    }
   }
  },
  {
   "type": "Feature",
   "geometry": {
    "type": "Polygon",
    "coordinates": [
     [
      [
       -81.97163953635985,
       26.506274170813438
      ],
      [
       -81.97032561854103,
       26.507568286866526
      ],
      [
       -81.97081179036347,
       26.509324440743185
      ],
      [
       -81.97261194552694,
       26.509786502426916
      ],
      [
       -81.97392590422173,
       26.508492364403764
      ],
      [
       -81.97343966687718,
       26.506736186667332
      ],
      [
       -81.97163953635985,
       26.506274170813438
      ]
     ]
    ]
   },
   "properties": {
    "h3_cell": "894413053a3ffff",
    "n_samples": 4,
    "labels": {
     "svi_sample": 4
    },
    "uncertainty": {
     "content": "sample density only; severity labels intentionally not joined (no verifiable key) — candor over coverage"
    }
   }
  },
  {
   "type": "Feature",
   "geometry": {
    "type": "Polygon",
    "coordinates": [
     [
      [
       -81.97392590422173,
       26.508492364403764
      ],
      [
       -81.97261194552694,
       26.509786502426916
      ],
      [
       -81.97309817760407,
       26.511542684520116
      ],
      [
       -81.97489843390193,
       26.512004752448174
      ],
      [
       -81.97621243347102,
       26.510710592455446
      ],
      [
       -81.97572613586804,
       26.50895438650464
      ],
      [
       -81.97392590422173,
       26.508492364403764
      ]
     ]
    ]
   },
   "properties": {
    "h3_cell": "894413053a7ffff",
    "n_samples": 13,
    "labels": {
     "svi_sample": 13
    },
    "uncertainty": {
     "content": "sample density only; severity labels intentionally not joined (no verifiable key) — candor over coverage"
    }
   }
  },
  {
   "type": "Feature",
   "geometry": {
    "type": "Polygon",
    "coordinates": [
     [
      [
       -81.96852556450791,
       26.507106231435532
      ],
      [
       -81.9672116576569,
       26.50840028405019
      ],
      [
       -81.96769776395787,
       26.51015641406188
      ],
      [
       -81.9694978426314,
       26.51061851532428
      ],
      [
       -81.97081179036347,
       26.509324440743185
      ],
      [
       -81.97032561854103,
       26.507568286866526
      ],
      [
       -81.96852556450791,
       26.507106231435532
      ]
     ]
    ]
   },
   "properties": {
    "h3_cell": "894413053abffff",
    "n_samples": 5,
    "labels": {
     "svi_sample": 5
    },
    "uncertainty": {
     "content": "sample density only; severity labels intentionally not joined (no verifiable key) — candor over coverage"
    }
   }
  },
  {
   "type": "Feature",
   "geometry": {
    "type": "Polygon",
    "coordinates": [
     [
      [
       -81.99446176814844,
       26.486025120134837
      ],
      [
       -81.99314793431527,
       26.487319823886853
      ],
      [
       -81.99363452552238,
       26.48907609883701
      ],
      [
       -81.99543501607296,
       26.489537693848863
      ],
      [
       -81.99674889073465,
       26.48824296808458
      ],
      [
       -81.99626223401734,
       26.486486669321117
      ],
      [
       -81.99446176814844,
       26.486025120134837
      ]
     ]
    ]
   },
   "properties": {
    "h3_cell": "89441305523ffff",
    "n_samples": 2,
    "labels": {
     "svi_sample": 2
    },
    "uncertainty": {
     "content": "sample density only; severity labels intentionally not joined (no verifiable key) — candor over coverage"
    }
   }
  },
  {
   "type": "Feature",
   "geometry": {
    "type": "Polygon",
    "coordinates": [
     [
      [
       -81.9913475448598,
       26.486858235106364
      ],
      [
       -81.99003372193555,
       26.488152875449273
      ],
      [
       -81.99052024763306,
       26.489909126580912
      ],
      [
       -81.99232066176452,
       26.490370761188565
      ],
      [
       -81.99363452552238,
       26.48907609883701
      ],
      [
       -81.99314793431527,
       26.487319823886853
      ],
      [
       -81.9913475448598,
       26.486858235106364
      ]
     ]
    ]
   },
   "properties": {
    "h3_cell": "8944130552bffff",
    "n_samples": 4,
    "labels": {
     "svi_sample": 4
    },
    "uncertainty": {
     "content": "sample density only; severity labels intentionally not joined (no verifiable key) — candor over coverage"
    }
   }
  },
  {
   "type": "Feature",
   "geometry": {
    "type": "Polygon",
    "coordinates": [
     [
      [
       -81.99363452552238,
       26.48907609883701
      ],
      [
       -81.99232066176452,
       26.490370761188565
      ],
      [
       -81.99280724772522,
       26.49212704055972
      ],
      [
       -81.99460776295723,
       26.492588681396093
      ],
      [
       -81.995921667547,
       26.491293997036376
      ],
      [
       -81.99543501607296,
       26.489537693848863
      ],
      [
       -81.99363452552238,
       26.48907609883701
      ]
     ]
    ]
   },
   "properties": {
    "h3_cell": "8944130552fffff",
    "n_samples": 3,
    "labels": {
     "svi_sample": 3
    },
    "uncertainty": {
     "content": "sample density only; severity labels intentionally not joined (no verifiable key) — candor over coverage"
    }
   }
  },
  {
   "type": "Feature",
   "geometry": {
    "type": "Polygon",
    "coordinates": [
     [
      [
       -81.99217480691684,
       26.48380730666324
      ],
      [
       -81.99086101391387,
       26.485101988402494
      ],
      [
       -81.9913475448598,
       26.486858235106364
      ],
      [
       -81.99314793431527,
       26.487319823886853
      ],
      [
       -81.99446176814844,
       26.486025120134837
      ],
      [
       -81.99397517169602,
       26.484268849615493
      ],
      [
       -81.99217480691684,
       26.48380730666324
      ]
     ]
    ]
   },
   "properties": {
    "h3_cell": "8944130553bffff",
    "n_samples": 6,
    "labels": {
     "svi_sample": 6
    },
    "uncertainty": {
     "content": "sample density only; severity labels intentionally not joined (no verifiable key) — candor over coverage"
    }
   }
  },
  {
   "type": "Feature",
   "geometry": {
    "type": "Polygon",
    "coordinates": [
     [
      [
       -82.01491539171846,
       26.559798274084443
      ],
      [
       -82.0136005667561,
       26.56109270475717
      ],
      [
       -82.01408792907125,
       26.562849433894833
      ],
      [
       -82.01589018195476,
       26.563311756185676
      ],
      [
       -82.01720504776932,
       26.562017303565
      ],
      [
       -82.01671761984827,
       26.56026055060183
      ],
      [
       -82.01491539171846,
       26.559798274084443
      ]
     ]
    ]
   },
   "properties": {
    "h3_cell": "89441305923ffff",
    "n_samples": 3,
    "labels": {
     "svi_sample": 3
    },
    "uncertainty": {
     "content": "sample density only; severity labels intentionally not joined (no verifiable key) — candor over coverage"
    }
   }
  },
  {
   "type": "Feature",
   "geometry": {
    "type": "Polygon",
    "coordinates": [
     [
      [
       -82.01720504776932,
       26.562017303565
      ],
      [
       -82.01589018195476,
       26.563311756185676
      ],
      [
       -82.01637760464565,
       26.565068513340943
      ],
      [
       -82.01817995876085,
       26.565530841699264
      ],
      [
       -82.01949486542593,
       26.56423636713112
      ],
      [
       -82.01900737712539,
       26.562479586152545
      ],
      [
       -82.01720504776932,
       26.562017303565
      ]
     ]
    ]
   },
   "properties": {
    "h3_cell": "89441305927ffff",
    "n_samples": 2,
    "labels": {
     "svi_sample": 2
    },
    "uncertainty": {
     "content": "sample density only; severity labels intentionally not joined (no verifiable key) — candor over coverage"
    }
   }
  },
  {
   "type": "Feature",
   "geometry": {
    "type": "Polygon",
    "coordinates": [
     [
      [
       -82.01803245567667,
       26.55896605640551
      ],
      [
       -82.01671761984827,
       26.56026055060183
      ],
      [
       -82.01720504776932,
       26.562017303565
      ],
      [
       -82.01900737712539,
       26.562479586152545
      ],
      [
       -82.0203222538009,
       26.561185070004665
      ],
      [
       -82.01983476027333,
       26.559428293221213
      ],
      [
       -82.01803245567667,
       26.55896605640551
      ]
     ]
    ]
   },
   "properties": {
    "h3_cell": "89441305937ffff",
    "n_samples": 6,
    "labels": {
     "svi_sample": 6
    },
    "uncertainty": {
     "content": "sample density only; severity labels intentionally not joined (no verifiable key) — candor over coverage"
    }
   }
  },
  {
   "type": "Feature",
   "geometry": {
    "type": "Polygon",
    "coordinates": [
     [
      [
       -81.98000158628061,
       26.560626277775
      ],
      [
       -81.97868698216317,
       26.56192007094067
      ],
      [
       -81.97917357306011,
       26.56367650124922
      ],
      [
       -81.98097483366382,
       26.56413916227137
      ],
      [
       -81.98228947868444,
       26.562845347188805
      ],
      [
       -81.98180282219823,
       26.561088893001386
      ],
      [
       -81.98000158628061,
       26.560626277775
      ]
     ]
    ]
   },
   "properties": {
    "h3_cell": "89441305b4fffff",
    "n_samples": 8,
    "labels": {
     "svi_sample": 8
    },
    "uncertainty": {
     "content": "sample density only; severity labels intentionally not joined (no verifiable key) — candor over coverage"
    }
   }
  },
  {
   "type": "Feature",
   "geometry": {
    "type": "Polygon",
    "coordinates": [
     [
      [
       -81.9816575070766,
       26.554525718618137
      ],
      [
       -81.98034296285695,
       26.5558195949768
      ],
      [
       -81.98082956428546,
       26.557576016891783
      ],
      [
       -81.98263077551675,
       26.558038586321334
      ],
      [
       -81.98394536063279,
       26.55674468803756
      ],
      [
       -81.98345869362124,
       26.554988242249756
      ],
      [
       -81.9816575070766,
       26.554525718618137
      ]
     ]
    ]
   },
   "properties": {
    "h3_cell": "89441305b53ffff",
    "n_samples": 5,
    "labels": {
     "svi_sample": 5
    },
    "uncertainty": {
     "content": "sample density only; severity labels intentionally not joined (no verifiable key) — candor over coverage"
    }
   }
  },
  {
   "type": "Feature",
   "geometry": {
    "type": "Polygon",
    "coordinates": [
     [
      [
       -81.9824854146559,
       26.55147538297254
      ],
      [
       -81.98117090038394,
       26.55276930091462
      ],
      [
       -81.9816575070766,
       26.554525718618137
      ],
      [
       -81.98345869362124,
       26.554988242249756
      ],
      [
       -81.98477324878621,
       26.55369430237848
      ],
      [
       -81.98428657651363,
       26.551937860805182
      ],
      [
       -81.9824854146559,
       26.55147538297254
      ]
     ]
    ]
   },
   "properties": {
    "h3_cell": "89441305bcbffff",
    "n_samples": 3,
    "labels": {
     "svi_sample": 3
    },
    "uncertainty": {
     "content": "sample density only; severity labels intentionally not joined (no verifiable key) — candor over coverage"
    }
   }
  },
  {
   "type": "Feature",
   "geometry": {
    "type": "Polygon",
    "coordinates": [
     [
      [
       -81.98642891946108,
       26.54759341898602
      ],
      [
       -81.98511442419581,
       26.548887442006134
      ],
      [
       -81.98560110172835,
       26.550643879355125
      ],
      [
       -81.98740234010366,
       26.55110631754597
      ],
      [
       -81.98871687625342,
       26.54981227258894
      ],
      [
       -81.98823013314346,
       26.548055811378394
      ],
      [
       -81.98642891946108,
       26.54759341898602
      ]
     ]
    ]
   },
   "properties": {
    "h3_cell": "89441305bd3ffff",
    "n_samples": 4,
    "labels": {
     "svi_sample": 4
    },
    "uncertainty": {
     "content": "sample density only; severity labels intentionally not joined (no verifiable key) — candor over coverage"
    }
   }
  },
  {
   "type": "Feature",
   "geometry": {
    "type": "Polygon",
    "coordinates": [
     [
      [
       -81.98331328702531,
       26.548425009973545
      ],
      [
       -81.9819988027002,
       26.5497189694903
      ],
      [
       -81.9824854146559,
       26.55147538297254
      ],
      [
       -81.98428657651363,
       26.551937860805182
      ],
      [
       -81.98560110172835,
       26.550643879355125
      ],
      [
       -81.98511442419581,
       26.548887442006134
      ],
      [
       -81.98331328702531,
       26.548425009973545
      ]
     ]
    ]
   },
   "properties": {
    "h3_cell": "89441305bdbffff",
    "n_samples": 4,
    "labels": {
     "svi_sample": 4
    },
    "uncertainty": {
     "content": "sample density only; severity labels intentionally not joined (no verifiable key) — candor over coverage"
    }
   }
  },
  {
   "type": "Feature",
   "geometry": {
    "type": "Polygon",
    "coordinates": [
     [
      [
       -81.97621243347102,
       26.510710592455446
      ],
      [
       -81.97489843390193,
       26.512004752448174
      ],
      [
       -81.97538472623951,
       26.513760962749004
      ],
      [
       -81.97718508367582,
       26.514223036912952
      ],
      [
       -81.9784991241175,
       26.512928854951138
      ],
      [
       -81.97801276625039,
       26.511172620794873
      ],
      [
       -81.97621243347102,
       26.510710592455446
      ]
     ]
    ]
   },
   "properties": {
    "h3_cell": "89441305ed3ffff",
    "n_samples": 5,
    "labels": {
     "svi_sample": 5
    },
    "uncertainty": {
     "content": "sample density only; severity labels intentionally not joined (no verifiable key) — candor over coverage"
    }
   }
  },
  {
   "type": "Feature",
   "geometry": {
    "type": "Polygon",
    "coordinates": [
     [
      [
       -81.97309817760407,
       26.511542684520116
      ],
      [
       -81.97178418899264,
       26.512836781067175
      ],
      [
       -81.97227041580129,
       26.51459296750736
      ],
      [
       -81.97407069675039,
       26.51505508126153
      ],
      [
       -81.97538472623951,
       26.513760962749004
      ],
      [
       -81.97489843390193,
       26.512004752448174
      ],
      [
       -81.97309817760407,
       26.511542684520116
      ]
     ]
    ]
   },
   "properties": {
    "h3_cell": "89441305edbffff",
    "n_samples": 5,
    "labels": {
     "svi_sample": 5
    },
    "uncertainty": {
     "content": "sample density only; severity labels intentionally not joined (no verifiable key) — candor over coverage"
    }
   }
  },
  {
   "type": "Feature",
   "geometry": {
    "type": "Polygon",
    "coordinates": [
     [
      [
       -82.06190868658842,
       26.439647991542472
      ],
      [
       -82.06059494663602,
       26.44094431250818
      ],
      [
       -82.06108283445192,
       26.442700993690817
      ],
      [
       -82.06288452771065,
       26.443161377591885
      ],
      [
       -82.06419830836083,
       26.441865034504353
      ],
      [
       -82.06371035505457,
       26.440108329638
      ],
      [
       -82.06190868658842,
       26.439647991542472
      ]
     ]
    ]
   },
   "properties": {
    "h3_cell": "89441306003ffff",
    "n_samples": 42,
    "labels": {
     "svi_sample": 42
    },
    "uncertainty": {
     "content": "sample density only; severity labels intentionally not joined (no verifiable key) — candor over coverage"
    }
   }
  },
  {
   "type": "Feature",
   "geometry": {
    "type": "Polygon",
    "coordinates": [
     [
      [
       -82.06419830836083,
       26.441865034504353
      ],
      [
       -82.06288452771065,
       26.443161377591885
      ],
      [
       -82.06337247584366,
       26.444918087038367
      ],
      [
       -82.06517427012096,
       26.445378477079252
      ],
      [
       -82.06648809146716,
       26.44408211187039
      ],
      [
       -82.06600007784013,
       26.44232537874238
      ],
      [
       -82.06419830836083,
       26.441865034504353
      ]
     ]
    ]
   },
   "properties": {
    "h3_cell": "89441306007ffff",
    "n_samples": 30,
    "labels": {
     "svi_sample": 30
    },
    "uncertainty": {
     "content": "sample density only; severity labels intentionally not joined (no verifiable key) — candor over coverage"
    }
   }
  },
  {
   "type": "Feature",
   "geometry": {
    "type": "Polygon",
    "coordinates": [
     [
      [
       -82.05879335439182,
       26.440483934755395
      ],
      [
       -82.05747962517675,
       26.441780192378527
      ],
      [
       -82.0579674475029,
       26.443536849872256
      ],
      [
       -82.05976906453398,
       26.44399727343218
      ],
      [
       -82.06108283445192,
       26.442700993690817
      ],
      [
       -82.06059494663602,
       26.44094431250818
      ],
      [
       -82.05879335439182,
       26.440483934755395
      ]
     ]
    ]
   },
   "properties": {
    "h3_cell": "8944130600bffff",
    "n_samples": 44,
    "labels": {
     "svi_sample": 44
    },
    "uncertainty": {
     "content": "sample density only; severity labels intentionally not joined (no verifiable key) — candor over coverage"
    }
   }
  },
  {
   "type": "Feature",
   "geometry": {
    "type": "Polygon",
    "coordinates": [
     [
      [
       -82.06108283445192,
       26.442700993690817
      ],
      [
       -82.05976906453398,
       26.44399727343218
      ],
      [
       -82.06025694717353,
       26.445753959191915
      ],
      [
       -82.06205866522457,
       26.44621438889745
      ],
      [
       -82.06337247584366,
       26.444918087038367
      ],
      [
       -82.06288452771065,
       26.443161377591885
      ],
      [
       -82.06108283445192,
       26.442700993690817
      ]
     ]
    ]
   },
   "properties": {
    "h3_cell": "8944130600fffff",
    "n_samples": 42,
    "labels": {
     "svi_sample": 42
    },
    "uncertainty": {
     "content": "sample density only; severity labels intentionally not joined (no verifiable key) — candor over coverage"
    }
   }
  },
  {
   "type": "Feature",
   "geometry": {
    "type": "Polygon",
    "coordinates": [
     [
      [
       -82.06273450358492,
       26.43659495276546
      ],
      [
       -82.06142079359724,
       26.43789131494673
      ],
      [
       -82.06190868658842,
       26.439647991542472
      ],
      [
       -82.06371035505457,
       26.440108329638
      ],
      [
       -82.06502410573663,
       26.4388119453308
      ],
      [
       -82.06453614725824,
       26.437055245054413
      ],
      [
       -82.06273450358492,
       26.43659495276546
      ]
     ]
    ]
   },
   "properties": {
    "h3_cell": "89441306013ffff",
    "n_samples": 17,
    "labels": {
     "svi_sample": 17
    },
    "uncertainty": {
     "content": "sample density only; severity labels intentionally not joined (no verifiable key) — candor over coverage"
    }
   }
  },
  {
   "type": "Feature",
   "geometry": {
    "type": "Polygon",
    "coordinates": [
     [
      [
       -82.06502410573663,
       26.4388119453308
      ],
      [
       -82.06371035505457,
       26.440108329638
      ],
      [
       -82.06419830836083,
       26.441865034504353
      ],
      [
       -82.06600007784013,
       26.44232537874238
      ],
      [
       -82.06731386921483,
       26.441028972309745
      ],
      [
       -82.06682585041766,
       26.43927224376493
      ],
      [
       -82.06502410573663,
       26.4388119453308
      ]
     ]
    ]
   },
   "properties": {
    "h3_cell": "89441306017ffff",
    "n_samples": 52,
    "labels": {
     "svi_sample": 52
    },
    "uncertainty": {
     "content": "sample density only; severity labels intentionally not joined (no verifiable key) — candor over coverage"
    }
   }
  },
  {
   "type": "Feature",
   "geometry": {
    "type": "Polygon",
    "coordinates": [
     [
      [
       -82.06648809146716,
       26.44408211187039
      ],
      [
       -82.06517427012096,
       26.445378477079252
      ],
      [
       -82.0656622785768,
       26.44713521478064
      ],
      [
       -82.06746417387667,
       26.447595610952934
      ],
      [
       -82.0687780359172,
       26.44629922362322
      ],
      [
       -82.06828996196363,
       26.44454246224248
      ],
      [
       -82.06648809146716,
       26.44408211187039
      ]
     ]
    ]
   },
   "properties": {
    "h3_cell": "89441306033ffff",
    "n_samples": 10,
    "labels": {
     "svi_sample": 10
    },
    "uncertainty": {
     "content": "sample density only; severity labels intentionally not joined (no verifiable key) — candor over coverage"
    }
   }
  },
  {
   "type": "Feature",
   "geometry": {
    "type": "Polygon",
    "coordinates": [
     [
      [
       -82.06337247584366,
       26.444918087038367
      ],
      [
       -82.06205866522457,
       26.44621438889745
      ],
      [
       -82.06254660818325,
       26.447971102914252
      ],
      [
       -82.06434842725828,
       26.448431538756964
      ],
      [
       -82.0656622785768,
       26.44713521478064
      ],
      [
       -82.06517427012096,
       26.445378477079252
      ],
      [
       -82.06337247584366,
       26.444918087038367
      ]
     ]
    ]
   },
   "properties": {
    "h3_cell": "8944130603bffff",
    "n_samples": 16,
    "labels": {
     "svi_sample": 16
    },
    "uncertainty": {
     "content": "sample density only; severity labels intentionally not joined (no verifiable key) — candor over coverage"
    }
   }
  },
  {
   "type": "Feature",
   "geometry": {
    "type": "Polygon",
    "coordinates": [
     [
      [
       -82.05338893214001,
       26.43910273451042
      ],
      [
       -82.05207525437964,
       26.440398906674805
      ],
      [
       -82.05256295091264,
       26.442155512197292
      ],
      [
       -82.05436439069159,
       26.442615969252127
      ],
      [
       -82.05567810916165,
       26.441319774972637
      ],
      [
       -82.05519034714318,
       26.439563145753834
      ],
      [
       -82.05338893214001,
       26.43910273451042
      ]
     ]
    ]
   },
   "properties": {
    "h3_cell": "89441306043ffff",
    "n_samples": 14,
    "labels": {
     "svi_sample": 14
    },
    "uncertainty": {
     "content": "sample density only; severity labels intentionally not joined (no verifiable key) — candor over coverage"
    }
   }
  },
  {
   "type": "Feature",
   "geometry": {
    "type": "Polygon",
    "coordinates": [
     [
      [
       -82.05567810916165,
       26.441319774972637
      ],
      [
       -82.05436439069159,
       26.442615969252127
      ],
      [
       -82.05485214752856,
       26.444372603051722
      ],
      [
       -82.05665368832486,
       26.444833066266366
      ],
      [
       -82.0579674475029,
       26.443536849872256
      ],
      [
       -82.05747962517675,
       26.441780192378527
      ],
      [
       -82.05567810916165,
       26.441319774972637
      ]
     ]
    ]
   },
   "properties": {
    "h3_cell": "89441306047ffff",
    "n_samples": 41,
    "labels": {
     "svi_sample": 41
    },
    "uncertainty": {
     "content": "sample density only; severity labels intentionally not joined (no verifiable key) — candor over coverage"
    }
   }
  },
  {
   "type": "Feature",
   "geometry": {
    "type": "Polygon",
    "coordinates": [
     [
      [
       -82.05027391561407,
       26.439938455788198
      ],
      [
       -82.0489602486115,
       26.441234564611477
      ],
      [
       -82.04944787965961,
       26.442991146432444
      ],
      [
       -82.05124924319527,
       26.44345164313208
      ],
      [
       -82.05256295091264,
       26.442155512197292
      ],
      [
       -82.05207525437964,
       26.440398906674805
      ],
      [
       -82.05027391561407,
       26.439938455788198
      ]
     ]
    ]
   },
   "properties": {
    "h3_cell": "8944130604bffff",
    "n_samples": 21,
    "labels": {
     "svi_sample": 21
    },
    "uncertainty": {
     "content": "sample density only; severity labels intentionally not joined (no verifiable key) — candor over coverage"
    }
   }
  },
  {
   "type": "Feature",
   "geometry": {
    "type": "Polygon",
    "coordinates": [
     [
      [
       -82.05256295091264,
       26.442155512197292
      ],
      [
       -82.05124924319527,
       26.44345164313208
      ],
      [
       -82.05173693454365,
       26.445208253232305
      ],
      [
       -82.0535383990981,
       26.44566875609751
      ],
      [
       -82.05485214752856,
       26.444372603051722
      ],
      [
       -82.05436439069159,
       26.442615969252127
      ],
      [
       -82.05256295091264,
       26.442155512197292
      ]
     ]
    ]
   },
   "properties": {
    "h3_cell": "8944130604fffff",
    "n_samples": 31,
    "labels": {
     "svi_sample": 31
    },
    "uncertainty": {
     "content": "sample density only; severity labels intentionally not joined (no verifiable key) — candor over coverage"
    }
   }
  },
  {
   "type": "Feature",
   "geometry": {
    "type": "Polygon",
    "coordinates": [
     [
      [
       -82.05421487822763,
       26.436049920190268
      ],
      [
       -82.05290123042349,
       26.43734613357546
      ],
      [
       -82.05338893214001,
       26.43910273451042
      ],
      [
       -82.05519034714318,
       26.439563145753834
      ],
      [
       -82.05650403565365,
       26.43826691024943
      ],
      [
       -82.05601626845475,
       26.436510285621218
      ],
      [
       -82.05421487822763,
       26.436049920190268
      ]
     ]
    ]
   },
   "properties": {
    "h3_cell": "89441306053ffff",
    "n_samples": 8,
    "labels": {
     "svi_sample": 8
    },
    "uncertainty": {
     "content": "sample density only; severity labels intentionally not joined (no verifiable key) — candor over coverage"
    }
   }
  },
  {
   "type": "Feature",
   "geometry": {
    "type": "Polygon",
    "coordinates": [
     [
      [
       -82.05650403565365,
       26.43826691024943
      ],
      [
       -82.05519034714318,
       26.439563145753834
      ],
      [
       -82.05567810916165,
       26.441319774972637
      ],
      [
       -82.05747962517675,
       26.441780192378527
      ],
      [
       -82.05879335439182,
       26.440483934755395
      ],
      [
       -82.05830552688731,
       26.438727281845505
      ],
      [
       -82.05650403565365,
       26.43826691024943
      ]
     ]
    ]
   },
   "properties": {
    "h3_cell": "89441306057ffff",
    "n_samples": 9,
    "labels": {
     "svi_sample": 9
    },
    "uncertainty": {
     "content": "sample density only; severity labels intentionally not joined (no verifiable key) — candor over coverage"
    }
   }
  },
  {
   "type": "Feature",
   "geometry": {
    "type": "Polygon",
    "coordinates": [
     [
      [
       -82.05109991642826,
       26.436885728502947
      ],
      [
       -82.0497862793793,
       26.438181878551717
      ],
      [
       -82.05027391561407,
       26.439938455788198
      ],
      [
       -82.05207525437964,
       26.440398906674805
      ],
      [
       -82.05338893214001,
       26.43910273451042
      ],
      [
       -82.05290123042349,
       26.43734613357546
      ],
      [
       -82.05109991642826,
       26.436885728502947
      ]
     ]
    ]
   },
   "properties": {
    "h3_cell": "8944130605bffff",
    "n_samples": 24,
    "labels": {
     "svi_sample": 24
    },
    "uncertainty": {
     "content": "sample density only; severity labels intentionally not joined (no verifiable key) — candor over coverage"
    }
   }
  },
  {
   "type": "Feature",
   "geometry": {
    "type": "Polygon",
    "coordinates": [
     [
      [
       -82.05714150547155,
       26.446589728334125
      ],
      [
       -82.05582771632973,
       26.44788590349044
      ],
      [
       -82.05631552829585,
       26.44964257012241
      ],
      [
       -82.05811719489986,
       26.4501030852935
      ],
      [
       -82.05943102475135,
       26.448806888027146
      ],
      [
       -82.05894314728923,
       26.44705019770015
      ],
      [
       -82.05714150547155,
       26.446589728334125
      ]
     ]
    ]
   },
   "properties": {
    "h3_cell": "89441306063ffff",
    "n_samples": 7,
    "labels": {
     "svi_sample": 7
    },
    "uncertainty": {
     "content": "sample density only; severity labels intentionally not joined (no verifiable key) — candor over coverage"
    }
   }
  },
  {
   "type": "Feature",
   "geometry": {
    "type": "Polygon",
    "coordinates": [
     [
      [
       -82.05402615075249,
       26.447425394468077
      ],
      [
       -82.05271237236083,
       26.448721506271422
      ],
      [
       -82.05320011883153,
       26.45047814920313
      ],
      [
       -82.05500170918943,
       26.450938704032172
      ],
      [
       -82.05631552829585,
       26.44964257012241
      ],
      [
       -82.05582771632973,
       26.44788590349044
      ],
      [
       -82.05402615075249,
       26.447425394468077
      ]
     ]
    ]
   },
   "properties": {
    "h3_cell": "8944130606bffff",
    "n_samples": 12,
    "labels": {
     "svi_sample": 12
    },
    "uncertainty": {
     "content": "sample density only; severity labels intentionally not joined (no verifiable key) — candor over coverage"
    }
   }
  },
  {
   "type": "Feature",
   "geometry": {
    "type": "Polygon",
    "coordinates": [
     [
      [
       -82.05631552829585,
       26.44964257012241
      ],
      [
       -82.05500170918943,
       26.450938704032172
      ],
      [
       -82.0554895159739,
       26.45269537521853
      ],
      [
       -82.057291207364,
       26.453155936193628
      ],
      [
       -82.05860506718346,
       26.451859780177944
      ],
      [
       -82.05811719489986,
       26.4501030852935
      ],
      [
       -82.05631552829585,
       26.44964257012241
      ]
     ]
    ]
   },
   "properties": {
    "h3_cell": "8944130606fffff",
    "n_samples": 11,
    "labels": {
     "svi_sample": 11
    },
    "uncertainty": {
     "content": "sample density only; severity labels intentionally not joined (no verifiable key) — candor over coverage"
    }
   }
  },
  {
   "type": "Feature",
   "geometry": {
    "type": "Polygon",
    "coordinates": [
     [
      [
       -82.0579674475029,
       26.443536849872256
      ],
      [
       -82.05665368832486,
       26.444833066266366
      ],
      [
       -82.05714150547155,
       26.446589728334125
      ],
      [
       -82.05894314728923,
       26.44705019770015
      ],
      [
       -82.06025694717353,
       26.445753959191915
      ],
      [
       -82.05976906453398,
       26.44399727343218
      ],
      [
       -82.0579674475029,
       26.443536849872256
      ]
     ]
    ]
   },
   "properties": {
    "h3_cell": "89441306073ffff",
    "n_samples": 31,
    "labels": {
     "svi_sample": 31
    },
    "uncertainty": {
     "content": "sample density only; severity labels intentionally not joined (no verifiable key) — candor over coverage"
    }
   }
  },
  {
   "type": "Feature",
   "geometry": {
    "type": "Polygon",
    "coordinates": [
     [
      [
       -82.06025694717353,
       26.445753959191915
      ],
      [
       -82.05894314728923,
       26.44705019770015
      ],
      [
       -82.05943102475135,
       26.448806888027146
      ],
      [
       -82.06123276759443,
       26.44926736353612
      ],
      [
       -82.06254660818325,
       26.447971102914252
      ],
      [
       -82.06205866522457,
       26.44621438889745
      ],
      [
       -82.06025694717353,
       26.445753959191915
      ]
     ]
    ]
   },
   "properties": {
    "h3_cell": "89441306077ffff",
    "n_samples": 7,
    "labels": {
     "svi_sample": 7
    },
    "uncertainty": {
     "content": "sample density only; severity labels intentionally not joined (no verifiable key) — candor over coverage"
    }
   }
  },
  {
   "type": "Feature",
   "geometry": {
    "type": "Polygon",
    "coordinates": [
     [
      [
       -82.05485214752856,
       26.444372603051722
      ],
      [
       -82.0535383990981,
       26.44566875609751
      ],
      [
       -82.05402615075249,
       26.447425394468077
      ],
      [
       -82.05582771632973,
       26.44788590349044
      ],
      [
       -82.05714150547155,
       26.446589728334125
      ],
      [
       -82.05665368832486,
       26.444833066266366
      ],
      [
       -82.05485214752856,
       26.444372603051722
      ]
     ]
    ]
   },
   "properties": {
    "h3_cell": "8944130607bffff",
    "n_samples": 20,
    "labels": {
     "svi_sample": 20
    },
    "uncertainty": {
     "content": "sample density only; severity labels intentionally not joined (no verifiable key) — candor over coverage"
    }
   }
  },
  {
   "type": "Feature",
   "geometry": {
    "type": "Polygon",
    "coordinates": [
     [
      [
       -82.06896531928965,
       26.434922583311657
      ],
      [
       -82.0676515878555,
       26.436219072165503
      ],
      [
       -82.06813961182169,
       26.437975796117303
      ],
      [
       -82.06994143271051,
       26.438436054885862
      ],
      [
       -82.07125520482882,
       26.437139543898883
      ],
      [
       -82.07076711537422,
       26.43538279627689
      ],
      [
       -82.06896531928965,
       26.434922583311657
      ]
     ]
    ]
   },
   "properties": {
    "h3_cell": "89441306087ffff",
    "n_samples": 2,
    "labels": {
     "svi_sample": 2
    },
    "uncertainty": {
     "content": "sample density only; severity labels intentionally not joined (no verifiable key) — candor over coverage"
    }
   }
  },
  {
   "type": "Feature",
   "geometry": {
    "type": "Polygon",
    "coordinates": [
     [
      [
       -82.06356028544332,
       26.43354187737835
      ],
      [
       -82.06224660541956,
       26.43483828076642
      ],
      [
       -82.06273450358492,
       26.43659495276546
      ],
      [
       -82.06453614725824,
       26.437055245054413
      ],
      [
       -82.06584986797299,
       26.435758819536325
      ],
      [
       -82.06536190432352,
       26.434002123859706
      ],
      [
       -82.06356028544332,
       26.43354187737835
      ]
     ]
    ]
   },
   "properties": {
    "h3_cell": "8944130608bffff",
    "n_samples": 1,
    "labels": {
     "svi_sample": 1
    },
    "uncertainty": {
     "content": "sample density only; severity labels intentionally not joined (no verifiable key) — candor over coverage"
    }
   }
  },
  {
   "type": "Feature",
   "geometry": {
    "type": "Polygon",
    "coordinates": [
     [
      [
       -82.06584986797299,
       26.435758819536325
      ],
      [
       -82.06453614725824,
       26.437055245054413
      ],
      [
       -82.06502410573663,
       26.4388119453308
      ],
      [
       -82.06682585041766,
       26.43927224376493
      ],
      [
       -82.06813961182169,
       26.437975796117303
      ],
      [
       -82.0676515878555,
       26.436219072165503
      ],
      [
       -82.06584986797299,
       26.435758819536325
      ]
     ]
    ]
   },
   "properties": {
    "h3_cell": "8944130608fffff",
    "n_samples": 25,
    "labels": {
     "svi_sample": 25
    },
    "uncertainty": {
     "content": "sample density only; severity labels intentionally not joined (no verifiable key) — candor over coverage"
    }
   }
  },
  {
   "type": "Feature",
   "geometry": {
    "type": "Polygon",
    "coordinates": [
     [
      [
       -82.06750128703494,
       26.42965245815893
      ],
      [
       -82.06618762625234,
       26.430948966072474
      ],
      [
       -82.06667559507179,
       26.432705657139493
      ],
      [
       -82.06847729015549,
       26.43316586396268
      ],
      [
       -82.0697909916206,
       26.431869333911415
      ],
      [
       -82.0693029573196,
       26.43011261917509
      ],
      [
       -82.06750128703494,
       26.42965245815893
      ]
     ]
    ]
   },
   "properties": {
    "h3_cell": "89441306093ffff",
    "n_samples": 11,
    "labels": {
     "svi_sample": 11
    },
    "uncertainty": {
     "content": "sample density only; severity labels intentionally not joined (no verifiable key) — candor over coverage"
    }
   }
  },
  {
   "type": "Feature",
   "geometry": {
    "type": "Polygon",
    "coordinates": [
     [
      [
       -82.06438603216552,
       26.430488765399772
      ],
      [
       -82.06307238210486,
       26.43178520998586
      ],
      [
       -82.06356028544332,
       26.43354187737835
      ],
      [
       -82.06536190432352,
       26.434002123859706
      ],
      [
       -82.06667559507179,
       26.432705657139493
      ],
      [
       -82.06618762625234,
       26.430948966072474
      ],
      [
       -82.06438603216552,
       26.430488765399772
      ]
     ]
    ]
   },
   "properties": {
    "h3_cell": "8944130609bffff",
    "n_samples": 10,
    "labels": {
     "svi_sample": 10
    },
    "uncertainty": {
     "content": "sample density only; severity labels intentionally not joined (no verifiable key) — candor over coverage"
    }
   }
  },
  {
   "type": "Feature",
   "geometry": {
    "type": "Polygon",
    "coordinates": [
     [
      [
       -82.06731386921483,
       26.441028972309745
      ],
      [
       -82.06600007784013,
       26.44232537874238
      ],
      [
       -82.06648809146716,
       26.44408211187039
      ],
      [
       -82.06828996196363,
       26.44454246224248
      ],
      [
       -82.06960379402925,
       26.4432460336849
      ],
      [
       -82.0691157149076,
       26.441489276880592
      ],
      [
       -82.06731386921483,
       26.441028972309745
      ]
     ]
    ]
   },
   "properties": {
    "h3_cell": "894413060abffff",
    "n_samples": 9,
    "labels": {
     "svi_sample": 9
    },
    "uncertainty": {
     "content": "sample density only; severity labels intentionally not joined (no verifiable key) — candor over coverage"
    }
   }
  },
  {
   "type": "Feature",
   "geometry": {
    "type": "Polygon",
    "coordinates": [
     [
      [
       -82.07125520482882,
       26.437139543898883
      ],
      [
       -82.06994143271051,
       26.438436054885862
      ],
      [
       -82.07042951699917,
       26.440192807103926
      ],
      [
       -82.07223143889829,
       26.440653072003435
      ],
      [
       -82.07354525169903,
       26.439356538883825
      ],
      [
       -82.07305710191831,
       26.437599762997735
      ],
      [
       -82.07125520482882,
       26.437139543898883
      ]
     ]
    ]
   },
   "properties": {
    "h3_cell": "894413060b3ffff",
    "n_samples": 24,
    "labels": {
     "svi_sample": 24
    },
    "uncertainty": {
     "content": "sample density only; severity labels intentionally not joined (no verifiable key) — candor over coverage"
    }
   }
  },
  {
   "type": "Feature",
   "geometry": {
    "type": "Polygon",
    "coordinates": [
     [
      [
       -82.07354525169903,
       26.439356538883825
      ],
      [
       -82.07223143889829,
       26.440653072003435
      ],
      [
       -82.07271958351514,
       26.442409852478836
      ],
      [
       -82.07452160642858,
       26.442870123500875
      ],
      [
       -82.07583545991002,
       26.4415735682491
      ],
      [
       -82.07534724979742,
       26.439816764107857
      ],
      [
       -82.07354525169903,
       26.439356538883825
      ]
     ]
    ]
   },
   "properties": {
    "h3_cell": "894413060b7ffff",
    "n_samples": 6,
    "labels": {
     "svi_sample": 6
    },
    "uncertainty": {
     "content": "sample density only; severity labels intentionally not joined (no verifiable key) — candor over coverage"
    }
   }
  },
  {
   "type": "Feature",
   "geometry": {
    "type": "Polygon",
    "coordinates": [
     [
      [
       -82.06813961182169,
       26.437975796117303
      ],
      [
       -82.06682585041766,
       26.43927224376493
      ],
      [
       -82.06731386921483,
       26.441028972309745
      ],
      [
       -82.0691157149076,
       26.441489276880592
      ],
      [
       -82.07042951699917,
       26.440192807103926
      ],
      [
       -82.06994143271051,
       26.438436054885862
      ],
      [
       -82.06813961182169,
       26.437975796117303
      ]
     ]
    ]
   },
   "properties": {
    "h3_cell": "894413060bbffff",
    "n_samples": 38,
    "labels": {
     "svi_sample": 38
    },
    "uncertainty": {
     "content": "sample density only; severity labels intentionally not joined (no verifiable key) — candor over coverage"
    }
   }
  },
  {
   "type": "Feature",
   "geometry": {
    "type": "Polygon",
    "coordinates": [
     [
      [
       -82.05815578322199,
       26.432161070944943
      ],
      [
       -82.05684215462823,
       26.43345738887287
      ],
      [
       -82.05732992700648,
       26.435214008900658
      ],
      [
       -82.05913139345837,
       26.435674334685896
      ],
      [
       -82.06044506274995,
       26.434377994631053
      ],
      [
       -82.0599572248919,
       26.432621350918293
      ],
      [
       -82.05815578322199,
       26.432161070944943
      ]
     ]
    ]
   },
   "properties": {
    "h3_cell": "894413060c3ffff",
    "n_samples": 22,
    "labels": {
     "svi_sample": 22
    },
    "uncertainty": {
     "content": "sample density only; severity labels intentionally not joined (no verifiable key) — candor over coverage"
    }
   }
  },
  {
   "type": "Feature",
   "geometry": {
    "type": "Polygon",
    "coordinates": [
     [
      [
       -82.05504078917744,
       26.43299706925543
      ],
      [
       -82.05372717132867,
       26.43429332385267
      ],
      [
       -82.05421487822763,
       26.436049920190268
      ],
      [
       -82.05601626845475,
       26.436510285621218
      ],
      [
       -82.05732992700648,
       26.435214008900658
      ],
      [
       -82.05684215462823,
       26.43345738887287
      ],
      [
       -82.05504078917744,
       26.43299706925543
      ]
     ]
    ]
   },
   "properties": {
    "h3_cell": "894413060cbffff",
    "n_samples": 37,
    "labels": {
     "svi_sample": 37
    },
    "uncertainty": {
     "content": "sample density only; severity labels intentionally not joined (no verifiable key) — candor over coverage"
    }
   }
  },
  {
   "type": "Feature",
   "geometry": {
    "type": "Polygon",
    "coordinates": [
     [
      [
       -82.05732992700648,
       26.435214008900658
      ],
      [
       -82.05601626845475,
       26.436510285621218
      ],
      [
       -82.05650403565365,
       26.43826691024943
      ],
      [
       -82.05830552688731,
       26.438727281845505
      ],
      [
       -82.0596192261402,
       26.437430983002123
      ],
      [
       -82.05913139345837,
       26.435674334685896
      ],
      [
       -82.05732992700648,
       26.435214008900658
      ]
     ]
    ]
   },
   "properties": {
    "h3_cell": "894413060cfffff",
    "n_samples": 14,
    "labels": {
     "svi_sample": 14
    },
    "uncertainty": {
     "content": "sample density only; severity labels intentionally not joined (no verifiable key) — candor over coverage"
    }
   }
  },
  {
   "type": "Feature",
   "geometry": {
    "type": "Polygon",
    "coordinates": [
     [
      [
       -82.05898160430215,
       26.429108096400867
      ],
      [
       -82.05766800566552,
       26.43040445552739
      ],
      [
       -82.05815578322199,
       26.432161070944943
      ],
      [
       -82.0599572248919,
       26.432621350918293
      ],
      [
       -82.06127086422295,
       26.431324969660757
      ],
      [
       -82.06078302118976,
       26.42956833056129
      ],
      [
       -82.05898160430215,
       26.429108096400867
      ]
     ]
    ]
   },
   "properties": {
    "h3_cell": "894413060d3ffff",
    "n_samples": 13,
    "labels": {
     "svi_sample": 13
    },
    "uncertainty": {
     "content": "sample density only; severity labels intentionally not joined (no verifiable key) — candor over coverage"
    }
   }
  },
  {
   "type": "Feature",
   "geometry": {
    "type": "Polygon",
    "coordinates": [
     [
      [
       -82.06127086422295,
       26.431324969660757
      ],
      [
       -82.0599572248919,
       26.432621350918293
      ],
      [
       -82.06044506274995,
       26.434377994631053
      ],
      [
       -82.06224660541956,
       26.43483828076642
      ],
      [
       -82.06356028544332,
       26.43354187737835
      ],
      [
       -82.06307238210486,
       26.43178520998586
      ],
      [
       -82.06127086422295,
       26.431324969660757
      ]
     ]
    ]
   },
   "properties": {
    "h3_cell": "894413060d7ffff",
    "n_samples": 21,
    "labels": {
     "svi_sample": 21
    },
    "uncertainty": {
     "content": "sample density only; severity labels intentionally not joined (no verifiable key) — candor over coverage"
    }
   }
  },
  {
   "type": "Feature",
   "geometry": {
    "type": "Polygon",
    "coordinates": [
     [
      [
       -82.05586666499131,
       26.42994418172449
      ],
      [
       -82.05455307709708,
       26.431240477525005
      ],
      [
       -82.05504078917744,
       26.43299706925543
      ],
      [
       -82.05684215462823,
       26.43345738887287
      ],
      [
       -82.05815578322199,
       26.432161070944943
      ],
      [
       -82.05766800566552,
       26.43040445552739
      ],
      [
       -82.05586666499131,
       26.42994418172449
      ]
     ]
    ]
   },
   "properties": {
    "h3_cell": "894413060dbffff",
    "n_samples": 35,
    "labels": {
     "svi_sample": 35
    },
    "uncertainty": {
     "content": "sample density only; severity labels intentionally not joined (no verifiable key) — candor over coverage"
    }
   }
  },
  {
   "type": "Feature",
   "geometry": {
    "type": "Polygon",
    "coordinates": [
     [
      [
       -82.04010318802395,
       26.445497431231786
      ],
      [
       -82.0387895233941,
       26.4467933087771
      ],
      [
       -82.03927695279397,
       26.44854982402767
      ],
      [
       -82.04107811231003,
       26.44901048545358
      ],
      [
       -82.04239181767338,
       26.44771458581169
      ],
      [
       -82.04190432278725,
       26.445958046840875
      ],
      [
       -82.04010318802395,
       26.445497431231786
      ]
     ]
    ]
   },
   "properties": {
    "h3_cell": "89441306203ffff",
    "n_samples": 38,
    "labels": {
     "svi_sample": 38
    },
    "uncertainty": {
     "content": "sample density only; severity labels intentionally not joined (no verifiable key) — candor over coverage"
    }
   }
  },
  {
   "type": "Feature",
   "geometry": {
    "type": "Polygon",
    "coordinates": [
     [
      [
       -82.04239181767338,
       26.44771458581169
      ],
      [
       -82.04107811231003,
       26.44901048545358
      ],
      [
       -82.0415656020011,
       26.45076702898315
      ],
      [
       -82.04336686254557,
       26.451227696589307
      ],
      [
       -82.04468060864068,
       26.449931774851308
      ],
      [
       -82.04419305345967,
       26.448175207603658
      ],
      [
       -82.04239181767338,
       26.44771458581169
      ]
     ]
    ]
   },
   "properties": {
    "h3_cell": "89441306207ffff",
    "n_samples": 7,
    "labels": {
     "svi_sample": 7
    },
    "uncertainty": {
     "content": "sample density only; severity labels intentionally not joined (no verifiable key) — candor over coverage"
    }
   }
  },
  {
   "type": "Feature",
   "geometry": {
    "type": "Polygon",
    "coordinates": [
     [
      [
       -82.0369884649024,
       26.446332653539834
      ],
      [
       -82.03567481106364,
       26.44762846773512
      ],
      [
       -82.03616217497785,
       26.449384959260232
      ],
      [
       -82.03796325821659,
       26.449845660315923
      ],
      [
       -82.03927695279397,
       26.44854982402767
      ],
      [
       -82.0387895233941,
       26.4467933087771
      ],
      [
       -82.0369884649024,
       26.446332653539834
      ]
     ]
    ]
   },
   "properties": {
    "h3_cell": "8944130620bffff",
    "n_samples": 27,
    "labels": {
     "svi_sample": 27
    },
    "uncertainty": {
     "content": "sample density only; severity labels intentionally not joined (no verifiable key) — candor over coverage"
    }
   }
  },
  {
   "type": "Feature",
   "geometry": {
    "type": "Polygon",
    "coordinates": [
     [
      [
       -82.03927695279397,
       26.44854982402767
      ],
      [
       -82.03796325821659,
       26.449845660315923
      ],
      [
       -82.03845068241831,
       26.45160218012219
      ],
      [
       -82.04025186668684,
       26.452062887363905
      ],
      [
       -82.0415656020011,
       26.45076702898315
      ],
      [
       -82.04107811231003,
       26.44901048545358
      ],
      [
       -82.03927695279397,
       26.44854982402767
      ]
     ]
    ]
   },
   "properties": {
    "h3_cell": "8944130620fffff",
    "n_samples": 45,
    "labels": {
     "svi_sample": 45
    },
    "uncertainty": {
     "content": "sample density only; severity labels intentionally not joined (no verifiable key) — candor over coverage"
    }
   }
  },
  {
   "type": "Feature",
   "geometry": {
    "type": "Polygon",
    "coordinates": [
     [
      [
       -82.0409293881101,
       26.442445001753146
      ],
      [
       -82.03961575342697,
       26.44374092054672
      ],
      [
       -82.04010318802395,
       26.445497431231786
      ],
      [
       -82.04190432278725,
       26.445958046840875
      ],
      [
       -82.04321799820049,
       26.444662105946602
      ],
      [
       -82.0427304981204,
       26.442905571544348
      ],
      [
       -82.0409293881101,
       26.442445001753146
      ]
     ]
    ]
   },
   "properties": {
    "h3_cell": "89441306213ffff",
    "n_samples": 9,
    "labels": {
     "svi_sample": 9
    },
    "uncertainty": {
     "content": "sample density only; severity labels intentionally not joined (no verifiable key) — candor over coverage"
    }
   }
  },
  {
   "type": "Feature",
   "geometry": {
    "type": "Polygon",
    "coordinates": [
     [
      [
       -82.04321799820049,
       26.444662105946602
      ],
      [
       -82.04190432278725,
       26.445958046840875
      ],
      [
       -82.04239181767338,
       26.44771458581169
      ],
      [
       -82.04419305345967,
       26.448175207603658
      ],
      [
       -82.0455067696013,
       26.446879244609203
      ],
      [
       -82.04501920922834,
       26.445122681923365
      ],
      [
       -82.04321799820049,
       26.444662105946602
      ]
     ]
    ]
   },
   "properties": {
    "h3_cell": "89441306217ffff",
    "n_samples": 39,
    "labels": {
     "svi_sample": 39
    },
    "uncertainty": {
     "content": "sample density only; severity labels intentionally not joined (no verifiable key) — candor over coverage"
    }
   }
  },
  {
   "type": "Feature",
   "geometry": {
    "type": "Polygon",
    "coordinates": [
     [
      [
       -82.03781471968263,
       26.44328031112896
      ],
      [
       -82.036501095788,
       26.444576166577182
      ],
      [
       -82.0369884649024,
       26.446332653539834
      ],
      [
       -82.0387895233941,
       26.4467933087771
      ],
      [
       -82.04010318802395,
       26.445497431231786
      ],
      [
       -82.03961575342697,
       26.44374092054672
      ],
      [
       -82.03781471968263,
       26.44328031112896
      ]
     ]
    ]
   },
   "properties": {
    "h3_cell": "8944130621bffff",
    "n_samples": 14,
    "labels": {
     "svi_sample": 14
    },
    "uncertainty": {
     "content": "sample density only; severity labels intentionally not joined (no verifiable key) — candor over coverage"
    }
   }
  },
  {
   "type": "Feature",
   "geometry": {
    "type": "Polygon",
    "coordinates": [
     [
      [
       -82.04385441253356,
       26.452984268388935
      ],
      [
       -82.04254063648413,
       26.454280148861688
      ],
      [
       -82.04302818127803,
       26.456036725203486
      ],
      [
       -82.0448295676182,
       26.456497444791925
      ],
      [
       -82.0461433844011,
       26.455201542227673
      ],
      [
       -82.04565577411043,
       26.453444942166897
      ],
      [
       -82.04385441253356,
       26.452984268388935
      ]
     ]
    ]
   },
   "properties": {
    "h3_cell": "89441306223ffff",
    "n_samples": 5,
    "labels": {
     "svi_sample": 5
    },
    "uncertainty": {
     "content": "sample density only; severity labels intentionally not joined (no verifiable key) — candor over coverage"
    }
   }
  },
  {
   "type": "Feature",
   "geometry": {
    "type": "Polygon",
    "coordinates": [
     [
      [
       -82.0461433844011,
       26.455201542227673
      ],
      [
       -82.0448295676182,
       26.456497444791925
      ],
      [
       -82.04531717271679,
       26.458254049388117
      ],
      [
       -82.04711866009882,
       26.458714775137263
      ],
      [
       -82.04843251761345,
       26.45741885048201
      ],
      [
       -82.04794484701438,
       26.455662222169007
      ],
      [
       -82.0461433844011,
       26.455201542227673
      ]
     ]
    ]
   },
   "properties": {
    "h3_cell": "89441306227ffff",
    "n_samples": 11,
    "labels": {
     "svi_sample": 11
    },
    "uncertainty": {
     "content": "sample density only; severity labels intentionally not joined (no verifiable key) — candor over coverage"
    }
   }
  },
  {
   "type": "Feature",
   "geometry": {
    "type": "Polygon",
    "coordinates": [
     [
      [
       -82.04073935118178,
       26.453819435442394
      ],
      [
       -82.03942558591581,
       26.455115252553245
      ],
      [
       -82.03991306521353,
       26.456871805170863
      ],
      [
       -82.04171437527347,
       26.457332564402243
      ],
      [
       -82.04302818127803,
       26.456036725203486
      ],
      [
       -82.04254063648413,
       26.454280148861688
      ],
      [
       -82.04073935118178,
       26.453819435442394
      ]
     ]
    ]
   },
   "properties": {
    "h3_cell": "8944130622bffff",
    "n_samples": 47,
    "labels": {
     "svi_sample": 47
    },
    "uncertainty": {
     "content": "sample density only; severity labels intentionally not joined (no verifiable key) — candor over coverage"
    }
   }
  },
  {
   "type": "Feature",
   "geometry": {
    "type": "Polygon",
    "coordinates": [
     [
      [
       -82.04302818127803,
       26.456036725203486
      ],
      [
       -82.04171437527347,
       26.457332564402243
      ],
      [
       -82.04220191487218,
       26.4590891452764
      ],
      [
       -82.0440033259754,
       26.459549910674266
      ],
      [
       -82.04531717271679,
       26.458254049388117
      ],
      [
       -82.0448295676182,
       26.456497444791925
      ],
      [
       -82.04302818127803,
       26.456036725203486
      ]
     ]
    ]
   },
   "properties": {
    "h3_cell": "8944130622fffff",
    "n_samples": 28,
    "labels": {
     "svi_sample": 28
    },
    "uncertainty": {
     "content": "sample density only; severity labels intentionally not joined (no verifiable key) — candor over coverage"
    }
   }
  },
  {
   "type": "Feature",
   "geometry": {
    "type": "Polygon",
    "coordinates": [
     [
      [
       -82.04468060864068,
       26.449931774851308
      ],
      [
       -82.04336686254557,
       26.451227696589307
      ],
      [
       -82.04385441253356,
       26.452984268388935
      ],
      [
       -82.04565577411043,
       26.453444942166897
      ],
      [
       -82.04696956093562,
       26.45214899833329
      ],
      [
       -82.04648194545398,
       26.45039240281775
      ],
      [
       -82.04468060864068,
       26.449931774851308
      ]
     ]
    ]
   },
   "properties": {
    "h3_cell": "89441306233ffff",
    "n_samples": 10,
    "labels": {
     "svi_sample": 10
    },
    "uncertainty": {
     "content": "sample density only; severity labels intentionally not joined (no verifiable key) — candor over coverage"
    }
   }
  },
  {
   "type": "Feature",
   "geometry": {
    "type": "Polygon",
    "coordinates": [
     [
      [
       -82.04696956093562,
       26.45214899833329
      ],
      [
       -82.04565577411043,
       26.453444942166897
      ],
      [
       -82.0461433844011,
       26.455201542227673
      ],
      [
       -82.04794484701438,
       26.455662222169007
      ],
      [
       -82.04925867456795,
       26.4543662562403
      ],
      [
       -82.04877099877993,
       26.45260963246577
      ],
      [
       -82.04696956093562,
       26.45214899833329
      ]
     ]
    ]
   },
   "properties": {
    "h3_cell": "89441306237ffff",
    "n_samples": 11,
    "labels": {
     "svi_sample": 11
    },
    "uncertainty": {
     "content": "sample density only; severity labels intentionally not joined (no verifiable key) — candor over coverage"
    }
   }
  },
  {
   "type": "Feature",
   "geometry": {
    "type": "Polygon",
    "coordinates": [
     [
      [
       -82.0415656020011,
       26.45076702898315
      ],
      [
       -82.04025186668684,
       26.452062887363905
      ],
      [
       -82.04073935118178,
       26.453819435442394
      ],
      [
       -82.04254063648413,
       26.454280148861688
      ],
      [
       -82.04385441253356,
       26.452984268388935
      ],
      [
       -82.04336686254557,
       26.451227696589307
      ],
      [
       -82.0415656020011,
       26.45076702898315
      ]
     ]
    ]
   },
   "properties": {
    "h3_cell": "8944130623bffff",
    "n_samples": 2,
    "labels": {
     "svi_sample": 2
    },
    "uncertainty": {
     "content": "sample density only; severity labels intentionally not joined (no verifiable key) — candor over coverage"
    }
   }
  },
  {
   "type": "Feature",
   "geometry": {
    "type": "Polygon",
    "coordinates": [
     [
      [
       -82.03158564402696,
       26.44495062098041
      ],
      [
       -82.03027204173233,
       26.446246349734732
      ],
      [
       -82.03075927988345,
       26.448002789236927
      ],
      [
       -82.03256018581062,
       26.448463523718054
      ],
      [
       -82.03387382885066,
       26.44716777287384
      ],
      [
       -82.03338652521819,
       26.445411309638818
      ],
      [
       -82.03158564402696,
       26.44495062098041
      ]
     ]
    ]
   },
   "properties": {
    "h3_cell": "89441306243ffff",
    "n_samples": 31,
    "labels": {
     "svi_sample": 31
    },
    "uncertainty": {
     "content": "sample density only; severity labels intentionally not joined (no verifiable key) — candor over coverage"
    }
   }
  },
  {
   "type": "Feature",
   "geometry": {
    "type": "Polygon",
    "coordinates": [
     [
      [
       -82.03387382885066,
       26.44716777287384
      ],
      [
       -82.03256018581062,
       26.448463523718054
      ],
      [
       -82.03304748423977,
       26.45021999151248
      ],
      [
       -82.03484849119414,
       26.450680732193806
      ],
      [
       -82.03616217497785,
       26.449384959260232
      ],
      [
       -82.03567481106364,
       26.44762846773512
      ],
      [
       -82.03387382885066,
       26.44716777287384
      ]
     ]
    ]
   },
   "properties": {
    "h3_cell": "89441306247ffff",
    "n_samples": 49,
    "labels": {
     "svi_sample": 49
    },
    "uncertainty": {
     "content": "sample density only; severity labels intentionally not joined (no verifiable key) — candor over coverage"
    }
   }
  },
  {
   "type": "Feature",
   "geometry": {
    "type": "Polygon",
    "coordinates": [
     [
      [
       -82.0284712368283,
       26.44578562146223
      ],
      [
       -82.0271576453452,
       26.447081286868016
      ],
      [
       -82.02764481801553,
       26.44883770263217
      ],
      [
       -82.02944564764984,
       26.44929847672898
      ],
      [
       -82.03075927988345,
       26.448002789236927
      ],
      [
       -82.03027204173233,
       26.446246349734732
      ],
      [
       -82.0284712368283,
       26.44578562146223
      ]
     ]
    ]
   },
   "properties": {
    "h3_cell": "8944130624bffff",
    "n_samples": 26,
    "labels": {
     "svi_sample": 26
    },
    "uncertainty": {
     "content": "sample density only; severity labels intentionally not joined (no verifiable key) — candor over coverage"
    }
   }
  },
  {
   "type": "Feature",
   "geometry": {
    "type": "Polygon",
    "coordinates": [
     [
      [
       -82.03075927988345,
       26.448002789236927
      ],
      [
       -82.02944564764984,
       26.44929847672898
      ],
      [
       -82.02993288059453,
       26.451054920787513
      ],
      [
       -82.03173381125738,
       26.4515157010903
      ],
      [
       -82.03304748423977,
       26.45021999151248
      ],
      [
       -82.03256018581062,
       26.448463523718054
      ],
      [
       -82.03075927988345,
       26.448002789236927
      ]
     ]
    ]
   },
   "properties": {
    "h3_cell": "8944130624fffff",
    "n_samples": 51,
    "labels": {
     "svi_sample": 51
    },
    "uncertainty": {
     "content": "sample density only; severity labels intentionally not joined (no verifiable key) — candor over coverage"
    }
   }
  },
  {
   "type": "Feature",
   "geometry": {
    "type": "Polygon",
    "coordinates": [
     [
      [
       -82.03241197302697,
       26.441898416036537
      ],
      [
       -82.03109840067052,
       26.443194186044362
      ],
      [
       -82.03158564402696,
       26.44495062098041
      ],
      [
       -82.03338652521819,
       26.445411309638818
      ],
      [
       -82.03470013831665,
       26.44411551753701
      ],
      [
       -82.03421282948197,
       26.442359058871183
      ],
      [
       -82.03241197302697,
       26.441898416036537
      ]
     ]
    ]
   },
   "properties": {
    "h3_cell": "89441306253ffff",
    "n_samples": 28,
    "labels": {
     "svi_sample": 28
    },
    "uncertainty": {
     "content": "sample density only; severity labels intentionally not joined (no verifiable key) — candor over coverage"
    }
   }
  },
  {
   "type": "Feature",
   "geometry": {
    "type": "Polygon",
    "coordinates": [
     [
      [
       -82.03470013831665,
       26.44411551753701
      ],
      [
       -82.03338652521819,
       26.445411309638818
      ],
      [
       -82.03387382885066,
       26.44716777287384
      ],
      [
       -82.03567481106364,
       26.44762846773512
      ],
      [
       -82.0369884649024,
       26.446332653539834
      ],
      [
       -82.036501095788,
       26.444576166577182
      ],
      [
       -82.03470013831665,
       26.44411551753701
      ]
     ]
    ]
   },
   "properties": {
    "h3_cell": "89441306257ffff",
    "n_samples": 24,
    "labels": {
     "svi_sample": 24
    },
    "uncertainty": {
     "content": "sample density only; severity labels intentionally not joined (no verifiable key) — candor over coverage"
    }
   }
  },
  {
   "type": "Feature",
   "geometry": {
    "type": "Polygon",
    "coordinates": [
     [
      [
       -82.02929762049702,
       26.44273350359723
      ],
      [
       -82.02798405894951,
       26.444029210261185
      ],
      [
       -82.0284712368283,
       26.44578562146223
      ],
      [
       -82.03027204173233,
       26.446246349734732
      ],
      [
       -82.03158564402696,
       26.44495062098041
      ],
      [
       -82.03109840067052,
       26.443194186044362
      ],
      [
       -82.02929762049702,
       26.44273350359723
      ]
     ]
    ]
   },
   "properties": {
    "h3_cell": "8944130625bffff",
    "n_samples": 24,
    "labels": {
     "svi_sample": 24
    },
    "uncertainty": {
     "content": "sample density only; severity labels intentionally not joined (no verifiable key) — candor over coverage"
    }
   }
  },
  {
   "type": "Feature",
   "geometry": {
    "type": "Polygon",
    "coordinates": [
     [
      [
       -82.03533584990707,
       26.452437228271553
      ],
      [
       -82.03402213617758,
       26.45373295993467
      ],
      [
       -82.03450948968816,
       26.455489460555228
      ],
      [
       -82.0363106224202,
       26.455950253244676
      ],
      [
       -82.03762437689505,
       26.454654499496804
      ],
      [
       -82.03713695789261,
       26.45289797514466
      ],
      [
       -82.03533584990707,
       26.452437228271553
      ]
     ]
    ]
   },
   "properties": {
    "h3_cell": "89441306263ffff",
    "n_samples": 17,
    "labels": {
     "svi_sample": 17
    },
    "uncertainty": {
     "content": "sample density only; severity labels intentionally not joined (no verifiable key) — candor over coverage"
    }
   }
  },
  {
   "type": "Feature",
   "geometry": {
    "type": "Polygon",
    "coordinates": [
     [
      [
       -82.03450948968816,
       26.455489460555228
      ],
      [
       -82.0331957460121,
       26.456785150939098
      ],
      [
       -82.03368309431922,
       26.458541656092688
      ],
      [
       -82.03548425179748,
       26.459002494597442
      ],
      [
       -82.03679803622232,
       26.457706782132902
      ],
      [
       -82.0363106224202,
       26.455950253244676
      ],
      [
       -82.03450948968816,
       26.455489460555228
      ]
     ]
    ]
   },
   "properties": {
    "h3_cell": "8944130626fffff",
    "n_samples": 16,
    "labels": {
     "svi_sample": 16
    },
    "uncertainty": {
     "content": "sample density only; severity labels intentionally not joined (no verifiable key) — candor over coverage"
    }
   }
  },
  {
   "type": "Feature",
   "geometry": {
    "type": "Polygon",
    "coordinates": [
     [
      [
       -82.03616217497785,
       26.449384959260232
      ],
      [
       -82.03484849119414,
       26.450680732193806
      ],
      [
       -82.03533584990707,
       26.452437228271553
      ],
      [
       -82.03713695789261,
       26.45289797514466
      ],
      [
       -82.03845068241831,
       26.45160218012219
      ],
      [
       -82.03796325821659,
       26.449845660315923
      ],
      [
       -82.03616217497785,
       26.449384959260232
      ]
     ]
    ]
   },
   "properties": {
    "h3_cell": "89441306273ffff",
    "n_samples": 22,
    "labels": {
     "svi_sample": 22
    },
    "uncertainty": {
     "content": "sample density only; severity labels intentionally not joined (no verifiable key) — candor over coverage"
    }
   }
  },
  {
   "type": "Feature",
   "geometry": {
    "type": "Polygon",
    "coordinates": [
     [
      [
       -82.03845068241831,
       26.45160218012219
      ],
      [
       -82.03713695789261,
       26.45289797514466
      ],
      [
       -82.03762437689505,
       26.454654499496804
      ],
      [
       -82.03942558591581,
       26.455115252553245
      ],
      [
       -82.04073935118178,
       26.453819435442394
      ],
      [
       -82.04025186668684,
       26.452062887363905
      ],
      [
       -82.03845068241831,
       26.45160218012219
      ]
     ]
    ]
   },
   "properties": {
    "h3_cell": "89441306277ffff",
    "n_samples": 57,
    "labels": {
     "svi_sample": 57
    },
    "uncertainty": {
     "content": "sample density only; severity labels intentionally not joined (no verifiable key) — candor over coverage"
    }
   }
  },
  {
   "type": "Feature",
   "geometry": {
    "type": "Polygon",
    "coordinates": [
     [
      [
       -82.03304748423977,
       26.45021999151248
      ],
      [
       -82.03173381125738,
       26.4515157010903
      ],
      [
       -82.03222110448215,
       26.45327217343431
      ],
      [
       -82.03402213617758,
       26.45373295993467
      ],
      [
       -82.03533584990707,
       26.452437228271553
      ],
      [
       -82.03484849119414,
       26.450680732193806
      ],
      [
       -82.03304748423977,
       26.45021999151248
      ]
     ]
    ]
   },
   "properties": {
    "h3_cell": "8944130627bffff",
    "n_samples": 13,
    "labels": {
     "svi_sample": 13
    },
    "uncertainty": {
     "content": "sample density only; severity labels intentionally not joined (no verifiable key) — candor over coverage"
    }
   }
  },
  {
   "type": "Feature",
   "geometry": {
    "type": "Polygon",
    "coordinates": [
     [
      [
       -82.04487025382687,
       26.438557036209875
      ],
      [
       -82.04355663831137,
       26.439853059582592
      ],
      [
       -82.04404414358434,
       26.441609589406468
      ],
      [
       -82.0458453298535,
       26.442070119566964
      ],
      [
       -82.0471589860906,
       26.44077407408586
      ],
      [
       -82.04667141533702,
       26.43901752055306
      ],
      [
       -82.04487025382687,
       26.438557036209875
      ]
     ]
    ]
   },
   "properties": {
    "h3_cell": "89441306283ffff",
    "n_samples": 38,
    "labels": {
     "svi_sample": 38
    },
    "uncertainty": {
     "content": "sample density only; severity labels intentionally not joined (no verifiable key) — candor over coverage"
    }
   }
  },
  {
   "type": "Feature",
   "geometry": {
    "type": "Polygon",
    "coordinates": [
     [
      [
       -82.0471589860906,
       26.44077407408586
      ],
      [
       -82.0458453298535,
       26.442070119566964
      ],
      [
       -82.04633289541731,
       26.44382667768119
      ],
      [
       -82.04813418270261,
       26.44428721402146
      ],
      [
       -82.04944787965961,
       26.442991146432444
      ],
      [
       -82.0489602486115,
       26.441234564611477
      ],
      [
       -82.0471589860906,
       26.44077407408586
      ]
     ]
    ]
   },
   "properties": {
    "h3_cell": "89441306287ffff",
    "n_samples": 26,
    "labels": {
     "svi_sample": 26
    },
    "uncertainty": {
     "content": "sample density only; severity labels intentionally not joined (no verifiable key) — candor over coverage"
    }
   }
  },
  {
   "type": "Feature",
   "geometry": {
    "type": "Polygon",
    "coordinates": [
     [
      [
       -82.04175555305439,
       26.43939253561031
      ],
      [
       -82.04044194831717,
       26.440688495643396
      ],
      [
       -82.0409293881101,
       26.442445001753146
      ],
      [
       -82.0427304981204,
       26.442905571544348
      ],
      [
       -82.04404414358434,
       26.441609589406468
      ],
      [
       -82.04355663831137,
       26.439853059582592
      ],
      [
       -82.04175555305439,
       26.43939253561031
      ]
     ]
    ]
   },
   "properties": {
    "h3_cell": "8944130628bffff",
    "n_samples": 19,
    "labels": {
     "svi_sample": 19
    },
    "uncertainty": {
     "content": "sample density only; severity labels intentionally not joined (no verifiable key) — candor over coverage"
    }
   }
  },
  {
   "type": "Feature",
   "geometry": {
    "type": "Polygon",
    "coordinates": [
     [
      [
       -82.04569632892992,
       26.435504446375415
      ],
      [
       -82.0443827433621,
       26.43680051097419
      ],
      [
       -82.04487025382687,
       26.438557036209875
      ],
      [
       -82.04667141533702,
       26.43901752055306
      ],
      [
       -82.04798504162308,
       26.437721433841798
      ],
      [
       -82.04749746568082,
       26.435964884900244
      ],
      [
       -82.04569632892992,
       26.435504446375415
      ]
     ]
    ]
   },
   "properties": {
    "h3_cell": "89441306293ffff",
    "n_samples": 23,
    "labels": {
     "svi_sample": 23
    },
    "uncertainty": {
     "content": "sample density only; severity labels intentionally not joined (no verifiable key) — candor over coverage"
    }
   }
  },
  {
   "type": "Feature",
   "geometry": {
    "type": "Polygon",
    "coordinates": [
     [
      [
       -82.04798504162308,
       26.437721433841798
      ],
      [
       -82.04667141533702,
       26.43901752055306
      ],
      [
       -82.0471589860906,
       26.44077407408586
      ],
      [
       -82.0489602486115,
       26.441234564611477
      ],
      [
       -82.05027391561407,
       26.439938455788198
      ],
      [
       -82.0497862793793,
       26.438181878551717
      ],
      [
       -82.04798504162308,
       26.437721433841798
      ]
     ]
    ]
   },
   "properties": {
    "h3_cell": "89441306297ffff",
    "n_samples": 19,
    "labels": {
     "svi_sample": 19
    },
    "uncertainty": {
     "content": "sample density only; severity labels intentionally not joined (no verifiable key) — candor over coverage"
    }
   }
  },
  {
   "type": "Feature",
   "geometry": {
    "type": "Polygon",
    "coordinates": [
     [
      [
       -82.04258168285867,
       26.436340032821878
      ],
      [
       -82.04126810806653,
       26.437636034085696
      ],
      [
       -82.04175555305439,
       26.43939253561031
      ],
      [
       -82.04355663831137,
       26.439853059582592
      ],
      [
       -82.04487025382687,
       26.438557036209875
      ],
      [
       -82.0443827433621,
       26.43680051097419
      ],
      [
       -82.04258168285867,
       26.436340032821878
      ]
     ]
    ]
   },
   "properties": {
    "h3_cell": "8944130629bffff",
    "n_samples": 18,
    "labels": {
     "svi_sample": 18
    },
    "uncertainty": {
     "content": "sample density only; severity labels intentionally not joined (no verifiable key) — candor over coverage"
    }
   }
  },
  {
   "type": "Feature",
   "geometry": {
    "type": "Polygon",
    "coordinates": [
     [
      [
       -82.048621808563,
       26.446043800417097
      ],
      [
       -82.04730808165074,
       26.447339826763077
      ],
      [
       -82.04779570232229,
       26.449096417723585
      ],
      [
       -82.04959711539732,
       26.449557006046152
      ],
      [
       -82.05091088303115,
       26.448260957596872
      ],
      [
       -82.05042319686846,
       26.446504342928723
      ],
      [
       -82.048621808563,
       26.446043800417097
      ]
     ]
    ]
   },
   "properties": {
    "h3_cell": "894413062a3ffff",
    "n_samples": 21,
    "labels": {
     "svi_sample": 21
    },
    "uncertainty": {
     "content": "sample density only; severity labels intentionally not joined (no verifiable key) — candor over coverage"
    }
   }
  },
  {
   "type": "Feature",
   "geometry": {
    "type": "Polygon",
    "coordinates": [
     [
      [
       -82.05091088303115,
       26.448260957596872
      ],
      [
       -82.04959711539732,
       26.449557006046152
      ],
      [
       -82.05008479637321,
       26.45131362527239
      ],
      [
       -82.05188631047784,
       26.451774219755237
      ],
      [
       -82.05320011883153,
       26.45047814920313
      ],
      [
       -82.05271237236083,
       26.448721506271422
      ],
      [
       -82.05091088303115,
       26.448260957596872
      ]
     ]
    ]
   },
   "properties": {
    "h3_cell": "894413062a7ffff",
    "n_samples": 19,
    "labels": {
     "svi_sample": 19
    },
    "uncertainty": {
     "content": "sample density only; severity labels intentionally not joined (no verifiable key) — candor over coverage"
    }
   }
  },
  {
   "type": "Feature",
   "geometry": {
    "type": "Polygon",
    "coordinates": [
     [
      [
       -82.0455067696013,
       26.446879244609203
      ],
      [
       -82.04419305345967,
       26.448175207603658
      ],
      [
       -82.04468060864068,
       26.449931774851308
      ],
      [
       -82.04648194545398,
       26.45039240281775
      ],
      [
       -82.04779570232229,
       26.449096417723585
      ],
      [
       -82.04730808165074,
       26.447339826763077
      ],
      [
       -82.0455067696013,
       26.446879244609203
      ]
     ]
    ]
   },
   "properties": {
    "h3_cell": "894413062abffff",
    "n_samples": 13,
    "labels": {
     "svi_sample": 13
    },
    "uncertainty": {
     "content": "sample density only; severity labels intentionally not joined (no verifiable key) — candor over coverage"
    }
   }
  },
  {
   "type": "Feature",
   "geometry": {
    "type": "Polygon",
    "coordinates": [
     [
      [
       -82.04779570232229,
       26.449096417723585
      ],
      [
       -82.04648194545398,
       26.45039240281775
      ],
      [
       -82.04696956093562,
       26.45214899833329
      ],
      [
       -82.04877099877993,
       26.45260963246577
      ],
      [
       -82.05008479637321,
       26.45131362527239
      ],
      [
       -82.04959711539732,
       26.449557006046152
      ],
      [
       -82.04779570232229,
       26.449096417723585
      ]
     ]
    ]
   },
   "properties": {
    "h3_cell": "894413062afffff",
    "n_samples": 23,
    "labels": {
     "svi_sample": 23
    },
    "uncertainty": {
     "content": "sample density only; severity labels intentionally not joined (no verifiable key) — candor over coverage"
    }
   }
  },
  {
   "type": "Feature",
   "geometry": {
    "type": "Polygon",
    "coordinates": [
     [
      [
       -82.04944787965961,
       26.442991146432444
      ],
      [
       -82.04813418270261,
       26.44428721402146
      ],
      [
       -82.048621808563,
       26.446043800417097
      ],
      [
       -82.05042319686846,
       26.446504342928723
      ],
      [
       -82.05173693454365,
       26.445208253232305
      ],
      [
       -82.05124924319527,
       26.44345164313208
      ],
      [
       -82.04944787965961,
       26.442991146432444
      ]
     ]
    ]
   },
   "properties": {
    "h3_cell": "894413062b3ffff",
    "n_samples": 19,
    "labels": {
     "svi_sample": 19
    },
    "uncertainty": {
     "content": "sample density only; severity labels intentionally not joined (no verifiable key) — candor over coverage"
    }
   }
  },
  {
   "type": "Feature",
   "geometry": {
    "type": "Polygon",
    "coordinates": [
     [
      [
       -82.05173693454365,
       26.445208253232305
      ],
      [
       -82.05042319686846,
       26.446504342928723
      ],
      [
       -82.05091088303115,
       26.448260957596872
      ],
      [
       -82.05271237236083,
       26.448721506271422
      ],
      [
       -82.05402615075249,
       26.447425394468077
      ],
      [
       -82.0535383990981,
       26.44566875609751
      ],
      [
       -82.05173693454365,
       26.445208253232305
      ]
     ]
    ]
   },
   "properties": {
    "h3_cell": "894413062b7ffff",
    "n_samples": 13,
    "labels": {
     "svi_sample": 13
    },
    "uncertainty": {
     "content": "sample density only; severity labels intentionally not joined (no verifiable key) — candor over coverage"
    }
   }
  },
  {
   "type": "Feature",
   "geometry": {
    "type": "Polygon",
    "coordinates": [
     [
      [
       -82.04633289541731,
       26.44382667768119
      ],
      [
       -82.04501920922834,
       26.445122681923365
      ],
      [
       -82.0455067696013,
       26.446879244609203
      ],
      [
       -82.04730808165074,
       26.447339826763077
      ],
      [
       -82.048621808563,
       26.446043800417097
      ],
      [
       -82.04813418270261,
       26.44428721402146
      ],
      [
       -82.04633289541731,
       26.44382667768119
      ]
     ]
    ]
   },
   "properties": {
    "h3_cell": "894413062bbffff",
    "n_samples": 24,
    "labels": {
     "svi_sample": 24
    },
    "uncertainty": {
     "content": "sample density only; severity labels intentionally not joined (no verifiable key) — candor over coverage"
    }
   }
  },
  {
   "type": "Feature",
   "geometry": {
    "type": "Polygon",
    "coordinates": [
     [
      [
       -82.03635265182163,
       26.43801089684302
      ],
      [
       -82.03503909860385,
       26.43930677143373
      ],
      [
       -82.03552641263968,
       26.44106322552054
      ],
      [
       -82.03732734536909,
       26.44152382873856
      ],
      [
       -82.03864093932039,
       26.44022793204617
      ],
      [
       -82.03815355980886,
       26.438471454237845
      ],
      [
       -82.03635265182163,
       26.43801089684302
      ]
     ]
    ]
   },
   "properties": {
    "h3_cell": "894413062c3ffff",
    "n_samples": 20,
    "labels": {
     "svi_sample": 20
    },
    "uncertainty": {
     "content": "sample density only; severity labels intentionally not joined (no verifiable key) — candor over coverage"
    }
   }
  },
  {
   "type": "Feature",
   "geometry": {
    "type": "Polygon",
    "coordinates": [
     [
      [
       -82.03864093932039,
       26.44022793204617
      ],
      [
       -82.03732734536909,
       26.44152382873856
      ],
      [
       -82.03781471968263,
       26.44328031112896
      ],
      [
       -82.03961575342697,
       26.44374092054672
      ],
      [
       -82.0409293881101,
       26.442445001753146
      ],
      [
       -82.04044194831717,
       26.440688495643396
      ],
      [
       -82.03864093932039,
       26.44022793204617
      ]
     ]
    ]
   },
   "properties": {
    "h3_cell": "894413062c7ffff",
    "n_samples": 32,
    "labels": {
     "svi_sample": 32
    },
    "uncertainty": {
     "content": "sample density only; severity labels intentionally not joined (no verifiable key) — candor over coverage"
    }
   }
  },
  {
   "type": "Feature",
   "geometry": {
    "type": "Polygon",
    "coordinates": [
     [
      [
       -82.03552641263968,
       26.44106322552054
      ],
      [
       -82.03421282948197,
       26.442359058871183
      ],
      [
       -82.03470013831665,
       26.44411551753701
      ],
      [
       -82.036501095788,
       26.444576166577182
      ],
      [
       -82.03781471968263,
       26.44328031112896
      ],
      [
       -82.03732734536909,
       26.44152382873856
      ],
      [
       -82.03552641263968,
       26.44106322552054
      ]
     ]
    ]
   },
   "properties": {
    "h3_cell": "894413062cfffff",
    "n_samples": 20,
    "labels": {
     "svi_sample": 20
    },
    "uncertainty": {
     "content": "sample density only; severity labels intentionally not joined (no verifiable key) — candor over coverage"
    }
   }
  },
  {
   "type": "Feature",
   "geometry": {
    "type": "Polygon",
    "coordinates": [
     [
      [
       -82.03946712381764,
       26.43717551631005
      ],
      [
       -82.03815355980886,
       26.438471454237845
      ],
      [
       -82.03864093932039,
       26.44022793204617
      ],
      [
       -82.04044194831717,
       26.440688495643396
      ],
      [
       -82.04175555305439,
       26.43939253561031
      ],
      [
       -82.04126810806653,
       26.437636034085696
      ],
      [
       -82.03946712381764,
       26.43717551631005
      ]
     ]
    ]
   },
   "properties": {
    "h3_cell": "894413062d7ffff",
    "n_samples": 9,
    "labels": {
     "svi_sample": 9
    },
    "uncertainty": {
     "content": "sample density only; severity labels intentionally not joined (no verifiable key) — candor over coverage"
    }
   }
  },
  {
   "type": "Feature",
   "geometry": {
    "type": "Polygon",
    "coordinates": [
     [
      [
       -82.04760632550783,
       26.460471407978915
      ],
      [
       -82.0462924380313,
       26.461767291351983
      ],
      [
       -82.04678009824919,
       26.46352392871247
      ],
      [
       -82.04858171145096,
       26.463984706418017
      ],
      [
       -82.04989563966089,
       26.462688800958535
      ],
      [
       -82.04940791393574,
       26.460932139880352
      ],
      [
       -82.04760632550783,
       26.460471407978915
      ]
     ]
    ]
   },
   "properties": {
    "h3_cell": "89441306343ffff",
    "n_samples": 21,
    "labels": {
     "svi_sample": 21
    },
    "uncertainty": {
     "content": "sample density only; severity labels intentionally not joined (no verifiable key) — candor over coverage"
    }
   }
  },
  {
   "type": "Feature",
   "geometry": {
    "type": "Polygon",
    "coordinates": [
     [
      [
       -82.04843251761345,
       26.45741885048201
      ],
      [
       -82.04711866009882,
       26.458714775137263
      ],
      [
       -82.04760632550783,
       26.460471407978915
      ],
      [
       -82.04940791393574,
       26.460932139880352
      ],
      [
       -82.05072181218037,
       26.459636193134568
      ],
      [
       -82.0502340812672,
       26.45787953657828
      ],
      [
       -82.04843251761345,
       26.45741885048201
      ]
     ]
    ]
   },
   "properties": {
    "h3_cell": "89441306353ffff",
    "n_samples": 20,
    "labels": {
     "svi_sample": 20
    },
    "uncertainty": {
     "content": "sample density only; severity labels intentionally not joined (no verifiable key) — candor over coverage"
    }
   }
  },
  {
   "type": "Feature",
   "geometry": {
    "type": "Polygon",
    "coordinates": [
     [
      [
       -82.04531717271679,
       26.458254049388117
      ],
      [
       -82.0440033259754,
       26.459549910674266
      ],
      [
       -82.04449092588082,
       26.461306519796068
      ],
      [
       -82.0462924380313,
       26.461767291351983
      ],
      [
       -82.04760632550783,
       26.460471407978915
      ],
      [
       -82.04711866009882,
       26.458714775137263
      ],
      [
       -82.04531717271679,
       26.458254049388117
      ]
     ]
    ]
   },
   "properties": {
    "h3_cell": "8944130635bffff",
    "n_samples": 22,
    "labels": {
     "svi_sample": 22
    },
    "uncertainty": {
     "content": "sample density only; severity labels intentionally not joined (no verifiable key) — candor over coverage"
    }
   }
  },
  {
   "type": "Feature",
   "geometry": {
    "type": "Polygon",
    "coordinates": [
     [
      [
       -82.04925867456795,
       26.4543662562403
      ],
      [
       -82.04794484701438,
       26.455662222169007
      ],
      [
       -82.04843251761345,
       26.45741885048201
      ],
      [
       -82.0502340812672,
       26.45787953657828
      ],
      [
       -82.05154794954738,
       26.45658354855496
      ],
      [
       -82.05106021344727,
       26.45482689653038
      ],
      [
       -82.04925867456795,
       26.4543662562403
      ]
     ]
    ]
   },
   "properties": {
    "h3_cell": "894413063cbffff",
    "n_samples": 27,
    "labels": {
     "svi_sample": 27
    },
    "uncertainty": {
     "content": "sample density only; severity labels intentionally not joined (no verifiable key) — candor over coverage"
    }
   }
  },
  {
   "type": "Feature",
   "geometry": {
    "type": "Polygon",
    "coordinates": [
     [
      [
       -82.05154794954738,
       26.45658354855496
      ],
      [
       -82.0502340812672,
       26.45787953657828
      ],
      [
       -82.05072181218037,
       26.459636193134568
      ],
      [
       -82.0525234768786,
       26.460096885377364
      ],
      [
       -82.0538373858837,
       26.458800875259914
      ],
      [
       -82.05334958946575,
       26.457044194994218
      ],
      [
       -82.05154794954738,
       26.45658354855496
      ]
     ]
    ]
   },
   "properties": {
    "h3_cell": "894413063cfffff",
    "n_samples": 1,
    "labels": {
     "svi_sample": 1
    },
    "uncertainty": {
     "content": "sample density only; severity labels intentionally not joined (no verifiable key) — candor over coverage"
    }
   }
  },
  {
   "type": "Feature",
   "geometry": {
    "type": "Polygon",
    "coordinates": [
     [
      [
       -82.05008479637321,
       26.45131362527239
      ],
      [
       -82.04877099877993,
       26.45260963246577
      ],
      [
       -82.04925867456795,
       26.4543662562403
      ],
      [
       -82.05106021344727,
       26.45482689653038
      ],
      [
       -82.0523740517638,
       26.453530867238282
      ],
      [
       -82.05188631047784,
       26.451774219755237
      ],
      [
       -82.05008479637321,
       26.45131362527239
      ]
     ]
    ]
   },
   "properties": {
    "h3_cell": "894413063dbffff",
    "n_samples": 17,
    "labels": {
     "svi_sample": 17
    },
    "uncertainty": {
     "content": "sample density only; severity labels intentionally not joined (no verifiable key) — candor over coverage"
    }
   }
  },
  {
   "type": "Feature",
   "geometry": {
    "type": "Polygon",
    "coordinates": [
     [
      [
       -82.06832694386435,
       26.426599222613206
      ],
      [
       -82.06701331304662,
       26.427895771711302
      ],
      [
       -82.06750128703494,
       26.42965245815893
      ],
      [
       -82.0693029573196,
       26.43011261917509
      ],
      [
       -82.07061662881644,
       26.428816047935147
      ],
      [
       -82.07012858934964,
       26.427059337821287
      ],
      [
       -82.06832694386435,
       26.426599222613206
      ]
     ]
    ]
   },
   "properties": {
    "h3_cell": "8944130642bffff",
    "n_samples": 8,
    "labels": {
     "svi_sample": 8
    },
    "uncertainty": {
     "content": "sample density only; severity labels intentionally not joined (no verifiable key) — candor over coverage"
    }
   }
  },
  {
   "type": "Feature",
   "geometry": {
    "type": "Polygon",
    "coordinates": [
     [
      [
       -82.07226779781041,
       26.42270936632898
      ],
      [
       -82.07095418624758,
       26.4240060199199
      ],
      [
       -82.07144223087907,
       26.42576272540148
      ],
      [
       -82.07324395254939,
       26.426222800950494
      ],
      [
       -82.07455760478281,
       26.42492612521005
      ],
      [
       -82.07406949467543,
       26.42316939607052
      ],
      [
       -82.07226779781041,
       26.42270936632898
      ]
     ]
    ]
   },
   "properties": {
    "h3_cell": "89441306433ffff",
    "n_samples": 7,
    "labels": {
     "svi_sample": 7
    },
    "uncertainty": {
     "content": "sample density only; severity labels intentionally not joined (no verifiable key) — candor over coverage"
    }
   }
  },
  {
   "type": "Feature",
   "geometry": {
    "type": "Polygon",
    "coordinates": [
     [
      [
       -82.0691525655619,
       26.42354595052093
      ],
      [
       -82.06783896470819,
       26.424842540794813
      ],
      [
       -82.06832694386435,
       26.426599222613206
      ],
      [
       -82.07012858934964,
       26.427059337821287
      ],
      [
       -82.07144223087907,
       26.42576272540148
      ],
      [
       -82.07095418624758,
       26.4240060199199
      ],
      [
       -82.0691525655619,
       26.42354595052093
      ]
     ]
    ]
   },
   "properties": {
    "h3_cell": "8944130643bffff",
    "n_samples": 7,
    "labels": {
     "svi_sample": 7
    },
    "uncertainty": {
     "content": "sample density only; severity labels intentionally not joined (no verifiable key) — candor over coverage"
    }
   }
  },
  {
   "type": "Feature",
   "geometry": {
    "type": "Polygon",
    "coordinates": [
     [
      [
       -82.05980739024879,
       26.426055085287004
      ],
      [
       -82.0584938215685,
       26.427351485603356
      ],
      [
       -82.05898160430215,
       26.429108096400867
      ],
      [
       -82.06078302118976,
       26.42956833056129
      ],
      [
       -82.0620966305611,
       26.428271908109828
      ],
      [
       -82.06160878235387,
       26.426515273633473
      ],
      [
       -82.05980739024879,
       26.426055085287004
      ]
     ]
    ]
   },
   "properties": {
    "h3_cell": "8944130646bffff",
    "n_samples": 5,
    "labels": {
     "svi_sample": 5
    },
    "uncertainty": {
     "content": "sample density only; severity labels intentionally not joined (no verifiable key) — candor over coverage"
    }
   }
  },
  {
   "type": "Feature",
   "geometry": {
    "type": "Polygon",
    "coordinates": [
     [
      [
       -82.0620966305611,
       26.428271908109828
      ],
      [
       -82.06078302118976,
       26.42956833056129
      ],
      [
       -82.06127086422295,
       26.431324969660757
      ],
      [
       -82.06307238210486,
       26.43178520998586
      ],
      [
       -82.06438603216552,
       26.430488765399772
      ],
      [
       -82.06389812365506,
       26.428732102623623
      ],
      [
       -82.0620966305611,
       26.428271908109828
      ]
     ]
    ]
   },
   "properties": {
    "h3_cell": "8944130646fffff",
    "n_samples": 31,
    "labels": {
     "svi_sample": 31
    },
    "uncertainty": {
     "content": "sample density only; severity labels intentionally not joined (no verifiable key) — candor over coverage"
    }
   }
  },
  {
   "type": "Feature",
   "geometry": {
    "type": "Polygon",
    "coordinates": [
     [
      [
       -82.07849852293494,
       26.421035889021873
      ],
      [
       -82.07718488997693,
       26.422332669243595
      ],
      [
       -82.0776730655608,
       26.424089422035852
      ],
      [
       -82.07947493957985,
       26.424549418254283
      ],
      [
       -82.08078861319822,
       26.423252615875814
      ],
      [
       -82.0803003721373,
       26.421495839436066
      ],
      [
       -82.07849852293494,
       26.421035889021873
      ]
     ]
    ]
   },
   "properties": {
    "h3_cell": "894413064a7ffff",
    "n_samples": 12,
    "labels": {
     "svi_sample": 12
    },
    "uncertainty": {
     "content": "sample density only; severity labels intentionally not joined (no verifiable key) — candor over coverage"
    }
   }
  },
  {
   "type": "Feature",
   "geometry": {
    "type": "Polygon",
    "coordinates": [
     [
      [
       -82.07538311693968,
       26.42187267916366
      ],
      [
       -82.07406949467543,
       26.42316939607052
      ],
      [
       -82.07455760478281,
       26.42492612521005
      ],
      [
       -82.07635940263106,
       26.425386161095844
      ],
      [
       -82.0776730655608,
       26.424089422035852
      ],
      [
       -82.07718488997693,
       26.422332669243595
      ],
      [
       -82.07538311693968,
       26.42187267916366
      ]
     ]
    ]
   },
   "properties": {
    "h3_cell": "894413064afffff",
    "n_samples": 8,
    "labels": {
     "svi_sample": 8
    },
    "uncertainty": {
     "content": "sample density only; severity labels intentionally not joined (no verifiable key) — candor over coverage"
    }
   }
  },
  {
   "type": "Feature",
   "geometry": {
    "type": "Polygon",
    "coordinates": [
     [
      [
       -82.08600905935795,
       26.436010435799066
      ],
      [
       -82.08469520379737,
       26.43730722227974
      ],
      [
       -82.08518361040073,
       26.439064097387185
      ],
      [
       -82.08698593806284,
       26.439524209659304
      ],
      [
       -82.08829983428366,
       26.438227401032073
      ],
      [
       -82.08781136218222,
       26.43647050227969
      ],
      [
       -82.08600905935795,
       26.436010435799066
      ]
     ]
    ]
   },
   "properties": {
    "h3_cell": "89441306507ffff",
    "n_samples": 7,
    "labels": {
     "svi_sample": 7
    },
    "uncertainty": {
     "content": "sample density only; severity labels intentionally not joined (no verifiable key) — candor over coverage"
    }
   }
  },
  {
   "type": "Feature",
   "geometry": {
    "type": "Polygon",
    "coordinates": [
     [
      [
       -82.08060250523465,
       26.43463016918342
      ],
      [
       -82.07928870101958,
       26.435926870182016
      ],
      [
       -82.07977698178618,
       26.437683693388458
      ],
      [
       -82.08157913226174,
       26.43814383924908
      ],
      [
       -82.08289297714389,
       26.43684711610705
      ],
      [
       -82.08240463088347,
       26.43509026924826
      ],
      [
       -82.08060250523465,
       26.43463016918342
      ]
     ]
    ]
   },
   "properties": {
    "h3_cell": "8944130650bffff",
    "n_samples": 27,
    "labels": {
     "svi_sample": 27
    },
    "uncertainty": {
     "content": "sample density only; severity labels intentionally not joined (no verifiable key) — candor over coverage"
    }
   }
  },
  {
   "type": "Feature",
   "geometry": {
    "type": "Polygon",
    "coordinates": [
     [
      [
       -82.08289297714389,
       26.43684711610705
      ],
      [
       -82.08157913226174,
       26.43814383924908
      ],
      [
       -82.08206747336762,
       26.43990069070635
      ],
      [
       -82.08386972485324,
       26.440360842672177
      ],
      [
       -82.08518361040073,
       26.439064097387185
      ],
      [
       -82.08469520379737,
       26.43730722227974
      ],
      [
       -82.08289297714389,
       26.43684711610705
      ]
     ]
    ]
   },
   "properties": {
    "h3_cell": "8944130650fffff",
    "n_samples": 10,
    "labels": {
     "svi_sample": 10
    },
    "uncertainty": {
     "content": "sample density only; severity labels intentionally not joined (no verifiable key) — candor over coverage"
    }
   }
  },
  {
   "type": "Feature",
   "geometry": {
    "type": "Polygon",
    "coordinates": [
     [
      [
       -82.08142799354638,
       26.431576608396163
      ],
      [
       -82.08011421931147,
       26.432873350582234
      ],
      [
       -82.08060250523465,
       26.43463016918342
      ],
      [
       -82.08240463088347,
       26.43509026924826
      ],
      [
       -82.0837184457821,
       26.43379350491464
      ],
      [
       -82.08323009436825,
       26.432036662664153
      ],
      [
       -82.08142799354638,
       26.431576608396163
      ]
     ]
    ]
   },
   "properties": {
    "h3_cell": "8944130651bffff",
    "n_samples": 1,
    "labels": {
     "svi_sample": 1
    },
    "uncertainty": {
     "content": "sample density only; severity labels intentionally not joined (no verifiable key) — candor over coverage"
    }
   }
  },
  {
   "type": "Feature",
   "geometry": {
    "type": "Polygon",
    "coordinates": [
     [
      [
       -82.07519648264956,
       26.43324980186341
      ],
      [
       -82.07388272979968,
       26.434546417385526
      ],
      [
       -82.0743708847432,
       26.436303188672483
      ],
      [
       -82.07617285802625,
       26.43676336809748
      ],
      [
       -82.07748665155007,
       26.435466730435024
      ],
      [
       -82.076998431117,
       26.433709935488327
      ],
      [
       -82.07519648264956,
       26.43324980186341
      ]
     ]
    ]
   },
   "properties": {
    "h3_cell": "89441306543ffff",
    "n_samples": 1,
    "labels": {
     "svi_sample": 1
    },
    "uncertainty": {
     "content": "sample density only; severity labels intentionally not joined (no verifiable key) — candor over coverage"
    }
   }
  },
  {
   "type": "Feature",
   "geometry": {
    "type": "Polygon",
    "coordinates": [
     [
      [
       -82.07748665155007,
       26.435466730435024
      ],
      [
       -82.07617285802625,
       26.43676336809748
      ],
      [
       -82.07666107329962,
       26.43852016764635
      ],
      [
       -82.07846314759016,
       26.438980353190765
      ],
      [
       -82.07977698178618,
       26.437683693388458
      ],
      [
       -82.07928870101958,
       26.435926870182016
      ],
      [
       -82.07748665155007,
       26.435466730435024
      ]
     ]
    ]
   },
   "properties": {
    "h3_cell": "89441306547ffff",
    "n_samples": 34,
    "labels": {
     "svi_sample": 34
    },
    "uncertainty": {
     "content": "sample density only; severity labels intentionally not joined (no verifiable key) — candor over coverage"
    }
   }
  },
  {
   "type": "Feature",
   "geometry": {
    "type": "Polygon",
    "coordinates": [
     [
      [
       -82.0720808575201,
       26.434086244088384
      ],
      [
       -82.07076711537422,
       26.43538279627689
      ],
      [
       -82.07125520482882,
       26.437139543898883
      ],
      [
       -82.07305710191831,
       26.437599762997735
      ],
      [
       -82.0743708847432,
       26.436303188672483
      ],
      [
       -82.07388272979968,
       26.434546417385526
      ],
      [
       -82.0720808575201,
       26.434086244088384
      ]
     ]
    ]
   },
   "properties": {
    "h3_cell": "8944130654bffff",
    "n_samples": 2,
    "labels": {
     "svi_sample": 2
    },
    "uncertainty": {
     "content": "sample density only; severity labels intentionally not joined (no verifiable key) — candor over coverage"
    }
   }
  },
  {
   "type": "Feature",
   "geometry": {
    "type": "Polygon",
    "coordinates": [
     [
      [
       -82.0743708847432,
       26.436303188672483
      ],
      [
       -82.07305710191831,
       26.437599762997735
      ],
      [
       -82.07354525169903,
       26.439356538883825
      ],
      [
       -82.07534724979742,
       26.439816764107857
      ],
      [
       -82.07666107329962,
       26.43852016764635
      ],
      [
       -82.07617285802625,
       26.43676336809748
      ],
      [
       -82.0743708847432,
       26.436303188672483
      ]
     ]
    ]
   },
   "properties": {
    "h3_cell": "8944130654fffff",
    "n_samples": 31,
    "labels": {
     "svi_sample": 31
    },
    "uncertainty": {
     "content": "sample density only; severity labels intentionally not joined (no verifiable key) — candor over coverage"
    }
   }
  },
  {
   "type": "Feature",
   "geometry": {
    "type": "Polygon",
    "coordinates": [
     [
      [
       -82.07831219466325,
       26.432413256633705
      ],
      [
       -82.076998431117,
       26.433709935488327
      ],
      [
       -82.07748665155007,
       26.435466730435024
      ],
      [
       -82.07928870101958,
       26.435926870182016
      ],
      [
       -82.08060250523465,
       26.43463016918342
      ],
      [
       -82.08011421931147,
       26.432873350582234
      ],
      [
       -82.07831219466325,
       26.432413256633705
      ]
     ]
    ]
   },
   "properties": {
    "h3_cell": "89441306557ffff",
    "n_samples": 16,
    "labels": {
     "svi_sample": 16
    },
    "uncertainty": {
     "content": "sample density only; severity labels intentionally not joined (no verifiable key) — candor over coverage"
    }
   }
  },
  {
   "type": "Feature",
   "geometry": {
    "type": "Polygon",
    "coordinates": [
     [
      [
       -82.07977698178618,
       26.437683693388458
      ],
      [
       -82.07846314759016,
       26.438980353190765
      ],
      [
       -82.07895142319911,
       26.440737180992635
      ],
      [
       -82.08075359850112,
       26.44119737264801
      ],
      [
       -82.08206747336762,
       26.43990069070635
      ],
      [
       -82.08157913226174,
       26.43814383924908
      ],
      [
       -82.07977698178618,
       26.437683693388458
      ]
     ]
    ]
   },
   "properties": {
    "h3_cell": "89441306573ffff",
    "n_samples": 15,
    "labels": {
     "svi_sample": 15
    },
    "uncertainty": {
     "content": "sample density only; severity labels intentionally not joined (no verifiable key) — candor over coverage"
    }
   }
  },
  {
   "type": "Feature",
   "geometry": {
    "type": "Polygon",
    "coordinates": [
     [
      [
       -82.07666107329962,
       26.43852016764635
      ],
      [
       -82.07534724979742,
       26.439816764107857
      ],
      [
       -82.07583545991002,
       26.4415735682491
      ],
      [
       -82.0776375590213,
       26.44203379958988
      ],
      [
       -82.07895142319911,
       26.440737180992635
      ],
      [
       -82.07846314759016,
       26.438980353190765
      ],
      [
       -82.07666107329962,
       26.43852016764635
      ]
     ]
    ]
   },
   "properties": {
    "h3_cell": "8944130657bffff",
    "n_samples": 11,
    "labels": {
     "svi_sample": 11
    },
    "uncertainty": {
     "content": "sample density only; severity labels intentionally not joined (no verifiable key) — candor over coverage"
    }
   }
  },
  {
   "type": "Feature",
   "geometry": {
    "type": "Polygon",
    "coordinates": [
     [
      [
       -82.09077591126433,
       26.42906604560595
      ],
      [
       -82.08946210500955,
       26.43036297777984
      ],
      [
       -82.08995058740645,
       26.432119867313205
      ],
      [
       -82.09175294155065,
       26.43257984830669
      ],
      [
       -82.09306678845378,
       26.431282893974434
      ],
      [
       -82.09257824056446,
       26.429525980807476
      ],
      [
       -82.09077591126433,
       26.42906604560595
      ]
     ]
    ]
   },
   "properties": {
    "h3_cell": "89441306587ffff",
    "n_samples": 13,
    "labels": {
     "svi_sample": 13
    },
    "uncertainty": {
     "content": "sample density only; severity labels intentionally not joined (no verifiable key) — candor over coverage"
    }
   }
  },
  {
   "type": "Feature",
   "geometry": {
    "type": "Polygon",
    "coordinates": [
     [
      [
       -82.08765985186173,
       26.429903002885343
      ],
      [
       -82.08634605627253,
       26.431199871731046
      ],
      [
       -82.08683447317763,
       26.43295673762559
      ],
      [
       -82.08863675116383,
       26.433416758313665
      ],
      [
       -82.08995058740645,
       26.432119867313205
      ],
      [
       -82.08946210500955,
       26.43036297777984
      ],
      [
       -82.08765985186173,
       26.429903002885343
      ]
     ]
    ]
   },
   "properties": {
    "h3_cell": "8944130658fffff",
    "n_samples": 6,
    "labels": {
     "svi_sample": 6
    },
    "uncertainty": {
     "content": "sample density only; severity labels intentionally not joined (no verifiable key) — candor over coverage"
    }
   }
  },
  {
   "type": "Feature",
   "geometry": {
    "type": "Polygon",
    "coordinates": [
     [
      [
       -82.08931050383063,
       26.423795423779005
      ],
      [
       -82.08799676820959,
       26.425092374954588
      ],
      [
       -82.08848519541208,
       26.426849231596947
      ],
      [
       -82.09028742372129,
       26.427309160696826
      ],
      [
       -82.09160119998903,
       26.426012187358285
      ],
      [
       -82.09111270730097,
       26.42425530708322
      ],
      [
       -82.08931050383063,
       26.423795423779005
      ]
     ]
    ]
   },
   "properties": {
    "h3_cell": "89441306593ffff",
    "n_samples": 24,
    "labels": {
     "svi_sample": 24
    },
    "uncertainty": {
     "content": "sample density only; severity labels intentionally not joined (no verifiable key) — candor over coverage"
    }
   }
  },
  {
   "type": "Feature",
   "geometry": {
    "type": "Polygon",
    "coordinates": [
     [
      [
       -82.09160119998903,
       26.426012187358285
      ],
      [
       -82.09028742372129,
       26.427309160696826
      ],
      [
       -82.09077591126433,
       26.42906604560595
      ],
      [
       -82.09257824056446,
       26.429525980807476
      ],
      [
       -82.09389205747716,
       26.42822898530648
      ],
      [
       -82.09340350444485,
       26.426472076766814
      ],
      [
       -82.09160119998903,
       26.426012187358285
      ]
     ]
    ]
   },
   "properties": {
    "h3_cell": "89441306597ffff",
    "n_samples": 7,
    "labels": {
     "svi_sample": 7
    },
    "uncertainty": {
     "content": "sample density only; severity labels intentionally not joined (no verifiable key) — candor over coverage"
    }
   }
  },
  {
   "type": "Feature",
   "geometry": {
    "type": "Polygon",
    "coordinates": [
     [
      [
       -82.08912522841355,
       26.435173652461458
      ],
      [
       -82.08781136218222,
       26.43647050227969
      ],
      [
       -82.08829983428366,
       26.438227401032073
      ],
      [
       -82.09010223811515,
       26.438687473606343
      ],
      [
       -82.09141614500159,
       26.437390601637944
      ],
      [
       -82.0909276074015,
       26.435633679245843
      ],
      [
       -82.08912522841355,
       26.435173652461458
      ]
     ]
    ]
   },
   "properties": {
    "h3_cell": "894413065abffff",
    "n_samples": 1,
    "labels": {
     "svi_sample": 1
    },
    "uncertainty": {
     "content": "sample density only; severity labels intentionally not joined (no verifiable key) — candor over coverage"
    }
   }
  },
  {
   "type": "Feature",
   "geometry": {
    "type": "Polygon",
    "coordinates": [
     [
      [
       -82.09141614500159,
       26.437390601637944
      ],
      [
       -82.09010223811515,
       26.438687473606343
      ],
      [
       -82.09059077056897,
       26.44044440059627
      ],
      [
       -82.09239327541165,
       26.44090447925575
      ],
      [
       -82.09370722295148,
       26.439607585137672
      ],
      [
       -82.09321862499533,
       26.437850634510212
      ],
      [
       -82.09141614500159,
       26.437390601637944
      ]
     ]
    ]
   },
   "properties": {
    "h3_cell": "894413065afffff",
    "n_samples": 3,
    "labels": {
     "svi_sample": 3
    },
    "uncertainty": {
     "content": "sample density only; severity labels intentionally not joined (no verifiable key) — candor over coverage"
    }
   }
  },
  {
   "type": "Feature",
   "geometry": {
    "type": "Polygon",
    "coordinates": [
     [
      [
       -82.09535782699017,
       26.43349977668502
      ],
      [
       -82.09404393944043,
       26.43479675317515
      ],
      [
       -82.09453254253971,
       26.436553699201728
      ],
      [
       -82.09633509868858,
       26.43701369236785
      ],
      [
       -82.0976490268832,
       26.435716693720373
      ],
      [
       -82.09716035828416,
       26.433959724064543
      ],
      [
       -82.09535782699017,
       26.43349977668502
      ]
     ]
    ]
   },
   "properties": {
    "h3_cell": "894413065b7ffff",
    "n_samples": 2,
    "labels": {
     "svi_sample": 2
    },
    "uncertainty": {
     "content": "sample density only; severity labels intentionally not joined (no verifiable key) — candor over coverage"
    }
   }
  },
  {
   "type": "Feature",
   "geometry": {
    "type": "Polygon",
    "coordinates": [
     [
      [
       -82.07996317548545,
       26.426306199335496
      ],
      [
       -82.07864947189191,
       26.427602960548125
      ],
      [
       -82.07913770264108,
       26.429359746260996
      ],
      [
       -82.08093970246773,
       26.429819794410026
      ],
      [
       -82.0822534467233,
       26.428523011045243
      ],
      [
       -82.08176515049027,
       26.426766201683993
      ],
      [
       -82.07996317548545,
       26.426306199335496
      ]
     ]
    ]
   },
   "properties": {
    "h3_cell": "894413065c3ffff",
    "n_samples": 23,
    "labels": {
     "svi_sample": 23
    },
    "uncertainty": {
     "content": "sample density only; severity labels intentionally not joined (no verifiable key) — candor over coverage"
    }
   }
  },
  {
   "type": "Feature",
   "geometry": {
    "type": "Polygon",
    "coordinates": [
     [
      [
       -82.07913770264108,
       26.429359746260996
      ],
      [
       -82.0778239690716,
       26.430656466299013
      ],
      [
       -82.07831219466325,
       26.432413256633705
      ],
      [
       -82.08011421931147,
       26.432873350582234
      ],
      [
       -82.08142799354638,
       26.431576608396163
      ],
      [
       -82.08093970246773,
       26.429819794410026
      ],
      [
       -82.07913770264108,
       26.429359746260996
      ]
     ]
    ]
   },
   "properties": {
    "h3_cell": "894413065cfffff",
    "n_samples": 15,
    "labels": {
     "svi_sample": 15
    },
    "uncertainty": {
     "content": "sample density only; severity labels intentionally not joined (no verifiable key) — candor over coverage"
    }
   }
  },
  {
   "type": "Feature",
   "geometry": {
    "type": "Polygon",
    "coordinates": [
     [
      [
       -82.08078861319822,
       26.423252615875814
      ],
      [
       -82.07947493957985,
       26.424549418254283
      ],
      [
       -82.07996317548545,
       26.426306199335496
      ],
      [
       -82.08176515049027,
       26.426766201683993
      ],
      [
       -82.08307886476732,
       26.425469377149295
      ],
      [
       -82.08259056338099,
       26.423712572422733
      ],
      [
       -82.08078861319822,
       26.423252615875814
      ]
     ]
    ]
   },
   "properties": {
    "h3_cell": "894413065d3ffff",
    "n_samples": 21,
    "labels": {
     "svi_sample": 21
    },
    "uncertainty": {
     "content": "sample density only; severity labels intentionally not joined (no verifiable key) — candor over coverage"
    }
   }
  },
  {
   "type": "Feature",
   "geometry": {
    "type": "Polygon",
    "coordinates": [
     [
      [
       -82.04963704727318,
       26.43161604348181
      ],
      [
       -82.04832348088678,
       26.43291221262709
      ],
      [
       -82.04881106201665,
       26.434668756967582
      ],
      [
       -82.05061227500792,
       26.43512915586077
      ],
      [
       -82.05192588210407,
       26.433832964595275
      ],
      [
       -82.05143823549928,
       26.432076396557214
      ],
      [
       -82.04963704727318,
       26.43161604348181
      ]
     ]
    ]
   },
   "properties": {
    "h3_cell": "89441306623ffff",
    "n_samples": 14,
    "labels": {
     "svi_sample": 14
    },
    "uncertainty": {
     "content": "sample density only; severity labels intentionally not joined (no verifiable key) — candor over coverage"
    }
   }
  },
  {
   "type": "Feature",
   "geometry": {
    "type": "Polygon",
    "coordinates": [
     [
      [
       -82.05192588210407,
       26.433832964595275
      ],
      [
       -82.05061227500792,
       26.43512915586077
      ],
      [
       -82.05109991642826,
       26.436885728502947
      ],
      [
       -82.05290123042349,
       26.43734613357546
      ],
      [
       -82.05421487822763,
       26.436049920190268
      ],
      [
       -82.05372717132867,
       26.43429332385267
      ],
      [
       -82.05192588210407,
       26.433832964595275
      ]
     ]
    ]
   },
   "properties": {
    "h3_cell": "89441306627ffff",
    "n_samples": 11,
    "labels": {
     "svi_sample": 11
    },
    "uncertainty": {
     "content": "sample density only; severity labels intentionally not joined (no verifiable key) — candor over coverage"
    }
   }
  },
  {
   "type": "Feature",
   "geometry": {
    "type": "Polygon",
    "coordinates": [
     [
      [
       -82.0465223688954,
       26.432451819921656
      ],
      [
       -82.04520881327444,
       26.433747925737727
      ],
      [
       -82.04569632892992,
       26.435504446375415
      ],
      [
       -82.04749746568082,
       26.435964884900244
      ],
      [
       -82.04881106201665,
       26.434668756967582
      ],
      [
       -82.04832348088678,
       26.43291221262709
      ],
      [
       -82.0465223688954,
       26.432451819921656
      ]
     ]
    ]
   },
   "properties": {
    "h3_cell": "8944130662bffff",
    "n_samples": 12,
    "labels": {
     "svi_sample": 12
    },
    "uncertainty": {
     "content": "sample density only; severity labels intentionally not joined (no verifiable key) — candor over coverage"
    }
   }
  },
  {
   "type": "Feature",
   "geometry": {
    "type": "Polygon",
    "coordinates": [
     [
      [
       -82.04881106201665,
       26.434668756967582
      ],
      [
       -82.04749746568082,
       26.435964884900244
      ],
      [
       -82.04798504162308,
       26.437721433841798
      ],
      [
       -82.0497862793793,
       26.438181878551717
      ],
      [
       -82.05109991642826,
       26.436885728502947
      ],
      [
       -82.05061227500792,
       26.43512915586077
      ],
      [
       -82.04881106201665,
       26.434668756967582
      ]
     ]
    ]
   },
   "properties": {
    "h3_cell": "8944130662fffff",
    "n_samples": 26,
    "labels": {
     "svi_sample": 26
    },
    "uncertainty": {
     "content": "sample density only; severity labels intentionally not joined (no verifiable key) — candor over coverage"
    }
   }
  },
  {
   "type": "Feature",
   "geometry": {
    "type": "Polygon",
    "coordinates": [
     [
      [
       -82.0527518126434,
       26.43078016408377
      ],
      [
       -82.05143823549928,
       26.432076396557214
      ],
      [
       -82.05192588210407,
       26.433832964595275
      ],
      [
       -82.05372717132867,
       26.43429332385267
      ],
      [
       -82.05504078917744,
       26.43299706925543
      ],
      [
       -82.05455307709708,
       26.431240477525005
      ],
      [
       -82.0527518126434,
       26.43078016408377
      ]
     ]
    ]
   },
   "properties": {
    "h3_cell": "89441306637ffff",
    "n_samples": 20,
    "labels": {
     "svi_sample": 20
    },
    "uncertainty": {
     "content": "sample density only; severity labels intentionally not joined (no verifiable key) — candor over coverage"
    }
   }
  },
  {
   "type": "Feature",
   "geometry": {
    "type": "Polygon",
    "coordinates": [
     [
      [
       -82.05669250567115,
       26.426891257616052
      ],
      [
       -82.05537894773069,
       26.428187594611067
      ],
      [
       -82.05586666499131,
       26.42994418172449
      ],
      [
       -82.05766800566552,
       26.43040445552739
      ],
      [
       -82.05898160430215,
       26.429108096400867
      ],
      [
       -82.0584938215685,
       26.427351485603356
      ],
      [
       -82.05669250567115,
       26.426891257616052
      ]
     ]
    ]
   },
   "properties": {
    "h3_cell": "894413066a7ffff",
    "n_samples": 11,
    "labels": {
     "svi_sample": 11
    },
    "uncertainty": {
     "content": "sample density only; severity labels intentionally not joined (no verifiable key) — candor over coverage"
    }
   }
  },
  {
   "type": "Feature",
   "geometry": {
    "type": "Polygon",
    "coordinates": [
     [
      [
       -82.01912853792597,
       26.44829000516936
      ],
      [
       -82.01781497892341,
       26.449585480523215
      ],
      [
       -82.01830195515504,
       26.451341825041894
      ],
      [
       -82.02010255586825,
       26.45180271796084
      ],
      [
       -82.02141615563657,
       26.45050722053154
      ],
      [
       -82.02092911392599,
       26.448750852259156
      ],
      [
       -82.01912853792597,
       26.44829000516936
      ]
     ]
    ]
   },
   "properties": {
    "h3_cell": "89441307113ffff",
    "n_samples": 29,
    "labels": {
     "svi_sample": 29
    },
    "uncertainty": {
     "content": "sample density only; severity labels intentionally not joined (no verifiable key) — candor over coverage"
    }
   }
  },
  {
   "type": "Feature",
   "geometry": {
    "type": "Polygon",
    "coordinates": [
     [
      [
       -82.02141615563657,
       26.45050722053154
      ],
      [
       -82.02010255586825,
       26.45180271796084
      ],
      [
       -82.02058959236307,
       26.453559090780395
      ],
      [
       -82.022390294109,
       26.45401998992261
      ],
      [
       -82.02370393464142,
       26.45272447041836
      ],
      [
       -82.0232168326639,
       26.45096807384726
      ],
      [
       -82.02141615563657,
       26.45050722053154
      ]
     ]
    ]
   },
   "properties": {
    "h3_cell": "89441307117ffff",
    "n_samples": 29,
    "labels": {
     "svi_sample": 29
    },
    "uncertainty": {
     "content": "sample density only; severity labels intentionally not joined (no verifiable key) — candor over coverage"
    }
   }
  },
  {
   "type": "Feature",
   "geometry": {
    "type": "Polygon",
    "coordinates": [
     [
      [
       -82.0253569167354,
       26.446620518985604
      ],
      [
       -82.02404333607149,
       26.447916121041807
      ],
      [
       -82.02453044326165,
       26.449672513062662
      ],
      [
       -82.026331196596,
       26.450133326771017
      ],
      [
       -82.02764481801553,
       26.44883770263217
      ],
      [
       -82.0271576453452,
       26.447081286868016
      ],
      [
       -82.0253569167354,
       26.446620518985604
      ]
     ]
    ]
   },
   "properties": {
    "h3_cell": "89441307187ffff",
    "n_samples": 32,
    "labels": {
     "svi_sample": 32
    },
    "uncertainty": {
     "content": "sample density only; severity labels intentionally not joined (no verifiable key) — candor over coverage"
    }
   }
  },
  {
   "type": "Feature",
   "geometry": {
    "type": "Polygon",
    "coordinates": [
     [
      [
       -82.02224268376305,
       26.44745531355361
      ],
      [
       -82.02092911392599,
       26.448750852259156
      ],
      [
       -82.02141615563657,
       26.45050722053154
      ],
      [
       -82.0232168326639,
       26.45096807384726
      ],
      [
       -82.02453044326165,
       26.449672513062662
      ],
      [
       -82.02404333607149,
       26.447916121041807
      ],
      [
       -82.02224268376305,
       26.44745531355361
      ]
     ]
    ]
   },
   "properties": {
    "h3_cell": "8944130718fffff",
    "n_samples": 18,
    "labels": {
     "svi_sample": 18
    },
    "uncertainty": {
     "content": "sample density only; severity labels intentionally not joined (no verifiable key) — candor over coverage"
    }
   }
  },
  {
   "type": "Feature",
   "geometry": {
    "type": "Polygon",
    "coordinates": [
     [
      [
       -82.02618335506459,
       26.443568488205745
      ],
      [
       -82.02486980433369,
       26.444864131524774
      ],
      [
       -82.0253569167354,
       26.446620518985604
      ],
      [
       -82.0271576453452,
       26.447081286868016
      ],
      [
       -82.0284712368283,
       26.44578562146223
      ],
      [
       -82.02798405894951,
       26.444029210261185
      ],
      [
       -82.02618335506459,
       26.443568488205745
      ]
     ]
    ]
   },
   "properties": {
    "h3_cell": "89441307197ffff",
    "n_samples": 25,
    "labels": {
     "svi_sample": 25
    },
    "uncertainty": {
     "content": "sample density only; severity labels intentionally not joined (no verifiable key) — candor over coverage"
    }
   }
  },
  {
   "type": "Feature",
   "geometry": {
    "type": "Polygon",
    "coordinates": [
     [
      [
       -82.02764481801553,
       26.44883770263217
      ],
      [
       -82.026331196596,
       26.450133326771017
      ],
      [
       -82.02681836405682,
       26.451889747088448
      ],
      [
       -82.02861921842111,
       26.45235056700854
      ],
      [
       -82.02993288059453,
       26.451054920787513
      ],
      [
       -82.02944564764984,
       26.44929847672898
      ],
      [
       -82.02764481801553,
       26.44883770263217
      ]
     ]
    ]
   },
   "properties": {
    "h3_cell": "894413071b3ffff",
    "n_samples": 38,
    "labels": {
     "svi_sample": 38
    },
    "uncertainty": {
     "content": "sample density only; severity labels intentionally not joined (no verifiable key) — candor over coverage"
    }
   }
  },
  {
   "type": "Feature",
   "geometry": {
    "type": "Polygon",
    "coordinates": [
     [
      [
       -82.02993288059453,
       26.451054920787513
      ],
      [
       -82.02861921842111,
       26.45235056700854
      ],
      [
       -82.0291064461583,
       26.454107015613605
      ],
      [
       -82.03090740155655,
       26.454567841737006
      ],
      [
       -82.03222110448215,
       26.45327217343431
      ],
      [
       -82.03173381125738,
       26.4515157010903
      ],
      [
       -82.02993288059453,
       26.451054920787513
      ]
     ]
    ]
   },
   "properties": {
    "h3_cell": "894413071b7ffff",
    "n_samples": 13,
    "labels": {
     "svi_sample": 13
    },
    "uncertainty": {
     "content": "sample density only; severity labels intentionally not joined (no verifiable key) — candor over coverage"
    }
   }
  },
  {
   "type": "Feature",
   "geometry": {
    "type": "Polygon",
    "coordinates": [
     [
      [
       -82.02453044326165,
       26.449672513062662
      ],
      [
       -82.0232168326639,
       26.45096807384726
      ],
      [
       -82.02370393464142,
       26.45272447041836
      ],
      [
       -82.02550471270007,
       26.453185329951594
      ],
      [
       -82.02681836405682,
       26.451889747088448
      ],
      [
       -82.026331196596,
       26.450133326771017
      ],
      [
       -82.02453044326165,
       26.449672513062662
      ]
     ]
    ]
   },
   "properties": {
    "h3_cell": "894413071bbffff",
    "n_samples": 49,
    "labels": {
     "svi_sample": 49
    },
    "uncertainty": {
     "content": "sample density only; severity labels intentionally not joined (no verifiable key) — candor over coverage"
    }
   }
  },
  {
   "type": "Feature",
   "geometry": {
    "type": "Polygon",
    "coordinates": [
     [
      [
       -81.89590672998416,
       26.58303081166627
      ],
      [
       -81.89459242443012,
       26.584322889367385
      ],
      [
       -81.89507724465254,
       26.586078672981415
      ],
      [
       -81.89687643600132,
       26.586542402913867
      ],
      [
       -81.89819078259555,
       26.58525030339358
      ],
      [
       -81.89770589680089,
       26.58349449576042
      ],
      [
       -81.89590672998416,
       26.58303081166627
      ]
     ]
    ]
   },
   "properties": {
    "h3_cell": "8944130c847ffff",
    "n_samples": 1,
    "labels": {
     "svi_sample": 1
    },
    "uncertainty": {
     "content": "sample density only; severity labels intentionally not joined (no verifiable key) — candor over coverage"
    }
   }
  },
  {
   "type": "Feature",
   "geometry": {
    "type": "Polygon",
    "coordinates": [
     [
      [
       -81.89279333434519,
       26.583859165744503
      ],
      [
       -81.89147903995632,
       26.585151179896226
      ],
      [
       -81.89196379460708,
       26.58690693948595
      ],
      [
       -81.89376290921841,
       26.587370708948676
      ],
      [
       -81.89507724465254,
       26.586078672981415
      ],
      [
       -81.89459242443012,
       26.584322889367385
      ],
      [
       -81.89279333434519,
       26.583859165744503
      ]
     ]
    ]
   },
   "properties": {
    "h3_cell": "8944130c84fffff",
    "n_samples": 2,
    "labels": {
     "svi_sample": 2
    },
    "uncertainty": {
     "content": "sample density only; severity labels intentionally not joined (no verifiable key) — candor over coverage"
    }
   }
  },
  {
   "type": "Feature",
   "geometry": {
    "type": "Polygon",
    "coordinates": [
     [
      [
       -81.89507724465254,
       26.586078672981415
      ],
      [
       -81.89376290921841,
       26.587370708948676
      ],
      [
       -81.89424772408937,
       26.589126496663003
      ],
      [
       -81.89604693996995,
       26.58959027243263
      ],
      [
       -81.89736131644769,
       26.588298214650333
      ],
      [
       -81.89687643600132,
       26.586542402913867
      ],
      [
       -81.89507724465254,
       26.586078672981415
      ]
     ]
    ]
   },
   "properties": {
    "h3_cell": "8944130c87bffff",
    "n_samples": 4,
    "labels": {
     "svi_sample": 4
    },
    "uncertainty": {
     "content": "sample density only; severity labels intentionally not joined (no verifiable key) — candor over coverage"
    }
   }
  },
  {
   "type": "Feature",
   "geometry": {
    "type": "Polygon",
    "coordinates": [
     [
      [
       -81.92747176637357,
       26.594424114784633
      ],
      [
       -81.92615711803916,
       26.595716663068906
      ],
      [
       -81.92664268794942,
       26.597472763320905
      ],
      [
       -81.92844297179596,
       26.597936339267072
      ],
      [
       -81.92975766113362,
       26.596643769148958
      ],
      [
       -81.92927202562161,
       26.594887644918902
      ],
      [
       -81.92747176637357,
       26.594424114784633
      ]
     ]
    ]
   },
   "properties": {
    "h3_cell": "8944130c9b3ffff",
    "n_samples": 13,
    "labels": {
     "svi_sample": 13
    },
    "uncertainty": {
     "content": "sample density only; severity labels intentionally not joined (no verifiable key) — candor over coverage"
    }
   }
  },
  {
   "type": "Feature",
   "geometry": {
    "type": "Polygon",
    "coordinates": [
     [
      [
       -81.88262397200292,
       26.589391120532245
      ],
      [
       -81.88130968128586,
       26.59068290227775
      ],
      [
       -81.88179423386174,
       26.59243859385166
      ],
      [
       -81.88359314272758,
       26.59290252772332
      ],
      [
       -81.8849074745085,
       26.591610724177272
      ],
      [
       -81.8844228563598,
       26.589855008560484
      ],
      [
       -81.88262397200292,
       26.589391120532245
      ]
     ]
    ]
   },
   "properties": {
    "h3_cell": "8944130ca07ffff",
    "n_samples": 5,
    "labels": {
     "svi_sample": 5
    },
    "uncertainty": {
     "content": "sample density only; severity labels intentionally not joined (no verifiable key) — candor over coverage"
    }
   }
  },
  {
   "type": "Feature",
   "geometry": {
    "type": "Polygon",
    "coordinates": [
     [
      [
       -81.88345367491057,
       26.586343609548813
      ],
      [
       -81.88213941406319,
       26.587635433046525
      ],
      [
       -81.88262397200292,
       26.589391120532245
      ],
      [
       -81.8844228563598,
       26.589855008560484
      ],
      [
       -81.88573715826762,
       26.5885631632581
      ],
      [
       -81.88525253475818,
       26.586807451732536
      ],
      [
       -81.88345367491057,
       26.586343609548813
      ]
     ]
    ]
   },
   "properties": {
    "h3_cell": "8944130ca17ffff",
    "n_samples": 20,
    "labels": {
     "svi_sample": 20
    },
    "uncertainty": {
     "content": "sample density only; severity labels intentionally not joined (no verifiable key) — candor over coverage"
    }
   }
  },
  {
   "type": "Feature",
   "geometry": {
    "type": "Polygon",
    "coordinates": [
     [
      [
       -81.88719113850193,
       26.593830362268697
      ],
      [
       -81.88587676565882,
       26.595122187614823
      ],
      [
       -81.88636143866242,
       26.596877935428445
      ],
      [
       -81.88816055008947,
       26.597341881934895
      ],
      [
       -81.8894749639931,
       26.596050034789208
      ],
      [
       -81.8889902254092,
       26.59429426293703
      ],
      [
       -81.88719113850193,
       26.593830362268697
      ]
     ]
    ]
   },
   "properties": {
    "h3_cell": "8944130ca37ffff",
    "n_samples": 5,
    "labels": {
     "svi_sample": 5
    },
    "uncertainty": {
     "content": "sample density only; severity labels intentionally not joined (no verifiable key) — candor over coverage"
    }
   }
  },
  {
   "type": "Feature",
   "geometry": {
    "type": "Polygon",
    "coordinates": [
     [
      [
       -81.88179423386174,
       26.59243859385166
      ],
      [
       -81.88047991327414,
       26.593730333836252
      ],
      [
       -81.8809644604851,
       26.595486029488562
      ],
      [
       -81.8827633938596,
       26.59595000920258
      ],
      [
       -81.88407775551443,
       26.59465824742154
      ],
      [
       -81.88359314272758,
       26.59290252772332
      ],
      [
       -81.88179423386174,
       26.59243859385166
      ]
     ]
    ]
   },
   "properties": {
    "h3_cell": "8944130ca3bffff",
    "n_samples": 3,
    "labels": {
     "svi_sample": 3
    },
    "uncertainty": {
     "content": "sample density only; severity labels intentionally not joined (no verifiable key) — candor over coverage"
    }
   }
  },
  {
   "type": "Feature",
   "geometry": {
    "type": "Polygon",
    "coordinates": [
     [
      [
       -81.88200003984257,
       26.581076591639647
      ],
      [
       -81.88068584992278,
       26.58236843507163
      ],
      [
       -81.88117035302409,
       26.58412409031265
      ],
      [
       -81.88296911160809,
       26.584587926161067
      ],
      [
       -81.88428334258657,
       26.583296060919814
      ],
      [
       -81.88379877392244,
       26.581540381639815
      ],
      [
       -81.88200003984257,
       26.581076591639647
      ]
     ]
    ]
   },
   "properties": {
    "h3_cell": "8944130ca8bffff",
    "n_samples": 5,
    "labels": {
     "svi_sample": 5
    },
    "uncertainty": {
     "content": "sample density only; severity labels intentionally not joined (no verifiable key) — candor over coverage"
    }
   }
  },
  {
   "type": "Feature",
   "geometry": {
    "type": "Polygon",
    "coordinates": [
     [
      [
       -81.87971689855185,
       26.57885715685934
      ],
      [
       -81.87840274969243,
       26.58014897848158
      ],
      [
       -81.87888719259831,
       26.581904605566944
      ],
      [
       -81.88068584992278,
       26.58236843507163
      ],
      [
       -81.88200003984257,
       26.581076591639647
      ],
      [
       -81.88151553137762,
       26.579320940513135
      ],
      [
       -81.87971689855185,
       26.57885715685934
      ]
     ]
    ]
   },
   "properties": {
    "h3_cell": "8944130cad7ffff",
    "n_samples": 1,
    "labels": {
     "svi_sample": 1
    },
    "uncertainty": {
     "content": "sample density only; severity labels intentionally not joined (no verifiable key) — candor over coverage"
    }
   }
  },
  {
   "type": "Feature",
   "geometry": {
    "type": "Polygon",
    "coordinates": [
     [
      [
       -81.89798655012234,
       26.596613600127377
      ],
      [
       -81.89667207282646,
       26.597905596213934
      ],
      [
       -81.89715699745707,
       26.59966144829494
      ],
      [
       -81.89895646497276,
       26.600125328313652
      ],
      [
       -81.90027098331574,
       26.598833310421238
      ],
      [
       -81.899785993096,
       26.59707743431637
      ],
      [
       -81.89798655012234,
       26.596613600127377
      ]
     ]
    ]
   },
   "properties": {
    "h3_cell": "8944130cb8bffff",
    "n_samples": 1,
    "labels": {
     "svi_sample": 1
    },
    "uncertainty": {
     "content": "sample density only; severity labels intentionally not joined (no verifiable key) — candor over coverage"
    }
   }
  },
  {
   "type": "Feature",
   "geometry": {
    "type": "Polygon",
    "coordinates": [
     [
      [
       -81.8894749639931,
       26.596050034789208
      ],
      [
       -81.88816055008947,
       26.597341881934895
      ],
      [
       -81.88864528331555,
       26.599097657855
      ],
      [
       -81.89044449602937,
       26.599561610666232
      ],
      [
       -81.8917589509919,
       26.598269741721438
      ],
      [
       -81.89127415218177,
       26.596513941764933
      ],
      [
       -81.8894749639931,
       26.596050034789208
      ]
     ]
    ]
   },
   "properties": {
    "h3_cell": "8944130cbcbffff",
    "n_samples": 10,
    "labels": {
     "svi_sample": 10
    },
    "uncertainty": {
     "content": "sample density only; severity labels intentionally not joined (no verifiable key) — candor over coverage"
    }
   }
  },
  {
   "type": "Feature",
   "geometry": {
    "type": "Polygon",
    "coordinates": [
     [
      [
       -81.89030460943295,
       26.593002374026785
      ],
      [
       -81.8889902254092,
       26.59429426293703
      ],
      [
       -81.8894749639931,
       26.596050034789208
      ],
      [
       -81.89127415218177,
       26.596513941764933
      ],
      [
       -81.89258857726097,
       26.595222031051485
      ],
      [
       -81.89210377309612,
       26.593466235165927
      ],
      [
       -81.89030460943295,
       26.593002374026785
      ]
     ]
    ]
   },
   "properties": {
    "h3_cell": "8944130cbdbffff",
    "n_samples": 4,
    "labels": {
     "svi_sample": 4
    },
    "uncertainty": {
     "content": "sample density only; severity labels intentionally not joined (no verifiable key) — candor over coverage"
    }
   }
  },
  {
   "type": "Feature",
   "geometry": {
    "type": "Polygon",
    "coordinates": [
     [
      [
       -81.90793843407745,
       26.560036487404865
      ],
      [
       -81.90662431539059,
       26.56132898403114
      ],
      [
       -81.90710930414402,
       26.56308478665989
      ],
      [
       -81.90890847713624,
       26.56354811665031
      ],
      [
       -81.91022263682945,
       26.56225559816886
      ],
      [
       -81.90973758252419,
       26.560499771552564
      ],
      [
       -81.90793843407745,
       26.560036487404865
      ]
     ]
    ]
   },
   "properties": {
    "h3_cell": "8944130cc03ffff",
    "n_samples": 8,
    "labels": {
     "svi_sample": 8
    },
    "uncertainty": {
     "content": "sample density only; severity labels intentionally not joined (no verifiable key) — candor over coverage"
    }
   }
  },
  {
   "type": "Feature",
   "geometry": {
    "type": "Polygon",
    "coordinates": [
     [
      [
       -81.90710930414402,
       26.56308478665989
      ],
      [
       -81.90579515557747,
       26.56437724162238
      ],
      [
       -81.90628013899334,
       26.56613304842596
      ],
      [
       -81.90807933653079,
       26.566596424258027
      ],
      [
       -81.90939352610705,
       26.56530394744447
      ],
      [
       -81.90890847713624,
       26.56354811665031
      ],
      [
       -81.90710930414402,
       26.56308478665989
      ]
     ]
    ]
   },
   "properties": {
    "h3_cell": "8944130cc0fffff",
    "n_samples": 6,
    "labels": {
     "svi_sample": 6
    },
    "uncertainty": {
     "content": "sample density only; severity labels intentionally not joined (no verifiable key) — candor over coverage"
    }
   }
  },
  {
   "type": "Feature",
   "geometry": {
    "type": "Polygon",
    "coordinates": [
     [
      [
       -81.9087675287956,
       26.5569881506794
      ],
      [
       -81.90745343998758,
       26.55828068896074
      ],
      [
       -81.90793843407745,
       26.560036487404865
      ],
      [
       -81.90973758252419,
       26.560499771552564
      ],
      [
       -81.9110517123351,
       26.55920721141194
      ],
      [
       -81.91056665269649,
       26.5574513889833
      ],
      [
       -81.9087675287956,
       26.5569881506794
      ]
     ]
    ]
   },
   "properties": {
    "h3_cell": "8944130cc13ffff",
    "n_samples": 4,
    "labels": {
     "svi_sample": 4
    },
    "uncertainty": {
     "content": "sample density only; severity labels intentionally not joined (no verifiable key) — candor over coverage"
    }
   }
  },
  {
   "type": "Feature",
   "geometry": {
    "type": "Polygon",
    "coordinates": [
     [
      [
       -81.90316683969809,
       26.566962046354572
      ],
      [
       -81.90185267238795,
       26.56825439612008
      ],
      [
       -81.9023375849078,
       26.570010183089902
      ],
      [
       -81.90413673029526,
       26.570473644293426
      ],
      [
       -81.90545093862355,
       26.5691812726846
      ],
      [
       -81.90496596054632,
       26.56742546171597
      ],
      [
       -81.90316683969809,
       26.566962046354572
      ]
     ]
    ]
   },
   "properties": {
    "h3_cell": "8944130cc63ffff",
    "n_samples": 6,
    "labels": {
     "svi_sample": 6
    },
    "uncertainty": {
     "content": "sample density only; severity labels intentionally not joined (no verifiable key) — candor over coverage"
    }
   }
  },
  {
   "type": "Feature",
   "geometry": {
    "type": "Polygon",
    "coordinates": [
     [
      [
       -81.9023375849078,
       26.570010183089902
      ],
      [
       -81.90102338771898,
       26.571302491169615
      ],
      [
       -81.90150829489598,
       26.57305828229167
      ],
      [
       -81.90330746482239,
       26.573521789336247
      ],
      [
       -81.90462170303277,
       26.572229459417315
      ],
      [
       -81.90413673029526,
       26.570473644293426
      ],
      [
       -81.9023375849078,
       26.570010183089902
      ]
     ]
    ]
   },
   "properties": {
    "h3_cell": "8944130cc6fffff",
    "n_samples": 20,
    "labels": {
     "svi_sample": 20
    },
    "uncertainty": {
     "content": "sample density only; severity labels intentionally not joined (no verifiable key) — candor over coverage"
    }
   }
  },
  {
   "type": "Feature",
   "geometry": {
    "type": "Polygon",
    "coordinates": [
     [
      [
       -81.90959658830029,
       26.553939776501966
      ],
      [
       -81.90828252937034,
       26.555232356429677
      ],
      [
       -81.9087675287956,
       26.5569881506794
      ],
      [
       -81.91056665269649,
       26.5574513889833
      ],
      [
       -81.91188075262595,
       26.556158787192203
      ],
      [
       -81.91139568765509,
       26.55440296896099
      ],
      [
       -81.90959658830029,
       26.553939776501966
      ]
     ]
    ]
   },
   "properties": {
    "h3_cell": "8944130cc8bffff",
    "n_samples": 1,
    "labels": {
     "svi_sample": 1
    },
    "uncertainty": {
     "content": "sample density only; severity labels intentionally not joined (no verifiable key) — candor over coverage"
    }
   }
  },
  {
   "type": "Feature",
   "geometry": {
    "type": "Polygon",
    "coordinates": [
     [
      [
       -81.90648350668197,
       26.554769124447567
      ],
      [
       -81.90516945887852,
       26.556061640869142
      ],
      [
       -81.9056543927588,
       26.5578174111322
      ],
      [
       -81.90745343998758,
       26.55828068896074
      ],
      [
       -81.9087675287956,
       26.5569881506794
      ],
      [
       -81.90828252937034,
       26.555232356429677
      ],
      [
       -81.90648350668197,
       26.554769124447567
      ]
     ]
    ]
   },
   "properties": {
    "h3_cell": "8944130ccc7ffff",
    "n_samples": 5,
    "labels": {
     "svi_sample": 5
    },
    "uncertainty": {
     "content": "sample density only; severity labels intentionally not joined (no verifiable key) — candor over coverage"
    }
   }
  },
  {
   "type": "Feature",
   "geometry": {
    "type": "Polygon",
    "coordinates": [
     [
      [
       -81.90108679438198,
       26.553379362130126
      ],
      [
       -81.899772798724,
       26.55467179318796
      ],
      [
       -81.90025760685984,
       26.55642751126701
      ],
      [
       -81.9020564761943,
       26.556890822282647
      ],
      [
       -81.90337051286359,
       26.55559836936817
      ],
      [
       -81.90288563918719,
       26.553842627295104
      ],
      [
       -81.90108679438198,
       26.553379362130126
      ]
     ]
    ]
   },
   "properties": {
    "h3_cell": "8944130cccbffff",
    "n_samples": 4,
    "labels": {
     "svi_sample": 4
    },
    "uncertainty": {
     "content": "sample density only; severity labels intentionally not joined (no verifiable key) — candor over coverage"
    }
   }
  },
  {
   "type": "Feature",
   "geometry": {
    "type": "Polygon",
    "coordinates": [
     [
      [
       -81.90337051286359,
       26.55559836936817
      ],
      [
       -81.9020564761943,
       26.556890822282647
      ],
      [
       -81.90254134453025,
       26.55864656855383
      ],
      [
       -81.90434031507989,
       26.559109885902817
      ],
      [
       -81.9056543927588,
       26.5578174111322
      ],
      [
       -81.90516945887852,
       26.556061640869142
      ],
      [
       -81.90337051286359,
       26.55559836936817
      ]
     ]
    ]
   },
   "properties": {
    "h3_cell": "8944130cccfffff",
    "n_samples": 1,
    "labels": {
     "svi_sample": 1
    },
    "uncertainty": {
     "content": "sample density only; severity labels intentionally not joined (no verifiable key) — candor over coverage"
    }
   }
  },
  {
   "type": "Feature",
   "geometry": {
    "type": "Polygon",
    "coordinates": [
     [
      [
       -81.89299805086773,
       26.572496295983974
      ],
      [
       -81.89168388714329,
       26.57378841347053
      ],
      [
       -81.89216859764264,
       26.575544132556015
      ],
      [
       -81.89396753742508,
       26.576007758172697
      ],
      [
       -81.89528174218627,
       26.57471561885778
      ],
      [
       -81.89479696612834,
       26.572959875754925
      ],
      [
       -81.89299805086773,
       26.572496295983974
      ]
     ]
    ]
   },
   "properties": {
    "h3_cell": "8944130ce37ffff",
    "n_samples": 4,
    "labels": {
     "svi_sample": 4
    },
    "uncertainty": {
     "content": "sample density only; severity labels intentionally not joined (no verifiable key) — candor over coverage"
    }
   }
  },
  {
   "type": "Feature",
   "geometry": {
    "type": "Polygon",
    "coordinates": [
     [
      [
       -81.88054656927845,
       26.575809670546377
      ],
      [
       -81.87923245028033,
       26.57710153389522
      ],
      [
       -81.87971689855185,
       26.57885715685934
      ],
      [
       -81.88151553137762,
       26.579320940513135
      ],
      [
       -81.8828296914327,
       26.57802905535044
      ],
      [
       -81.88234517760519,
       26.576273408348207
      ],
      [
       -81.88054656927845,
       26.575809670546377
      ]
     ]
    ]
   },
   "properties": {
    "h3_cell": "8944130ce6fffff",
    "n_samples": 7,
    "labels": {
     "svi_sample": 7
    },
    "uncertainty": {
     "content": "sample density only; severity labels intentionally not joined (no verifiable key) — candor over coverage"
    }
   }
  },
  {
   "type": "Feature",
   "geometry": {
    "type": "Polygon",
    "coordinates": [
     [
      [
       -81.89694050462164,
       26.568619733066114
      ],
      [
       -81.89562635960823,
       26.569911955779663
      ],
      [
       -81.89611114101523,
       26.571667694736345
      ],
      [
       -81.8979101329918,
       26.572131234989033
      ],
      [
       -81.89922431903346,
       26.570838990439405
      ],
      [
       -81.89873947207036,
       26.569083227473556
      ],
      [
       -81.89694050462164,
       26.568619733066114
      ]
     ]
    ]
   },
   "properties": {
    "h3_cell": "8944130cea7ffff",
    "n_samples": 17,
    "labels": {
     "svi_sample": 17
    },
    "uncertainty": {
     "content": "sample density only; severity labels intentionally not joined (no verifiable key) — candor over coverage"
    }
   }
  },
  {
   "type": "Feature",
   "geometry": {
    "type": "Polygon",
    "coordinates": [
     [
      [
       -81.86788933500674,
       26.59048228798354
      ],
      [
       -81.86657513021483,
       26.59177379370545
      ],
      [
       -81.86705936031588,
       26.593529360914197
      ],
      [
       -81.86885786077534,
       26.593993446467184
      ],
      [
       -81.87017210665292,
       26.592701918958745
      ],
      [
       -81.86968781098545,
       26.590946327684243
      ],
      [
       -81.86788933500674,
       26.59048228798354
      ]
     ]
    ]
   },
   "properties": {
    "h3_cell": "8944130d9b3ffff",
    "n_samples": 5,
    "labels": {
     "svi_sample": 5
    },
    "uncertainty": {
     "content": "sample density only; severity labels intentionally not joined (no verifiable key) — candor over coverage"
    }
   }
  },
  {
   "type": "Feature",
   "geometry": {
    "type": "Polygon",
    "coordinates": [
     [
      [
       -81.87017210665292,
       26.592701918958745
      ],
      [
       -81.86885786077534,
       26.593993446467184
      ],
      [
       -81.86934215106655,
       26.59574904181777
      ],
      [
       -81.87114075280563,
       26.59621313372392
      ],
      [
       -81.87245503976727,
       26.594921584429418
      ],
      [
       -81.87197068390587,
       26.59316596501523
      ],
      [
       -81.87017210665292,
       26.592701918958745
      ]
     ]
    ]
   },
   "properties": {
    "h3_cell": "8944130d9b7ffff",
    "n_samples": 2,
    "labels": {
     "svi_sample": 2
    },
    "uncertainty": {
     "content": "sample density only; severity labels intentionally not joined (no verifiable key) — candor over coverage"
    }
   }
  },
  {
   "type": "Feature",
   "geometry": {
    "type": "Polygon",
    "coordinates": [
     [
      [
       -81.92390899766202,
       26.533158509795513
      ],
      [
       -81.9225950846967,
       26.534451529848138
      ],
      [
       -81.923080312694,
       26.536207370600223
      ],
      [
       -81.92487951918562,
       26.536670215247796
      ],
      [
       -81.92619347311492,
       26.535377173296283
      ],
      [
       -81.92570817958871,
       26.533621308596484
      ],
      [
       -81.92390899766202,
       26.533158509795513
      ]
     ]
    ]
   },
   "properties": {
    "h3_cell": "8944130e84bffff",
    "n_samples": 1,
    "labels": {
     "svi_sample": 1
    },
    "uncertainty": {
     "content": "sample density only; severity labels intentionally not joined (no verifiable key) — candor over coverage"
    }
   }
  },
  {
   "type": "Feature",
   "geometry": {
    "type": "Polygon",
    "coordinates": [
     [
      [
       -81.92785069895578,
       26.52927923955042
      ],
      [
       -81.92653680479292,
       26.53057236464456
      ],
      [
       -81.92702210363439,
       26.532328225069303
      ],
      [
       -81.92882136216524,
       26.532790984339794
      ],
      [
       -81.9301352972836,
       26.53149783733902
      ],
      [
       -81.9296499329157,
       26.529741952974803
      ],
      [
       -81.92785069895578,
       26.52927923955042
      ]
     ]
    ]
   },
   "properties": {
    "h3_cell": "8944130e853ffff",
    "n_samples": 2,
    "labels": {
     "svi_sample": 2
    },
    "uncertainty": {
     "content": "sample density only; severity labels intentionally not joined (no verifiable key) — candor over coverage"
    }
   }
  },
  {
   "type": "Feature",
   "geometry": {
    "type": "Polygon",
    "coordinates": [
     [
      [
       -81.92473764743144,
       26.530109611691284
      ],
      [
       -81.92342376434632,
       26.53140267331545
      ],
      [
       -81.92390899766202,
       26.533158509795513
      ],
      [
       -81.92570817958871,
       26.533621308596484
      ],
      [
       -81.92702210363439,
       26.532328225069303
      ],
      [
       -81.92653680479292,
       26.53057236464456
      ],
      [
       -81.92473764743144,
       26.530109611691284
      ]
     ]
    ]
   },
   "properties": {
    "h3_cell": "8944130e85bffff",
    "n_samples": 5,
    "labels": {
     "svi_sample": 5
    },
    "uncertainty": {
     "content": "sample density only; severity labels intentionally not joined (no verifiable key) — candor over coverage"
    }
   }
  },
  {
   "type": "Feature",
   "geometry": {
    "type": "Polygon",
    "coordinates": [
     [
      [
       -81.931792343818,
       26.525399654218624
      ],
      [
       -81.93047846846964,
       26.526692884335354
      ],
      [
       -81.93096383814864,
       26.52844876441169
      ],
      [
       -81.9327631487,
       26.52891143830297
      ],
      [
       -81.93407706499538,
       26.52761818627189
      ],
      [
       -81.93359162979245,
       26.52586228226429
      ],
      [
       -81.931792343818,
       26.525399654218624
      ]
     ]
    ]
   },
   "properties": {
    "h3_cell": "8944130e8c3ffff",
    "n_samples": 5,
    "labels": {
     "svi_sample": 5
    },
    "uncertainty": {
     "content": "sample density only; severity labels intentionally not joined (no verifiable key) — candor over coverage"
    }
   }
  },
  {
   "type": "Feature",
   "geometry": {
    "type": "Polygon",
    "coordinates": [
     [
      [
       -81.93096383814864,
       26.52844876441169
      ],
      [
       -81.9296499329157,
       26.529741952974803
      ],
      [
       -81.9301352972836,
       26.53149783733902
      ],
      [
       -81.93193463241158,
       26.531960557074836
      ],
      [
       -81.93324857859496,
       26.530667346601483
      ],
      [
       -81.9327631487,
       26.52891143830297
      ],
      [
       -81.93096383814864,
       26.52844876441169
      ]
     ]
    ]
   },
   "properties": {
    "h3_cell": "8944130e8cfffff",
    "n_samples": 3,
    "labels": {
     "svi_sample": 3
    },
    "uncertainty": {
     "content": "sample density only; severity labels intentionally not joined (no verifiable key) — candor over coverage"
    }
   }
  },
  {
   "type": "Feature",
   "geometry": {
    "type": "Polygon",
    "coordinates": [
     [
      [
       -81.93490551620066,
       26.52456898868421
      ],
      [
       -81.93359162979245,
       26.52586228226429
      ],
      [
       -81.93407706499538,
       26.52761818627189
      ],
      [
       -81.93587645213115,
       26.528080820625863
      ],
      [
       -81.93719037948134,
       26.526787505127807
      ],
      [
       -81.93670487875383,
       26.525031577194145
      ],
      [
       -81.93490551620066,
       26.52456898868421
      ]
     ]
    ]
   },
   "properties": {
    "h3_cell": "8944130e8d7ffff",
    "n_samples": 4,
    "labels": {
     "svi_sample": 4
    },
    "uncertainty": {
     "content": "sample density only; severity labels intentionally not joined (no verifiable key) — candor over coverage"
    }
   }
  },
  {
   "type": "Feature",
   "geometry": {
    "type": "Polygon",
    "coordinates": [
     [
      [
       -81.95527653253144,
       26.55590468797244
      ],
      [
       -81.95396214701314,
       26.55719807591378
      ],
      [
       -81.95444816880524,
       26.55895427436112
      ],
      [
       -81.95624864168697,
       26.559417108781084
      ],
      [
       -81.95756306814066,
       26.55812369893899
      ],
      [
       -81.95707698077732,
       26.55636747657808
      ],
      [
       -81.95527653253144,
       26.55590468797244
      ]
     ]
    ]
   },
   "properties": {
    "h3_cell": "8944130e923ffff",
    "n_samples": 1,
    "labels": {
     "svi_sample": 1
    },
    "uncertainty": {
     "content": "sample density only; severity labels intentionally not joined (no verifiable key) — candor over coverage"
    }
   }
  },
  {
   "type": "Feature",
   "geometry": {
    "type": "Polygon",
    "coordinates": [
     [
      [
       -81.95756306814066,
       26.55812369893899
      ],
      [
       -81.95624864168697,
       26.559417108781084
      ],
      [
       -81.95673472376235,
       26.561173335338975
      ],
      [
       -81.9585352978665,
       26.5616361759666
      ],
      [
       -81.95984976525386,
       26.560342744224226
      ],
      [
       -81.9593636176035,
       26.558586493754923
      ],
      [
       -81.95756306814066,
       26.55812369893899
      ]
     ]
    ]
   },
   "properties": {
    "h3_cell": "8944130e927ffff",
    "n_samples": 15,
    "labels": {
     "svi_sample": 15
    },
    "uncertainty": {
     "content": "sample density only; severity labels intentionally not joined (no verifiable key) — candor over coverage"
    }
   }
  },
  {
   "type": "Feature",
   "geometry": {
    "type": "Polygon",
    "coordinates": [
     [
      [
       -81.95216177534974,
       26.55673524770992
      ],
      [
       -81.95084740084833,
       26.558028572137893
      ],
      [
       -81.95133335706977,
       26.559784746666462
      ],
      [
       -81.95313375336336,
       26.560247620686233
      ],
      [
       -81.95444816880524,
       26.55895427436112
      ],
      [
       -81.95396214701314,
       26.55719807591378
      ],
      [
       -81.95216177534974,
       26.55673524770992
      ]
     ]
    ]
   },
   "properties": {
    "h3_cell": "8944130e92bffff",
    "n_samples": 8,
    "labels": {
     "svi_sample": 8
    },
    "uncertainty": {
     "content": "sample density only; severity labels intentionally not joined (no verifiable key) — candor over coverage"
    }
   }
  },
  {
   "type": "Feature",
   "geometry": {
    "type": "Polygon",
    "coordinates": [
     [
      [
       -81.9561048610449,
       26.552855064179997
      ],
      [
       -81.95479050544937,
       26.554148493728867
      ],
      [
       -81.95527653253144,
       26.55590468797244
      ],
      [
       -81.95707698077732,
       26.55636747657808
      ],
      [
       -81.95839137730484,
       26.555074025124345
      ],
      [
       -81.95790528465461,
       26.55331780697025
      ],
      [
       -81.9561048610449,
       26.552855064179997
      ]
     ]
    ]
   },
   "properties": {
    "h3_cell": "8944130e933ffff",
    "n_samples": 3,
    "labels": {
     "svi_sample": 3
    },
    "uncertainty": {
     "content": "sample density only; severity labels intentionally not joined (no verifiable key) — candor over coverage"
    }
   }
  },
  {
   "type": "Feature",
   "geometry": {
    "type": "Polygon",
    "coordinates": [
     [
      [
       -81.95839137730484,
       26.555074025124345
      ],
      [
       -81.95707698077732,
       26.55636747657808
      ],
      [
       -81.95756306814066,
       26.55812369893899
      ],
      [
       -81.9593636176035,
       26.558586493754923
      ],
      [
       -81.96067805506134,
       26.557293020396823
      ],
      [
       -81.96019190212608,
       26.555536774127546
      ],
      [
       -81.95839137730484,
       26.555074025124345
      ]
     ]
    ]
   },
   "properties": {
    "h3_cell": "8944130e937ffff",
    "n_samples": 11,
    "labels": {
     "svi_sample": 11
    },
    "uncertainty": {
     "content": "sample density only; severity labels intentionally not joined (no verifiable key) — candor over coverage"
    }
   }
  },
  {
   "type": "Feature",
   "geometry": {
    "type": "Polygon",
    "coordinates": [
     [
      [
       -81.94904710577441,
       26.557565704339996
      ],
      [
       -81.94773274229756,
       26.5588589652536
      ],
      [
       -81.948218632949,
       26.560615115858212
      ],
      [
       -81.9500189526474,
       26.561078029473578
      ],
      [
       -81.95133335706977,
       26.559784746666462
      ],
      [
       -81.95084740084833,
       26.558028572137893
      ],
      [
       -81.94904710577441,
       26.557565704339996
      ]
     ]
    ]
   },
   "properties": {
    "h3_cell": "8944130e967ffff",
    "n_samples": 1,
    "labels": {
     "svi_sample": 1
    },
    "uncertainty": {
     "content": "sample density only; severity labels intentionally not joined (no verifiable key) — candor over coverage"
    }
   }
  },
  {
   "type": "Feature",
   "geometry": {
    "type": "Polygon",
    "coordinates": [
     [
      [
       -81.9623345290373,
       26.551193460539594
      ],
      [
       -81.96102015143617,
       26.552487017102997
      ],
      [
       -81.96150630965516,
       26.554243259162437
      ],
      [
       -81.96330691104477,
       26.554705968559002
      ],
      [
       -81.96462132956773,
       26.553412390083505
      ],
      [
       -81.96413510577935,
       26.551656124123937
      ],
      [
       -81.9623345290373,
       26.551193460539594
      ]
     ]
    ]
   },
   "properties": {
    "h3_cell": "8944130e9a7ffff",
    "n_samples": 1,
    "labels": {
     "svi_sample": 1
    },
    "uncertainty": {
     "content": "sample density only; severity labels intentionally not joined (no verifiable key) — candor over coverage"
    }
   }
  },
  {
   "type": "Feature",
   "geometry": {
    "type": "Polygon",
    "coordinates": [
     [
      [
       -81.95693315434751,
       26.549805403002317
      ],
      [
       -81.95561882867392,
       26.55109887414999
      ],
      [
       -81.9561048610449,
       26.552855064179997
      ],
      [
       -81.95790528465461,
       26.55331780697025
      ],
      [
       -81.95921965125677,
       26.5520243139136
      ],
      [
       -81.95873355332077,
       26.550268099976098
      ],
      [
       -81.95693315434751,
       26.549805403002317
      ]
     ]
    ]
   },
   "properties": {
    "h3_cell": "8944130e9abffff",
    "n_samples": 7,
    "labels": {
     "svi_sample": 7
    },
    "uncertainty": {
     "content": "sample density only; severity labels intentionally not joined (no verifiable key) — candor over coverage"
    }
   }
  },
  {
   "type": "Feature",
   "geometry": {
    "type": "Polygon",
    "coordinates": [
     [
      [
       -81.95921965125677,
       26.5520243139136
      ],
      [
       -81.95790528465461,
       26.55331780697025
      ],
      [
       -81.95839137730484,
       26.555074025124345
      ],
      [
       -81.96019190212608,
       26.555536774127546
      ],
      [
       -81.96150630965516,
       26.554243259162437
      ],
      [
       -81.96102015143617,
       26.552487017102997
      ],
      [
       -81.95921965125677,
       26.5520243139136
      ]
     ]
    ]
   },
   "properties": {
    "h3_cell": "8944130e9afffff",
    "n_samples": 10,
    "labels": {
     "svi_sample": 10
    },
    "uncertainty": {
     "content": "sample density only; severity labels intentionally not joined (no verifiable key) — candor over coverage"
    }
   }
  },
  {
   "type": "Feature",
   "geometry": {
    "type": "Polygon",
    "coordinates": [
     [
      [
       -81.95776141244119,
       26.54675570445791
      ],
      [
       -81.95644711668872,
       26.548049217195658
      ],
      [
       -81.95693315434751,
       26.549805403002317
      ],
      [
       -81.95873355332077,
       26.550268099976098
      ],
      [
       -81.96004788999839,
       26.548974565325274
      ],
      [
       -81.95956178677768,
       26.54721835561414
      ],
      [
       -81.95776141244119,
       26.54675570445791
      ]
     ]
    ]
   },
   "properties": {
    "h3_cell": "8944130e9bbffff",
    "n_samples": 9,
    "labels": {
     "svi_sample": 9
    },
    "uncertainty": {
     "content": "sample density only; severity labels intentionally not joined (no verifiable key) — candor over coverage"
    }
   }
  },
  {
   "type": "Feature",
   "geometry": {
    "type": "Polygon",
    "coordinates": [
     [
      [
       -81.94050375526388,
       26.514590141905902
      ],
      [
       -81.93918994746801,
       26.515883623529195
      ],
      [
       -81.93967546410357,
       26.517639538522236
      ],
      [
       -81.94147485405097,
       26.51810199580413
      ],
      [
       -81.94278870277356,
       26.516808492246945
      ],
      [
       -81.9423031206221,
       26.515052553342155
      ],
      [
       -81.94050375526388,
       26.514590141905902
      ]
     ]
    ]
   },
   "properties": {
    "h3_cell": "8944130ec0fffff",
    "n_samples": 9,
    "labels": {
     "svi_sample": 9
    },
    "uncertainty": {
     "content": "sample density only; severity labels intentionally not joined (no verifiable key) — candor over coverage"
    }
   }
  },
  {
   "type": "Feature",
   "geometry": {
    "type": "Polygon",
    "coordinates": [
     [
      [
       -81.94278870277356,
       26.516808492246945
      ],
      [
       -81.94147485405097,
       26.51810199580413
      ],
      [
       -81.94196043090393,
       26.519857939035298
      ],
      [
       -81.94375992199919,
       26.520320402619266
      ],
      [
       -81.94507381164681,
       26.519026877128653
      ],
      [
       -81.94458816927423,
       26.51727090998789
      ],
      [
       -81.94278870277356,
       26.516808492246945
      ]
     ]
    ]
   },
   "properties": {
    "h3_cell": "8944130ec3bffff",
    "n_samples": 4,
    "labels": {
     "svi_sample": 4
    },
    "uncertainty": {
     "content": "sample density only; severity labels intentionally not joined (no verifiable key) — candor over coverage"
    }
   }
  },
  {
   "type": "Feature",
   "geometry": {
    "type": "Polygon",
    "coordinates": [
     [
      [
       -81.93967546410357,
       26.517639538522236
      ],
      [
       -81.93836162642035,
       26.518932978627298
      ],
      [
       -81.93884713775432,
       26.52068889794366
      ],
      [
       -81.94064655229059,
       26.521151401070167
      ],
      [
       -81.94196043090393,
       26.519857939035298
      ],
      [
       -81.94147485405097,
       26.51810199580413
      ],
      [
       -81.93967546410357,
       26.517639538522236
      ]
     ]
    ]
   },
   "properties": {
    "h3_cell": "8944130ec77ffff",
    "n_samples": 4,
    "labels": {
     "svi_sample": 4
    },
    "uncertainty": {
     "content": "sample density only; severity labels intentionally not joined (no verifiable key) — candor over coverage"
    }
   }
  },
  {
   "type": "Feature",
   "geometry": {
    "type": "Polygon",
    "coordinates": [
     [
      [
       -81.96210004861702,
       26.52013834743764
      ],
      [
       -81.96078603310437,
       26.521432170635503
      ],
      [
       -81.96127205277101,
       26.523188294108888
      ],
      [
       -81.96307215348367,
       26.523650618267126
      ],
      [
       -81.964386209896,
       26.52235677312285
      ],
      [
       -81.96390012469605,
       26.52060062576715
      ],
      [
       -81.96210004861702,
       26.52013834743764
      ]
     ]
    ]
   },
   "properties": {
    "h3_cell": "8944130ed83ffff",
    "n_samples": 8,
    "labels": {
     "svi_sample": 8
    },
    "uncertainty": {
     "content": "sample density only; severity labels intentionally not joined (no verifiable key) — candor over coverage"
    }
   }
  },
  {
   "type": "Feature",
   "geometry": {
    "type": "Polygon",
    "coordinates": [
     [
      [
       -81.9598140487406,
       26.517919956209383
      ],
      [
       -81.95850007412936,
       26.51921375746035
      ],
      [
       -81.95898603354641,
       26.520969852730957
      ],
      [
       -81.96078603310437,
       26.521432170635503
      ],
      [
       -81.96210004861702,
       26.52013834743764
      ],
      [
       -81.96161402367038,
       26.51838222828254
      ],
      [
       -81.9598140487406,
       26.517919956209383
      ]
     ]
    ]
   },
   "properties": {
    "h3_cell": "8944130ed9bffff",
    "n_samples": 2,
    "labels": {
     "svi_sample": 2
    },
    "uncertainty": {
     "content": "sample density only; severity labels intentionally not joined (no verifiable key) — candor over coverage"
    }
   }
  },
  {
   "type": "Feature",
   "geometry": {
    "type": "Polygon",
    "coordinates": [
     [
      [
       -82.09242645358248,
       26.422958292588806
      ],
      [
       -82.09111270730097,
       26.42425530708322
      ],
      [
       -82.09160119998903,
       26.426012187358285
      ],
      [
       -82.09340350444485,
       26.426472076766814
      ],
      [
       -82.09471729136794,
       26.425175040105852
      ],
      [
       -82.09422873319373,
       26.423418136203317
      ],
      [
       -82.09242645358248,
       26.422958292588806
      ]
     ]
    ]
   },
   "properties": {
    "h3_cell": "89441314b2fffff",
    "n_samples": 25,
    "labels": {
     "svi_sample": 25
    },
    "uncertainty": {
     "content": "sample density only; severity labels intentionally not joined (no verifiable key) — candor over coverage"
    }
   }
  },
  {
   "type": "Feature",
   "geometry": {
    "type": "Polygon",
    "coordinates": [
     [
      [
       -82.08701996899227,
       26.421578694586007
      ],
      [
       -82.08570627401964,
       26.42287562359816
      ],
      [
       -82.08619464088733,
       26.424632451964797
      ],
      [
       -82.08799676820959,
       26.425092374954588
      ],
      [
       -82.08931050383063,
       26.423795423779005
      ],
      [
       -82.08882207148108,
       26.42203857177747
      ],
      [
       -82.08701996899227,
       26.421578694586007
      ]
     ]
    ]
   },
   "properties": {
    "h3_cell": "89441314b67ffff",
    "n_samples": 24,
    "labels": {
     "svi_sample": 24
    },
    "uncertainty": {
     "content": "sample density only; severity labels intentionally not joined (no verifiable key) — candor over coverage"
    }
   }
  },
  {
   "type": "Feature",
   "geometry": {
    "type": "Polygon",
    "coordinates": [
     [
      [
       -82.08161401578138,
       26.420198995900552
      ],
      [
       -82.0803003721373,
       26.421495839436066
      ],
      [
       -82.08078861319822,
       26.423252615875814
      ],
      [
       -82.08259056338099,
       26.423712572422733
      ],
      [
       -82.08390424768032,
       26.422415706726884
      ],
      [
       -82.08341594114175,
       26.420658906644857
      ],
      [
       -82.08161401578138,
       26.420198995900552
      ]
     ]
    ]
   },
   "properties": {
    "h3_cell": "89441314b6bffff",
    "n_samples": 5,
    "labels": {
     "svi_sample": 5
    },
    "uncertainty": {
     "content": "sample density only; severity labels intentionally not joined (no verifiable key) — candor over coverage"
    }
   }
  },
  {
   "type": "Feature",
   "geometry": {
    "type": "Polygon",
    "coordinates": [
     [
      [
       -82.08390424768032,
       26.422415706726884
      ],
      [
       -82.08259056338099,
       26.423712572422733
      ],
      [
       -82.08307886476732,
       26.425469377149295
      ],
      [
       -82.08488091593442,
       26.4259293398205
      ],
      [
       -82.08619464088733,
       26.424632451964797
      ],
      [
       -82.08570627401964,
       26.42287562359816
      ],
      [
       -82.08390424768032,
       26.422415706726884
      ]
     ]
    ]
   },
   "properties": {
    "h3_cell": "89441314b6fffff",
    "n_samples": 25,
    "labels": {
     "svi_sample": 25
    },
    "uncertainty": {
     "content": "sample density only; severity labels intentionally not joined (no verifiable key) — candor over coverage"
    }
   }
  },
  {
   "type": "Feature",
   "geometry": {
    "type": "Polygon",
    "coordinates": [
     [
      [
       -82.06178839769714,
       26.72849335530761
      ],
      [
       -82.06047130295181,
       26.729787148975014
      ],
      [
       -82.06096043422727,
       26.73154489246905
      ],
      [
       -82.06276672607343,
       26.732008866147883
      ],
      [
       -82.06408386172488,
       26.730715050679382
      ],
      [
       -82.06359466462415,
       26.728957283333564
      ],
      [
       -82.06178839769714,
       26.72849335530761
      ]
     ]
    ]
   },
   "properties": {
    "h3_cell": "894413215d7ffff",
    "n_samples": 1,
    "labels": {
     "svi_sample": 1
    },
    "uncertainty": {
     "content": "sample density only; severity labels intentionally not joined (no verifiable key) — candor over coverage"
    }
   }
  },
  {
   "type": "Feature",
   "geometry": {
    "type": "Polygon",
    "coordinates": [
     [
      [
       -82.05381460110213,
       26.693804124276813
      ],
      [
       -82.05249796249443,
       26.695098080645668
      ],
      [
       -82.05298676661447,
       26.69685563270558
      ],
      [
       -82.05479227512323,
       26.69731925224104
      ],
      [
       -82.05610895462357,
       26.696025274039485
      ],
      [
       -82.05562008472259,
       26.694267698135565
      ],
      [
       -82.05381460110213,
       26.693804124276813
      ]
     ]
    ]
   },
   "properties": {
    "h3_cell": "8944132328bffff",
    "n_samples": 6,
    "labels": {
     "svi_sample": 6
    },
    "uncertainty": {
     "content": "sample density only; severity labels intentionally not joined (no verifiable key) — candor over coverage"
    }
   }
  },
  {
   "type": "Feature",
   "geometry": {
    "type": "Polygon",
    "coordinates": [
     [
      [
       -82.05610895462357,
       26.696025274039485
      ],
      [
       -82.05479227512323,
       26.69731925224104
      ],
      [
       -82.05528113981977,
       26.699076831915562
      ],
      [
       -82.05708674980137,
       26.699540457230718
      ],
      [
       -82.05840347019259,
       26.69824645719693
      ],
      [
       -82.05791453971139,
       26.696488853680624
      ],
      [
       -82.05610895462357,
       26.696025274039485
      ]
     ]
    ]
   },
   "properties": {
    "h3_cell": "8944132328fffff",
    "n_samples": 8,
    "labels": {
     "svi_sample": 8
    },
    "uncertainty": {
     "content": "sample density only; severity labels intentionally not joined (no verifiable key) — candor over coverage"
    }
   }
  },
  {
   "type": "Feature",
   "geometry": {
    "type": "Polygon",
    "coordinates": [
     [
      [
       -82.06032104368191,
       26.72322016703547
      ],
      [
       -82.0590040199589,
       26.7245139808791
      ],
      [
       -82.05949309581858,
       26.726271693176436
      ],
      [
       -82.06129926121982,
       26.72673561548153
      ],
      [
       -82.06261632584726,
       26.725441779832227
      ],
      [
       -82.06212718416917,
       26.723684043683896
      ],
      [
       -82.06032104368191,
       26.72322016703547
      ]
     ]
    ]
   },
   "properties": {
    "h3_cell": "8944132336bffff",
    "n_samples": 4,
    "labels": {
     "svi_sample": 4
    },
    "uncertainty": {
     "content": "sample density only; severity labels intentionally not joined (no verifiable key) — candor over coverage"
    }
   }
  },
  {
   "type": "Feature",
   "geometry": {
    "type": "Polygon",
    "coordinates": [
     [
      [
       -82.06261632584726,
       26.725441779832227
      ],
      [
       -82.06129926121982,
       26.72673561548153
      ],
      [
       -82.06178839769714,
       26.72849335530761
      ],
      [
       -82.06359466462415,
       26.728957283333564
      ],
      [
       -82.06491177015431,
       26.727663425879072
      ],
      [
       -82.06442256785486,
       26.7259056622042
      ],
      [
       -82.06261632584726,
       26.725441779832227
      ]
     ]
    ]
   },
   "properties": {
    "h3_cell": "8944132336fffff",
    "n_samples": 10,
    "labels": {
     "svi_sample": 10
    },
    "uncertainty": {
     "content": "sample density only; severity labels intentionally not joined (no verifiable key) — candor over coverage"
    }
   }
  },
  {
   "type": "Feature",
   "geometry": {
    "type": "Polygon",
    "coordinates": [
     [
      [
       -82.05419288202336,
       26.671052668580348
      ],
      [
       -82.05287650570286,
       26.672346832480276
      ],
      [
       -82.0533652199343,
       26.674104306390994
      ],
      [
       -82.055170376241,
       26.674567640232546
      ],
      [
       -82.05648679343712,
       26.673273454474327
      ],
      [
       -82.05599801345102,
       26.671515956733263
      ],
      [
       -82.05419288202336,
       26.671052668580348
      ]
     ]
    ]
   },
   "properties": {
    "h3_cell": "894413236c3ffff",
    "n_samples": 1,
    "labels": {
     "svi_sample": 1
    },
    "uncertainty": {
     "content": "sample density only; severity labels intentionally not joined (no verifiable key) — candor over coverage"
    }
   }
  },
  {
   "type": "Feature",
   "geometry": {
    "type": "Polygon",
    "coordinates": [
     [
      [
       -82.05648679343712,
       26.673273454474327
      ],
      [
       -82.055170376241,
       26.674567640232546
      ],
      [
       -82.05565915102513,
       26.676325141816633
      ],
      [
       -82.05746440876385,
       26.67678848147106
      ],
      [
       -82.05878086683387,
       26.675494273855048
      ],
      [
       -82.05829202629134,
       26.6737367484428
      ],
      [
       -82.05648679343712,
       26.673273454474327
      ]
     ]
    ]
   },
   "properties": {
    "h3_cell": "894413236c7ffff",
    "n_samples": 7,
    "labels": {
     "svi_sample": 7
    },
    "uncertainty": {
     "content": "sample density only; severity labels intentionally not joined (no verifiable key) — candor over coverage"
    }
   }
  },
  {
   "type": "Feature",
   "geometry": {
    "type": "Polygon",
    "coordinates": [
     [
      [
       -82.1879562392553,
       26.519147078051052
      ],
      [
       -82.18664075740458,
       26.520444981787062
      ],
      [
       -82.187131784424,
       26.522203045815207
      ],
      [
       -82.18893835893819,
       26.522663229646362
      ],
      [
       -82.19025388136012,
       26.52136530376864
      ],
      [
       -82.18976278869677,
       26.51960721620189
      ],
      [
       -82.1879562392553,
       26.519147078051052
      ]
     ]
    ]
   },
   "properties": {
    "h3_cell": "89441332497ffff",
    "n_samples": 2,
    "labels": {
     "svi_sample": 2
    },
    "uncertainty": {
     "content": "sample density only; severity labels intentionally not joined (no verifiable key) — candor over coverage"
    }
   }
  },
  {
   "type": "Feature",
   "geometry": {
    "type": "Polygon",
    "coordinates": [
     [
      [
       -82.18942944654457,
       26.524421321555774
      ],
      [
       -82.1881138939898,
       26.525719206092777
      ],
      [
       -82.18860497653812,
       26.527477302335004
      ],
      [
       -82.19041167729208,
       26.527937537580097
      ],
      [
       -82.19172727041966,
       26.52663963090597
      ],
      [
       -82.19123612222059,
       26.524881511124295
      ],
      [
       -82.18942944654457,
       26.524421321555774
      ]
     ]
    ]
   },
   "properties": {
    "h3_cell": "894413324b3ffff",
    "n_samples": 1,
    "labels": {
     "svi_sample": 1
    },
    "uncertainty": {
     "content": "sample density only; severity labels intentionally not joined (no verifiable key) — candor over coverage"
    }
   }
  },
  {
   "type": "Feature",
   "geometry": {
    "type": "Polygon",
    "coordinates": [
     [
      [
       -82.19172727041966,
       26.52663963090597
      ],
      [
       -82.19041167729208,
       26.527937537580097
      ],
      [
       -82.19090282043514,
       26.529695661687796
      ],
      [
       -82.19270962236033,
       26.530155902659043
      ],
      [
       -82.19402525605896,
       26.52885797384829
      ],
      [
       -82.19353404726147,
       26.527099826203333
      ],
      [
       -82.19172727041966,
       26.52663963090597
      ]
     ]
    ]
   },
   "properties": {
    "h3_cell": "894413324b7ffff",
    "n_samples": 9,
    "labels": {
     "svi_sample": 9
    },
    "uncertainty": {
     "content": "sample density only; severity labels intentionally not joined (no verifiable key) — candor over coverage"
    }
   }
  },
  {
   "type": "Feature",
   "geometry": {
    "type": "Polygon",
    "coordinates": [
     [
      [
       -82.19614843745167,
       26.542463191408395
      ],
      [
       -82.19483263217207,
       26.54376104036696
      ],
      [
       -82.19532394197783,
       26.545519260874993
      ],
      [
       -82.19713112273823,
       26.5459796559646
      ],
      [
       -82.19844696859371,
       26.544681784883178
      ],
      [
       -82.19795559311306,
       26.542923540835393
      ],
      [
       -82.19614843745167,
       26.542463191408395
      ]
     ]
    ]
   },
   "properties": {
    "h3_cell": "89441332503ffff",
    "n_samples": 3,
    "labels": {
     "svi_sample": 3
    },
    "uncertainty": {
     "content": "sample density only; severity labels intentionally not joined (no verifiable key) — candor over coverage"
    }
   }
  },
  {
   "type": "Feature",
   "geometry": {
    "type": "Polygon",
    "coordinates": [
     [
      [
       -82.19844696859371,
       26.544681784883178
      ],
      [
       -82.19713112273823,
       26.5459796559646
      ],
      [
       -82.19762249316788,
       26.547737904281725
      ],
      [
       -82.1994297751317,
       26.54819830505533
      ],
      [
       -82.20074566156131,
       26.5469004118515
      ],
      [
       -82.2002542254531,
       26.545142139996862
      ],
      [
       -82.19844696859371,
       26.544681784883178
      ]
     ]
    ]
   },
   "properties": {
    "h3_cell": "89441332507ffff",
    "n_samples": 1,
    "labels": {
     "svi_sample": 1
    },
    "uncertainty": {
     "content": "sample density only; severity labels intentionally not joined (no verifiable key) — candor over coverage"
    }
   }
  },
  {
   "type": "Feature",
   "geometry": {
    "type": "Polygon",
    "coordinates": [
     [
      [
       -82.19385006812546,
       26.540244631444693
      ],
      [
       -82.19253430342351,
       26.541542458279874
      ],
      [
       -82.19302555261118,
       26.543300650969826
      ],
      [
       -82.19483263217207,
       26.54376104036696
      ],
      [
       -82.19614843745167,
       26.542463191408395
      ],
      [
       -82.19565712259283,
       26.540704975176492
      ],
      [
       -82.19385006812546,
       26.540244631444693
      ]
     ]
    ]
   },
   "properties": {
    "h3_cell": "8944133251bffff",
    "n_samples": 1,
    "labels": {
     "svi_sample": 1
    },
    "uncertainty": {
     "content": "sample density only; severity labels intentionally not joined (no verifiable key) — candor over coverage"
    }
   }
  },
  {
   "type": "Feature",
   "geometry": {
    "type": "Polygon",
    "coordinates": [
     [
      [
       -82.19762249316788,
       26.547737904281725
      ],
      [
       -82.19630661715925,
       26.549035733966832
      ],
      [
       -82.19679798253682,
       26.550793986543436
      ],
      [
       -82.19860528960484,
       26.551254432975917
      ],
      [
       -82.19992120619098,
       26.549956581172495
      ],
      [
       -82.1994297751317,
       26.54819830505533
      ],
      [
       -82.19762249316788,
       26.547737904281725
      ]
     ]
    ]
   },
   "properties": {
    "h3_cell": "8944133253bffff",
    "n_samples": 2,
    "labels": {
     "svi_sample": 2
    },
    "uncertainty": {
     "content": "sample density only; severity labels intentionally not joined (no verifiable key) — candor over coverage"
    }
   }
  },
  {
   "type": "Feature",
   "geometry": {
    "type": "Polygon",
    "coordinates": [
     [
      [
       -82.19237636095332,
       26.53497009834987
      ],
      [
       -82.19106066697296,
       26.536267944436464
      ],
      [
       -82.19155186060539,
       26.538026105009596
      ],
      [
       -82.19335881388268,
       26.538486443037677
      ],
      [
       -82.19467454843911,
       26.53718857482312
      ],
      [
       -82.1941832891423,
       26.53543039070887
      ],
      [
       -82.19237636095332,
       26.53497009834987
      ]
     ]
    ]
   },
   "properties": {
    "h3_cell": "894413325c3ffff",
    "n_samples": 2,
    "labels": {
     "svi_sample": 2
    },
    "uncertainty": {
     "content": "sample density only; severity labels intentionally not joined (no verifiable key) — candor over coverage"
    }
   }
  },
  {
   "type": "Feature",
   "geometry": {
    "type": "Polygon",
    "coordinates": [
     [
      [
       -82.19467454843911,
       26.53718857482312
      ],
      [
       -82.19335881388268,
       26.538486443037677
      ],
      [
       -82.19385006812546,
       26.540244631444693
      ],
      [
       -82.19565712259283,
       26.540704975176492
      ],
      [
       -82.19697289772353,
       26.539407084834483
      ],
      [
       -82.1964815778127,
       26.537648872888553
      ],
      [
       -82.19467454843911,
       26.53718857482312
      ]
     ]
    ]
   },
   "properties": {
    "h3_cell": "894413325c7ffff",
    "n_samples": 8,
    "labels": {
     "svi_sample": 8
    },
    "uncertainty": {
     "content": "sample density only; severity labels intentionally not joined (no verifiable key) — candor over coverage"
    }
   }
  },
  {
   "type": "Feature",
   "geometry": {
    "type": "Polygon",
    "coordinates": [
     [
      [
       -82.19320082610388,
       26.531914054623233
      ],
      [
       -82.19188516226478,
       26.533211942076292
      ],
      [
       -82.19237636095332,
       26.53497009834987
      ],
      [
       -82.1941832891423,
       26.53543039070887
      ],
      [
       -82.19549899355405,
       26.534132481123756
      ],
      [
       -82.19500772920429,
       26.532374301312093
      ],
      [
       -82.19320082610388,
       26.531914054623233
      ]
     ]
    ]
   },
   "properties": {
    "h3_cell": "894413325d3ffff",
    "n_samples": 3,
    "labels": {
     "svi_sample": 3
    },
    "uncertainty": {
     "content": "sample density only; severity labels intentionally not joined (no verifiable key) — candor over coverage"
    }
   }
  },
  {
   "type": "Feature",
   "geometry": {
    "type": "Polygon",
    "coordinates": [
     [
      [
       -81.93890285598629,
       26.6055227290609
      ],
      [
       -81.93758800265246,
       26.60681538650954
      ],
      [
       -81.93807387403565,
       26.608571626918167
      ],
      [
       -81.93987466437318,
       26.609035233845738
      ],
      [
       -81.94118955870185,
       26.607742554565665
      ],
      [
       -81.94070362169822,
       26.605986290189847
      ],
      [
       -81.93890285598629,
       26.6055227290609
      ]
     ]
    ]
   },
   "properties": {
    "h3_cell": "89441339483ffff",
    "n_samples": 7,
    "labels": {
     "svi_sample": 7
    },
    "uncertainty": {
     "content": "sample density only; severity labels intentionally not joined (no verifiable key) — candor over coverage"
    }
   }
  },
  {
   "type": "Feature",
   "geometry": {
    "type": "Polygon",
    "coordinates": [
     [
      [
       -81.93038560250952,
       26.60496091666862
      ],
      [
       -81.92907081232214,
       26.606253425115597
      ],
      [
       -81.92955649216772,
       26.6080095895564
      ],
      [
       -81.93135702781618,
       26.608473269530407
      ],
      [
       -81.93267185901023,
       26.607180739258787
      ],
      [
       -81.93218611354921,
       26.605424550838205
      ],
      [
       -81.93038560250952,
       26.60496091666862
      ]
     ]
    ]
   },
   "properties": {
    "h3_cell": "894413394c3ffff",
    "n_samples": 1,
    "labels": {
     "svi_sample": 1
    },
    "uncertainty": {
     "content": "sample density only; severity labels intentionally not joined (no verifiable key) — candor over coverage"
    }
   }
  },
  {
   "type": "Feature",
   "geometry": {
    "type": "Polygon",
    "coordinates": [
     [
      [
       -81.93267185901023,
       26.607180739258787
      ],
      [
       -81.93135702781618,
       26.608473269530407
      ],
      [
       -81.93184276796036,
       26.610229461989004
      ],
      [
       -81.93364340491786,
       26.610693148153988
      ],
      [
       -81.9349582771169,
       26.609400596058194
      ],
      [
       -81.93447247135356,
       26.607644379621984
      ],
      [
       -81.93267185901023,
       26.607180739258787
      ]
     ]
    ]
   },
   "properties": {
    "h3_cell": "894413394c7ffff",
    "n_samples": 2,
    "labels": {
     "svi_sample": 2
    },
    "uncertainty": {
     "content": "sample density only; severity labels intentionally not joined (no verifiable key) — candor over coverage"
    }
   }
  },
  {
   "type": "Feature",
   "geometry": {
    "type": "Polygon",
    "coordinates": [
     [
      [
       -82.02451867306607,
       26.588369884463685
      ],
      [
       -82.0232034529881,
       26.58966423870497
      ],
      [
       -82.02369115152777,
       26.59142115645812
      ],
      [
       -82.02549413578936,
       26.591883743797954
      ],
      [
       -82.02680939672629,
       26.59058936763218
      ],
      [
       -82.02632163254276,
       26.588832426051468
      ],
      [
       -82.02451867306607,
       26.588369884463685
      ]
     ]
    ]
   },
   "properties": {
    "h3_cell": "8944133a017ffff",
    "n_samples": 1,
    "labels": {
     "svi_sample": 1
    },
    "uncertainty": {
     "content": "sample density only; severity labels intentionally not joined (no verifiable key) — candor over coverage"
    }
   }
  },
  {
   "type": "Feature",
   "geometry": {
    "type": "Polygon",
    "coordinates": [
     [
      [
       -82.02744528203534,
       26.59891159055154
      ],
      [
       -82.02612992021068,
       26.60020590531909
      ],
      [
       -82.02661772915097,
       26.601962887085193
      ],
      [
       -82.02842096557355,
       26.602425577913404
      ],
      [
       -82.02973636826053,
       26.601131241230554
      ],
      [
       -82.02924849366269,
       26.599374235635192
      ],
      [
       -82.02744528203534,
       26.59891159055154
      ]
     ]
    ]
   },
   "properties": {
    "h3_cell": "8944133a027ffff",
    "n_samples": 2,
    "labels": {
     "svi_sample": 2
    },
    "uncertainty": {
     "content": "sample density only; severity labels intentionally not joined (no verifiable key) — candor over coverage"
    }
   }
  },
  {
   "type": "Feature",
   "geometry": {
    "type": "Polygon",
    "coordinates": [
     [
      [
       -82.02432678508613,
       26.599743220480388
      ],
      [
       -82.02301143411243,
       26.601037471662014
      ],
      [
       -82.02349917739576,
       26.602794429593647
      ],
      [
       -82.02530233730984,
       26.603257160178522
      ],
      [
       -82.02661772915097,
       26.601962887085193
      ],
      [
       -82.02612992021068,
       26.60020590531909
      ],
      [
       -82.02432678508613,
       26.599743220480388
      ]
     ]
    ]
   },
   "properties": {
    "h3_cell": "8944133a02fffff",
    "n_samples": 2,
    "labels": {
     "svi_sample": 2
    },
    "uncertainty": {
     "content": "sample density only; severity labels intentionally not joined (no verifiable key) — candor over coverage"
    }
   }
  },
  {
   "type": "Feature",
   "geometry": {
    "type": "Polygon",
    "coordinates": [
     [
      [
       -82.02305561695896,
       26.583099175596246
      ],
      [
       -82.02174046774545,
       26.584393549548263
      ],
      [
       -82.02222811109792,
       26.58615043524645
      ],
      [
       -82.02403096930097,
       26.58661297081976
      ],
      [
       -82.02534615937172,
       26.585318574938647
      ],
      [
       -82.02485845038225,
       26.583561665413736
      ],
      [
       -82.02305561695896,
       26.583099175596246
      ]
     ]
    ]
   },
   "properties": {
    "h3_cell": "8944133a08bffff",
    "n_samples": 3,
    "labels": {
     "svi_sample": 3
    },
    "uncertainty": {
     "content": "sample density only; severity labels intentionally not joined (no verifiable key) — candor over coverage"
    }
   }
  },
  {
   "type": "Feature",
   "geometry": {
    "type": "Polygon",
    "coordinates": [
     [
      [
       -82.02388308759059,
       26.58004787844485
      ],
      [
       -82.02256796838012,
       26.581342294023855
      ],
      [
       -82.02305561695896,
       26.583099175596246
      ],
      [
       -82.02485845038225,
       26.583561665413736
      ],
      [
       -82.0261736104466,
       26.58226722790154
      ],
      [
       -82.02568589623387,
       26.58051032250546
      ],
      [
       -82.02388308759059,
       26.58004787844485
      ]
     ]
    ]
   },
   "properties": {
    "h3_cell": "8944133a09bffff",
    "n_samples": 7,
    "labels": {
     "svi_sample": 7
    },
    "uncertainty": {
     "content": "sample density only; severity labels intentionally not joined (no verifiable key) — candor over coverage"
    }
   }
  },
  {
   "type": "Feature",
   "geometry": {
    "type": "Polygon",
    "coordinates": [
     [
      [
       -82.02992772926079,
       26.58975747548814
      ],
      [
       -82.02861245748065,
       26.591051915225943
      ],
      [
       -82.02910028208834,
       26.592808884734474
      ],
      [
       -82.03090344412442,
       26.59327143832578
      ],
      [
       -82.03221875675666,
       26.591976976660337
      ],
      [
       -82.03173086650082,
       26.59021998333165
      ],
      [
       -82.02992772926079,
       26.58975747548814
      ]
     ]
    ]
   },
   "properties": {
    "h3_cell": "8944133a0a3ffff",
    "n_samples": 2,
    "labels": {
     "svi_sample": 2
    },
    "uncertainty": {
     "content": "sample density only; severity labels intentionally not joined (no verifiable key) — candor over coverage"
    }
   }
  },
  {
   "type": "Feature",
   "geometry": {
    "type": "Polygon",
    "coordinates": [
     [
      [
       -82.02680939672629,
       26.59058936763218
      ],
      [
       -82.02549413578936,
       26.591883743797954
      ],
      [
       -82.02598189474946,
       26.593640689481102
      ],
      [
       -82.02778498029417,
       26.59410328282426
      ],
      [
       -82.02910028208834,
       26.592808884734474
      ],
      [
       -82.02861245748065,
       26.591051915225943
      ],
      [
       -82.02680939672629,
       26.59058936763218
      ]
     ]
    ]
   },
   "properties": {
    "h3_cell": "8944133a0abffff",
    "n_samples": 3,
    "labels": {
     "svi_sample": 3
    },
    "uncertainty": {
     "content": "sample density only; severity labels intentionally not joined (no verifiable key) — candor over coverage"
    }
   }
  },
  {
   "type": "Feature",
   "geometry": {
    "type": "Polygon",
    "coordinates": [
     [
      [
       -82.03304614911646,
       26.588925480022816
      ],
      [
       -82.03173086650082,
       26.59021998333165
      ],
      [
       -82.03221875675666,
       26.591976976660337
      ],
      [
       -82.03402199527703,
       26.592439490495575
      ],
      [
       -82.03533731873966,
       26.591144965255534
      ],
      [
       -82.03484936283506,
       26.589387948111863
      ],
      [
       -82.03304614911646,
       26.588925480022816
      ]
     ]
    ]
   },
   "properties": {
    "h3_cell": "8944133a0b7ffff",
    "n_samples": 1,
    "labels": {
     "svi_sample": 1
    },
    "uncertainty": {
     "content": "sample density only; severity labels intentionally not joined (no verifiable key) — candor over coverage"
    }
   }
  },
  {
   "type": "Feature",
   "geometry": {
    "type": "Polygon",
    "coordinates": [
     [
      [
       -82.03431902592988,
       26.605570644211216
      ],
      [
       -82.0330035415234,
       26.60686502472323
      ],
      [
       -82.03349153178904,
       26.608622090158008
      ],
      [
       -82.03529507212997,
       26.609084798903844
      ],
      [
       -82.03661059739362,
       26.60779039647799
      ],
      [
       -82.03612254145925,
       26.606033307220528
      ],
      [
       -82.03431902592988,
       26.605570644211216
      ]
     ]
    ]
   },
   "properties": {
    "h3_cell": "8944133a10bffff",
    "n_samples": 1,
    "labels": {
     "svi_sample": 1
    },
    "uncertainty": {
     "content": "sample density only; severity labels intentionally not joined (no verifiable key) — candor over coverage"
    }
   }
  },
  {
   "type": "Feature",
   "geometry": {
    "type": "Polygon",
    "coordinates": [
     [
      [
       -82.03661059739362,
       26.60779039647799
      ],
      [
       -82.03529507212997,
       26.609084798903844
      ],
      [
       -82.0357831228489,
       26.610841892210235
      ],
      [
       -82.03758676450403,
       26.611304606911666
      ],
      [
       -82.03890233062312,
       26.61001018257244
      ],
      [
       -82.03841421423175,
       26.608253065445552
      ],
      [
       -82.03661059739362,
       26.60779039647799
      ]
     ]
    ]
   },
   "properties": {
    "h3_cell": "8944133a10fffff",
    "n_samples": 2,
    "labels": {
     "svi_sample": 2
    },
    "uncertainty": {
     "content": "sample density only; severity labels intentionally not joined (no verifiable key) — candor over coverage"
    }
   }
  },
  {
   "type": "Feature",
   "geometry": {
    "type": "Polygon",
    "coordinates": [
     [
      [
       -82.03807487568203,
       26.613061728080698
      ],
      [
       -82.03675927952945,
       26.614356110725193
      ],
      [
       -82.03724738549298,
       26.616113235926584
      ],
      [
       -82.03905115328845,
       26.616576002305205
      ],
      [
       -82.04036679029818,
       26.615281597751927
      ],
      [
       -82.03987861865537,
       26.613524448729226
      ],
      [
       -82.03807487568203,
       26.613061728080698
      ]
     ]
    ]
   },
   "properties": {
    "h3_cell": "8944133a12bffff",
    "n_samples": 1,
    "labels": {
     "svi_sample": 1
    },
    "uncertainty": {
     "content": "sample density only; severity labels intentionally not joined (no verifiable key) — candor over coverage"
    }
   }
  },
  {
   "type": "Feature",
   "geometry": {
    "type": "Polygon",
    "coordinates": [
     [
      [
       -82.02890883494986,
       26.604182587578027
      ],
      [
       -82.02759340224303,
       26.605476882582572
      ],
      [
       -82.02808126639674,
       26.607233896306667
      ],
      [
       -82.02988462892178,
       26.607696638856712
      ],
      [
       -82.03120010249262,
       26.606402321941452
      ],
      [
       -82.03071217267453,
       26.604645284387267
      ],
      [
       -82.02890883494986,
       26.604182587578027
      ]
     ]
    ]
   },
   "properties": {
    "h3_cell": "8944133a143ffff",
    "n_samples": 2,
    "labels": {
     "svi_sample": 2
    },
    "uncertainty": {
     "content": "sample density only; severity labels intentionally not joined (no verifiable key) — candor over coverage"
    }
   }
  },
  {
   "type": "Feature",
   "geometry": {
    "type": "Polygon",
    "coordinates": [
     [
      [
       -82.03120010249262,
       26.606402321941452
      ],
      [
       -82.02988462892178,
       26.607696638856712
      ],
      [
       -82.03037255351929,
       26.609453680463588
      ],
      [
       -82.0321760173559,
       26.609916428983503
      ],
      [
       -82.03349153178904,
       26.608622090158008
      ],
      [
       -82.0330035415234,
       26.60686502472323
      ],
      [
       -82.03120010249262,
       26.606402321941452
      ]
     ]
    ]
   },
   "properties": {
    "h3_cell": "8944133a147ffff",
    "n_samples": 2,
    "labels": {
     "svi_sample": 2
    },
    "uncertainty": {
     "content": "sample density only; severity labels intentionally not joined (no verifiable key) — candor over coverage"
    }
   }
  },
  {
   "type": "Feature",
   "geometry": {
    "type": "Polygon",
    "coordinates": [
     [
      [
       -82.02579014102548,
       26.605014146010877
      ],
      [
       -82.02447471916709,
       26.60630837742126
      ],
      [
       -82.02496251765697,
       26.608065367310054
      ],
      [
       -82.02676580366919,
       26.608528149624167
      ],
      [
       -82.02808126639674,
       26.607233896306667
      ],
      [
       -82.02759340224303,
       26.605476882582572
      ],
      [
       -82.02579014102548,
       26.605014146010877
      ]
     ]
    ]
   },
   "properties": {
    "h3_cell": "8944133a14bffff",
    "n_samples": 2,
    "labels": {
     "svi_sample": 2
    },
    "uncertainty": {
     "content": "sample density only; severity labels intentionally not joined (no verifiable key) — candor over coverage"
    }
   }
  },
  {
   "type": "Feature",
   "geometry": {
    "type": "Polygon",
    "coordinates": [
     [
      [
       -82.0357831228489,
       26.610841892210235
      ],
      [
       -82.03446756755518,
       26.612136252945472
      ],
      [
       -82.03495561305763,
       26.613893350290997
      ],
      [
       -82.03675927952945,
       26.614356110725193
      ],
      [
       -82.03807487568203,
       26.613061728080698
      ],
      [
       -82.03758676450403,
       26.611304606911666
      ],
      [
       -82.0357831228489,
       26.610841892210235
      ]
     ]
    ]
   },
   "properties": {
    "h3_cell": "8944133a177ffff",
    "n_samples": 2,
    "labels": {
     "svi_sample": 2
    },
    "uncertainty": {
     "content": "sample density only; severity labels intentionally not joined (no verifiable key) — candor over coverage"
    }
   }
  },
  {
   "type": "Feature",
   "geometry": {
    "type": "Polygon",
    "coordinates": [
     [
      [
       -82.03368253795715,
       26.597248020670797
      ],
      [
       -82.03236715445367,
       26.59854246260713
      ],
      [
       -82.03285509470966,
       26.600299492026522
      ],
      [
       -82.03465848412795,
       26.600762103328805
      ],
      [
       -82.03597390848351,
       26.599467639469943
      ],
      [
       -82.03548590256881,
       26.597710586231724
      ],
      [
       -82.03368253795715,
       26.597248020670797
      ]
     ]
    ]
   },
   "properties": {
    "h3_cell": "8944133a1c3ffff",
    "n_samples": 2,
    "labels": {
     "svi_sample": 2
    },
    "uncertainty": {
     "content": "sample density only; severity labels intentionally not joined (no verifiable key) — candor over coverage"
    }
   }
  },
  {
   "type": "Feature",
   "geometry": {
    "type": "Polygon",
    "coordinates": [
     [
      [
       -82.0305638663306,
       26.59807985728275
      ],
      [
       -82.02924849366269,
       26.599374235635192
      ],
      [
       -82.02973636826053,
       26.601131241230554
      ],
      [
       -82.03153968118453,
       26.6015938922979
      ],
      [
       -82.03285509470966,
       26.600299492026522
      ],
      [
       -82.03236715445367,
       26.59854246260713
      ],
      [
       -82.0305638663306,
       26.59807985728275
      ]
     ]
    ]
   },
   "properties": {
    "h3_cell": "8944133a1cbffff",
    "n_samples": 3,
    "labels": {
     "svi_sample": 3
    },
    "uncertainty": {
     "content": "sample density only; severity labels intentionally not joined (no verifiable key) — candor over coverage"
    }
   }
  },
  {
   "type": "Feature",
   "geometry": {
    "type": "Polygon",
    "coordinates": [
     [
      [
       -82.03450994596652,
       26.594196511740964
      ],
      [
       -82.03319459248388,
       26.59549099533352
      ],
      [
       -82.03368253795715,
       26.597248020670797
      ],
      [
       -82.03548590256881,
       26.597710586231724
      ],
      [
       -82.03680129690015,
       26.596416080712515
      ],
      [
       -82.03631328577126,
       26.594659031559434
      ],
      [
       -82.03450994596652,
       26.594196511740964
      ]
     ]
    ]
   },
   "properties": {
    "h3_cell": "8944133a1d3ffff",
    "n_samples": 2,
    "labels": {
     "svi_sample": 2
    },
    "uncertainty": {
     "content": "sample density only; severity labels intentionally not joined (no verifiable key) — candor over coverage"
    }
   }
  },
  {
   "type": "Feature",
   "geometry": {
    "type": "Polygon",
    "coordinates": [
     [
      [
       -82.03177366873912,
       26.572280648816243
      ],
      [
       -82.03045858785372,
       26.573575274714575
      ],
      [
       -82.03094637813794,
       26.575332195636005
      ],
      [
       -82.03274931493645,
       26.575794514466732
      ],
      [
       -82.03406443665871,
       26.574499866619792
      ],
      [
       -82.03357658074566,
       26.572742921891155
      ],
      [
       -82.03177366873912,
       26.572280648816243
      ]
     ]
    ]
   },
   "properties": {
    "h3_cell": "8944133a433ffff",
    "n_samples": 4,
    "labels": {
     "svi_sample": 4
    },
    "uncertainty": {
     "content": "sample density only; severity labels intentionally not joined (no verifiable key) — candor over coverage"
    }
   }
  },
  {
   "type": "Feature",
   "geometry": {
    "type": "Polygon",
    "coordinates": [
     [
      [
       -82.01555012630378,
       26.568119685714823
      ],
      [
       -82.01423520051445,
       26.569414055158017
      ],
      [
       -82.01472261274176,
       26.57117082066808
      ],
      [
       -82.0165250163744,
       26.57163324056474
      ],
      [
       -82.01783998302102,
       26.570338849182296
      ],
      [
       -82.01735250517783,
       26.568582059842846
      ],
      [
       -82.01555012630378,
       26.568119685714823
      ]
     ]
    ]
   },
   "properties": {
    "h3_cell": "8944133a44bffff",
    "n_samples": 2,
    "labels": {
     "svi_sample": 2
    },
    "uncertainty": {
     "content": "sample density only; severity labels intentionally not joined (no verifiable key) — candor over coverage"
    }
   }
  },
  {
   "type": "Feature",
   "geometry": {
    "type": "Polygon",
    "coordinates": [
     [
      [
       -82.01637760464565,
       26.565068513340943
      ],
      [
       -82.01506270884411,
       26.566362924377255
      ],
      [
       -82.01555012630378,
       26.568119685714823
      ],
      [
       -82.01735250517783,
       26.568582059842846
      ],
      [
       -82.01866744183326,
       26.56728762686319
      ],
      [
       -82.01817995876085,
       26.565530841699264
      ],
      [
       -82.01637760464565,
       26.565068513340943
      ]
     ]
    ]
   },
   "properties": {
    "h3_cell": "8944133a45bffff",
    "n_samples": 6,
    "labels": {
     "svi_sample": 6
    },
    "uncertainty": {
     "content": "sample density only; severity labels intentionally not joined (no verifiable key) — candor over coverage"
    }
   }
  },
  {
   "type": "Feature",
   "geometry": {
    "type": "Polygon",
    "coordinates": [
     [
      [
       -82.0327919509667,
       26.557855103395003
      ],
      [
       -82.03147703092431,
       26.559149873641452
      ],
      [
       -82.03196478166936,
       26.560906749861203
      ],
      [
       -82.0337675180695,
       26.561368879632166
      ],
      [
       -82.03508247893683,
       26.5600740874202
      ],
      [
       -82.03459466257918,
       26.558317187403194
      ],
      [
       -82.0327919509667,
       26.557855103395003
      ]
     ]
    ]
   },
   "properties": {
    "h3_cell": "8944133a493ffff",
    "n_samples": 1,
    "labels": {
     "svi_sample": 1
    },
    "uncertainty": {
     "content": "sample density only; severity labels intentionally not joined (no verifiable key) — candor over coverage"
    }
   }
  },
  {
   "type": "Feature",
   "geometry": {
    "type": "Polygon",
    "coordinates": [
     [
      [
       -82.03489167245874,
       26.571448232448596
      ],
      [
       -82.03357658074566,
       26.572742921891155
      ],
      [
       -82.03406443665871,
       26.574499866619792
      ],
      [
       -82.03586744991435,
       26.57496214570828
      ],
      [
       -82.03718258245917,
       26.57366743431348
      ],
      [
       -82.03669466091671,
       26.571910465782846
      ],
      [
       -82.03489167245874,
       26.571448232448596
      ]
     ]
    ]
   },
   "properties": {
    "h3_cell": "8944133a4afffff",
    "n_samples": 8,
    "labels": {
     "svi_sample": 8
    },
    "uncertainty": {
     "content": "sample density only; severity labels intentionally not joined (no verifiable key) — candor over coverage"
    }
   }
  },
  {
   "type": "Feature",
   "geometry": {
    "type": "Polygon",
    "coordinates": [
     [
      [
       -82.03387350624328,
       26.58587394585913
      ],
      [
       -82.03255825364344,
       26.587168490802615
      ],
      [
       -82.03304614911646,
       26.588925480022816
      ],
      [
       -82.03484936283506,
       26.589387948111863
      ],
      [
       -82.0361646562785,
       26.58809338123303
      ],
      [
       -82.03567669515984,
       26.586336368200904
      ],
      [
       -82.03387350624328,
       26.58587394585913
      ]
     ]
    ]
   },
   "properties": {
    "h3_cell": "8944133a54fffff",
    "n_samples": 1,
    "labels": {
     "svi_sample": 1
    },
    "uncertainty": {
     "content": "sample density only; severity labels intentionally not joined (no verifiable key) — candor over coverage"
    }
   }
  },
  {
   "type": "Feature",
   "geometry": {
    "type": "Polygon",
    "coordinates": [
     [
      [
       -82.03533731873966,
       26.591144965255534
      ],
      [
       -82.03402199527703,
       26.592439490495575
      ],
      [
       -82.03450994596652,
       26.594196511740964
      ],
      [
       -82.03631328577126,
       26.594659031559434
      ],
      [
       -82.03762865007917,
       26.593364484388633
      ],
      [
       -82.0371406337372,
       26.59160743933049
      ],
      [
       -82.03533731873966,
       26.591144965255534
      ]
     ]
    ]
   },
   "properties": {
    "h3_cell": "8944133a56bffff",
    "n_samples": 4,
    "labels": {
     "svi_sample": 4
    },
    "uncertainty": {
     "content": "sample density only; severity labels intentionally not joined (no verifiable key) — candor over coverage"
    }
   }
  },
  {
   "type": "Feature",
   "geometry": {
    "type": "Polygon",
    "coordinates": [
     [
      [
       -82.0361646562785,
       26.58809338123303
      ],
      [
       -82.03484936283506,
       26.589387948111863
      ],
      [
       -82.03533731873966,
       26.591144965255534
      ],
      [
       -82.0371406337372,
       26.59160743933049
      ],
      [
       -82.03845596802253,
       26.59031285051683
      ],
      [
       -82.03796794646854,
       26.58855580956343
      ],
      [
       -82.0361646562785,
       26.58809338123303
      ]
     ]
    ]
   },
   "properties": {
    "h3_cell": "8944133a57bffff",
    "n_samples": 2,
    "labels": {
     "svi_sample": 2
    },
    "uncertainty": {
     "content": "sample density only; severity labels intentionally not joined (no verifiable key) — candor over coverage"
    }
   }
  },
  {
   "type": "Feature",
   "geometry": {
    "type": "Polygon",
    "coordinates": [
     [
      [
       -82.04769157577532,
       26.641640106050172
      ],
      [
       -82.04637558422398,
       26.642934411412362
      ],
      [
       -82.04686402704749,
       26.644691723371533
      ],
      [
       -82.04866852713971,
       26.645154753792205
      ],
      [
       -82.04998455955487,
       26.643860426544684
      ],
      [
       -82.04949605101409,
       26.642103090762227
      ],
      [
       -82.04769157577532,
       26.641640106050172
      ]
     ]
    ]
   },
   "properties": {
    "h3_cell": "8944133a803ffff",
    "n_samples": 14,
    "labels": {
     "svi_sample": 14
    },
    "uncertainty": {
     "content": "sample density only; severity labels intentionally not joined (no verifiable key) — candor over coverage"
    }
   }
  },
  {
   "type": "Feature",
   "geometry": {
    "type": "Polygon",
    "coordinates": [
     [
      [
       -82.04998455955487,
       26.643860426544684
      ],
      [
       -82.04866852713971,
       26.645154753792205
      ],
      [
       -82.04915703047483,
       26.64691209351047
      ],
      [
       -82.05096163194621,
       26.647375129802686
      ],
      [
       -82.05227770522347,
       26.64608078067031
      ],
      [
       -82.05178913616736,
       26.644323417130977
      ],
      [
       -82.04998455955487,
       26.643860426544684
      ]
     ]
    ]
   },
   "properties": {
    "h3_cell": "8944133a807ffff",
    "n_samples": 4,
    "labels": {
     "svi_sample": 4
    },
    "uncertainty": {
     "content": "sample density only; severity labels intentionally not joined (no verifiable key) — candor over coverage"
    }
   }
  },
  {
   "type": "Feature",
   "geometry": {
    "type": "Polygon",
    "coordinates": [
     [
      [
       -82.04457118550688,
       26.642471386871744
      ],
      [
       -82.0432552047657,
       26.64376562858052
      ],
      [
       -82.04374358187255,
       26.645522916711215
      ],
      [
       -82.04554800543735,
       26.64598598696204
      ],
      [
       -82.04686402704749,
       26.644691723371533
      ],
      [
       -82.04637558422398,
       26.642934411412362
      ],
      [
       -82.04457118550688,
       26.642471386871744
      ]
     ]
    ]
   },
   "properties": {
    "h3_cell": "8944133a80bffff",
    "n_samples": 4,
    "labels": {
     "svi_sample": 4
    },
    "uncertainty": {
     "content": "sample density only; severity labels intentionally not joined (no verifiable key) — candor over coverage"
    }
   }
  },
  {
   "type": "Feature",
   "geometry": {
    "type": "Polygon",
    "coordinates": [
     [
      [
       -82.05081205336786,
       26.64080872174763
      ],
      [
       -82.04949605101409,
       26.642103090762227
      ],
      [
       -82.04998455955487,
       26.643860426544684
      ],
      [
       -82.05178913616736,
       26.644323417130977
      ],
      [
       -82.05310517937983,
       26.643029026227424
      ],
      [
       -82.0526166051212,
       26.64127166662693
      ],
      [
       -82.05081205336786,
       26.64080872174763
      ]
     ]
    ]
   },
   "properties": {
    "h3_cell": "8944133a817ffff",
    "n_samples": 5,
    "labels": {
     "svi_sample": 5
    },
    "uncertainty": {
     "content": "sample density only; severity labels intentionally not joined (no verifiable key) — candor over coverage"
    }
   }
  },
  {
   "type": "Feature",
   "geometry": {
    "type": "Polygon",
    "coordinates": [
     [
      [
       -82.04539875387502,
       26.63941981920426
      ],
      [
       -82.04408280318923,
       26.640714102680633
      ],
      [
       -82.04457118550688,
       26.642471386871744
      ],
      [
       -82.04637558422398,
       26.642934411412362
      ],
      [
       -82.04769157577532,
       26.641640106050172
      ],
      [
       -82.04720312774413,
       26.63988279803358
      ],
      [
       -82.04539875387502,
       26.63941981920426
      ]
     ]
    ]
   },
   "properties": {
    "h3_cell": "8944133a81bffff",
    "n_samples": 4,
    "labels": {
     "svi_sample": 4
    },
    "uncertainty": {
     "content": "sample density only; severity labels intentionally not joined (no verifiable key) — candor over coverage"
    }
   }
  },
  {
   "type": "Feature",
   "geometry": {
    "type": "Polygon",
    "coordinates": [
     [
      [
       -82.05374352302891,
       26.651352934635785
      ],
      [
       -82.05242737882227,
       26.652647263868502
      ],
      [
       -82.05291599799523,
       26.65440466299041
      ],
      [
       -82.05472082710654,
       26.654867756699673
      ],
      [
       -82.05603701217522,
       26.65357340558717
      ],
      [
       -82.0555483272707,
       26.65181598264559
      ],
      [
       -82.05374352302891,
       26.651352934635785
      ]
     ]
    ]
   },
   "properties": {
    "h3_cell": "8944133a827ffff",
    "n_samples": 2,
    "labels": {
     "svi_sample": 2
    },
    "uncertainty": {
     "content": "sample density only; severity labels intentionally not joined (no verifiable key) — candor over coverage"
    }
   }
  },
  {
   "type": "Feature",
   "geometry": {
    "type": "Polygon",
    "coordinates": [
     [
      [
       -82.04832946612585,
       26.649963722626477
      ],
      [
       -82.04701337358544,
       26.651257966313686
      ],
      [
       -82.04750186650601,
       26.65301531387417
      ],
      [
       -82.0493065176943,
       26.65347844157495
      ],
      [
       -82.05062265110364,
       26.652184176011108
      ],
      [
       -82.05013409245582,
       26.65042680462351
      ],
      [
       -82.04832946612585,
       26.649963722626477
      ]
     ]
    ]
   },
   "properties": {
    "h3_cell": "8944133a82bffff",
    "n_samples": 1,
    "labels": {
     "svi_sample": 1
    },
    "uncertainty": {
     "content": "sample density only; severity labels intentionally not joined (no verifiable key) — candor over coverage"
    }
   }
  },
  {
   "type": "Feature",
   "geometry": {
    "type": "Polygon",
    "coordinates": [
     [
      [
       -82.05062265110364,
       26.652184176011108
      ],
      [
       -82.0493065176943,
       26.65347844157495
      ],
      [
       -82.04979507113634,
       26.65523581687196
      ],
      [
       -82.05159982371875,
       26.655698950430413
      ],
      [
       -82.05291599799523,
       26.65440466299041
      ],
      [
       -82.05242737882227,
       26.652647263868502
      ],
      [
       -82.05062265110364,
       26.652184176011108
      ]
     ]
    ]
   },
   "properties": {
    "h3_cell": "8944133a82fffff",
    "n_samples": 2,
    "labels": {
     "svi_sample": 2
    },
    "uncertainty": {
     "content": "sample density only; severity labels intentionally not joined (no verifiable key) — candor over coverage"
    }
   }
  },
  {
   "type": "Feature",
   "geometry": {
    "type": "Polygon",
    "coordinates": [
     [
      [
       -82.0545710127909,
       26.648301168409578
      ],
      [
       -82.05325489865328,
       26.649595539426308
      ],
      [
       -82.05374352302891,
       26.651352934635785
      ],
      [
       -82.0555483272707,
       26.65181598264559
      ],
      [
       -82.05686448226696,
       26.650521589744972
      ],
      [
       -82.05637579216291,
       26.64876417071884
      ],
      [
       -82.0545710127909,
       26.648301168409578
      ]
     ]
    ]
   },
   "properties": {
    "h3_cell": "8944133a837ffff",
    "n_samples": 2,
    "labels": {
     "svi_sample": 2
    },
    "uncertainty": {
     "content": "sample density only; severity labels intentionally not joined (no verifiable key) — candor over coverage"
    }
   }
  },
  {
   "type": "Feature",
   "geometry": {
    "type": "Polygon",
    "coordinates": [
     [
      [
       -82.04520882378718,
       26.65079484447908
      ],
      [
       -82.04389274205697,
       26.652089024500007
      ],
      [
       -82.04438116925088,
       26.653846348228168
      ],
      [
       -82.04618574390176,
       26.654309515768123
      ],
      [
       -82.04750186650601,
       26.65301531387417
      ],
      [
       -82.04701337358544,
       26.651257966313686
      ],
      [
       -82.04520882378718,
       26.65079484447908
      ]
     ]
    ]
   },
   "properties": {
    "h3_cell": "8944133a867ffff",
    "n_samples": 2,
    "labels": {
     "svi_sample": 2
    },
    "uncertainty": {
     "content": "sample density only; severity labels intentionally not joined (no verifiable key) — candor over coverage"
    }
   }
  },
  {
   "type": "Feature",
   "geometry": {
    "type": "Polygon",
    "coordinates": [
     [
      [
       -82.03979553024362,
       26.649405411064105
      ],
      [
       -82.0384795002122,
       26.650699505547866
      ],
      [
       -82.0389678011718,
       26.652456777688588
      ],
      [
       -82.04077219788525,
       26.65291997918569
      ],
      [
       -82.04208826879756,
       26.65162586283204
      ],
      [
       -82.04159990211562,
       26.649868566851584
      ],
      [
       -82.03979553024362,
       26.649405411064105
      ]
     ]
    ]
   },
   "properties": {
    "h3_cell": "8944133a86bffff",
    "n_samples": 3,
    "labels": {
     "svi_sample": 3
    },
    "uncertainty": {
     "content": "sample density only; severity labels intentionally not joined (no verifiable key) — candor over coverage"
    }
   }
  },
  {
   "type": "Feature",
   "geometry": {
    "type": "Polygon",
    "coordinates": [
     [
      [
       -82.04208826879756,
       26.65162586283204
      ],
      [
       -82.04077219788525,
       26.65291997918569
      ],
      [
       -82.04126055935309,
       26.65467727907632
      ],
      [
       -82.04306505745942,
       26.655140486451234
      ],
      [
       -82.04438116925088,
       26.653846348228168
      ],
      [
       -82.04389274205697,
       26.652089024500007
      ],
      [
       -82.04208826879756,
       26.65162586283204
      ]
     ]
    ]
   },
   "properties": {
    "h3_cell": "8944133a86fffff",
    "n_samples": 2,
    "labels": {
     "svi_sample": 2
    },
    "uncertainty": {
     "content": "sample density only; severity labels intentionally not joined (no verifiable key) — candor over coverage"
    }
   }
  },
  {
   "type": "Feature",
   "geometry": {
    "type": "Polygon",
    "coordinates": [
     [
      [
       -82.05622588650749,
       26.642197522416595
      ],
      [
       -82.05490983250544,
       26.643491976975152
      ],
      [
       -82.05539846728313,
       26.645249364330333
      ],
      [
       -82.0572032217851,
       26.64571232093797
      ],
      [
       -82.05851931663896,
       26.644417844487336
      ],
      [
       -82.05803061613913,
       26.642660433321524
      ],
      [
       -82.05622588650749,
       26.642197522416595
      ]
     ]
    ]
   },
   "properties": {
    "h3_cell": "8944133a8a3ffff",
    "n_samples": 2,
    "labels": {
     "svi_sample": 2
    },
    "uncertainty": {
     "content": "sample density only; severity labels intentionally not joined (no verifiable key) — candor over coverage"
    }
   }
  },
  {
   "type": "Feature",
   "geometry": {
    "type": "Polygon",
    "coordinates": [
     [
      [
       -82.05539846728313,
       26.645249364330333
      ],
      [
       -82.05408238321371,
       26.64654377712234
      ],
      [
       -82.0545710127909,
       26.648301168409578
      ],
      [
       -82.05637579216291,
       26.64876417071884
      ],
      [
       -82.05769191708758,
       26.64746973603885
      ],
      [
       -82.0572032217851,
       26.64571232093797
      ],
      [
       -82.05539846728313,
       26.645249364330333
      ]
     ]
    ]
   },
   "properties": {
    "h3_cell": "8944133a8afffff",
    "n_samples": 5,
    "labels": {
     "svi_sample": 5
    },
    "uncertainty": {
     "content": "sample density only; severity labels intentionally not joined (no verifiable key) — candor over coverage"
    }
   }
  },
  {
   "type": "Feature",
   "geometry": {
    "type": "Polygon",
    "coordinates": [
     [
      [
       -82.05520950681046,
       26.656625183546904
      ],
      [
       -82.05389329166852,
       26.65791949286258
      ],
      [
       -82.05438196617075,
       26.65967692360564
      ],
      [
       -82.05618692155343,
       26.660140068853938
      ],
      [
       -82.05750317755911,
       26.658845737663075
      ],
      [
       -82.05701443731849,
       26.65708828309951
      ],
      [
       -82.05520950681046,
       26.656625183546904
      ]
     ]
    ]
   },
   "properties": {
    "h3_cell": "8944133a943ffff",
    "n_samples": 2,
    "labels": {
     "svi_sample": 2
    },
    "uncertainty": {
     "content": "sample density only; severity labels intentionally not joined (no verifiable key) — candor over coverage"
    }
   }
  },
  {
   "type": "Feature",
   "geometry": {
    "type": "Polygon",
    "coordinates": [
     [
      [
       -82.05438196617075,
       26.65967692360564
      ],
      [
       -82.05306572095475,
       26.660971191115767
      ],
      [
       -82.05355439025418,
       26.66272862574487
      ],
      [
       -82.05535937051127,
       26.663191816687746
      ],
      [
       -82.05667565659442,
       26.661897527306547
      ],
      [
       -82.05618692155343,
       26.660140068853938
      ],
      [
       -82.05438196617075,
       26.65967692360564
      ]
     ]
    ]
   },
   "properties": {
    "h3_cell": "8944133a94fffff",
    "n_samples": 3,
    "labels": {
     "svi_sample": 3
    },
    "uncertainty": {
     "content": "sample density only; severity labels intentionally not joined (no verifiable key) — candor over coverage"
    }
   }
  },
  {
   "type": "Feature",
   "geometry": {
    "type": "Polygon",
    "coordinates": [
     [
      [
       -82.05603701217522,
       26.65357340558717
      ],
      [
       -82.05472082710654,
       26.654867756699673
      ],
      [
       -82.05520950681046,
       26.656625183546904
      ],
      [
       -82.05701443731849,
       26.65708828309951
      ],
      [
       -82.0583306632475,
       26.655793910107718
      ],
      [
       -82.05784191780829,
       26.654036459443017
      ],
      [
       -82.05603701217522,
       26.65357340558717
      ]
     ]
    ]
   },
   "properties": {
    "h3_cell": "8944133a953ffff",
    "n_samples": 3,
    "labels": {
     "svi_sample": 3
    },
    "uncertainty": {
     "content": "sample density only; severity labels intentionally not joined (no verifiable key) — candor over coverage"
    }
   }
  },
  {
   "type": "Feature",
   "geometry": {
    "type": "Polygon",
    "coordinates": [
     [
      [
       -82.05686448226696,
       26.650521589744972
      ],
      [
       -82.0555483272707,
       26.65181598264559
      ],
      [
       -82.05603701217522,
       26.65357340558717
      ],
      [
       -82.05784191780829,
       26.654036459443017
      ],
      [
       -82.05915811366147,
       26.652742044659018
      ],
      [
       -82.0586693630248,
       26.650984597902976
      ],
      [
       -82.05686448226696,
       26.650521589744972
      ]
     ]
    ]
   },
   "properties": {
    "h3_cell": "8944133a9cbffff",
    "n_samples": 2,
    "labels": {
     "svi_sample": 2
    },
    "uncertainty": {
     "content": "sample density only; severity labels intentionally not joined (no verifiable key) — candor over coverage"
    }
   }
  },
  {
   "type": "Feature",
   "geometry": {
    "type": "Polygon",
    "coordinates": [
     [
      [
       -82.0389678011718,
       26.652456777688588
      ],
      [
       -82.03765174108513,
       26.653750830373966
      ],
      [
       -82.0381400368275,
       26.65550810642183
      ],
      [
       -82.03994445838212,
       26.655971353627493
      ],
      [
       -82.04126055935309,
       26.65467727907632
      ],
      [
       -82.04077219788525,
       26.65291997918569
      ],
      [
       -82.0389678011718,
       26.652456777688588
      ]
     ]
    ]
   },
   "properties": {
    "h3_cell": "8944133abd3ffff",
    "n_samples": 2,
    "labels": {
     "svi_sample": 2
    },
    "uncertainty": {
     "content": "sample density only; severity labels intentionally not joined (no verifiable key) — candor over coverage"
    }
   }
  },
  {
   "type": "Feature",
   "geometry": {
    "type": "Polygon",
    "coordinates": [
     [
      [
       -82.03769363210745,
       26.63581057938197
      ],
      [
       -82.03637777398343,
       26.63710475544267
      ],
      [
       -82.03686596960118,
       26.638861960235626
      ],
      [
       -82.03867008904854,
       26.63932501280337
      ],
      [
       -82.03998598804665,
       26.638030814859476
      ],
      [
       -82.03949772672343,
       26.636273586231457
      ],
      [
       -82.03769363210745,
       26.63581057938197
      ]
     ]
    ]
   },
   "properties": {
    "h3_cell": "8944133ae27ffff",
    "n_samples": 5,
    "labels": {
     "svi_sample": 5
    },
    "uncertainty": {
     "content": "sample density only; severity labels intentionally not joined (no verifiable key) — candor over coverage"
    }
   }
  },
  {
   "type": "Feature",
   "geometry": {
    "type": "Polygon",
    "coordinates": [
     [
      [
       -81.9407607925863,
       26.58805813261113
      ],
      [
       -81.93944612988933,
       26.589350976877927
      ],
      [
       -81.93993196751852,
       26.59110716892099
      ],
      [
       -81.94173253344593,
       26.591570540651915
      ],
      [
       -81.94304723712244,
       26.590277674532683
      ],
      [
       -81.9425613338921,
       26.588521458535357
      ],
      [
       -81.9407607925863,
       26.58805813261113
      ]
     ]
    ]
   },
   "properties": {
    "h3_cell": "8944133b213ffff",
    "n_samples": 9,
    "labels": {
     "svi_sample": 9
    },
    "uncertainty": {
     "content": "sample density only; severity labels intentionally not joined (no verifiable key) — candor over coverage"
    }
   }
  },
  {
   "type": "Feature",
   "geometry": {
    "type": "Polygon",
    "coordinates": [
     [
      [
       -81.94138959038378,
       26.596375809318356
      ],
      [
       -81.94007482684677,
       26.597668591995486
      ],
      [
       -81.94056071415845,
       26.599424820242497
      ],
      [
       -81.94236143061833,
       26.59988828977094
      ],
      [
       -81.94367623513999,
       26.598595485250083
      ],
      [
       -81.9431902822172,
       26.596839233044925
      ],
      [
       -81.94138959038378,
       26.596375809318356
      ]
     ]
    ]
   },
   "properties": {
    "h3_cell": "8944133b23bffff",
    "n_samples": 6,
    "labels": {
     "svi_sample": 6
    },
    "uncertainty": {
     "content": "sample density only; severity labels intentionally not joined (no verifiable key) — candor over coverage"
    }
   }
  },
  {
   "type": "Feature",
   "geometry": {
    "type": "Polygon",
    "coordinates": [
     [
      [
       -81.94158958242132,
       26.585009058697185
      ],
      [
       -81.94027494964996,
       26.586301944667856
      ],
      [
       -81.9407607925863,
       26.58805813261113
      ],
      [
       -81.9425613338921,
       26.588521458535357
      ],
      [
       -81.94387600763957,
       26.587228550708133
      ],
      [
       -81.9433900991052,
       26.58547233881363
      ],
      [
       -81.94158958242132,
       26.585009058697185
      ]
     ]
    ]
   },
   "properties": {
    "h3_cell": "8944133b28bffff",
    "n_samples": 3,
    "labels": {
     "svi_sample": 3
    },
    "uncertainty": {
     "content": "sample density only; severity labels intentionally not joined (no verifiable key) — candor over coverage"
    }
   }
  },
  {
   "type": "Feature",
   "geometry": {
    "type": "Polygon",
    "coordinates": [
     [
      [
       -81.93847450961394,
       26.58583862494741
      ],
      [
       -81.93715988789816,
       26.587131447361266
      ],
      [
       -81.93764566523711,
       26.58888761134812
      ],
      [
       -81.93944612988933,
       26.589350976877927
      ],
      [
       -81.9407607925863,
       26.58805813261113
      ],
      [
       -81.94027494964996,
       26.586301944667856
      ],
      [
       -81.93847450961394,
       26.58583862494741
      ]
     ]
    ]
   },
   "properties": {
    "h3_cell": "8944133b2c7ffff",
    "n_samples": 1,
    "labels": {
     "svi_sample": 1
    },
    "uncertainty": {
     "content": "sample density only; severity labels intentionally not joined (no verifiable key) — candor over coverage"
    }
   }
  },
  {
   "type": "Feature",
   "geometry": {
    "type": "Polygon",
    "coordinates": [
     [
      [
       -81.93535952451705,
       26.586668088041005
      ],
      [
       -81.9340449138645,
       26.587960846897083
      ],
      [
       -81.93453062560667,
       26.58971698692231
      ],
      [
       -81.93633101359829,
       26.590180392053494
      ],
      [
       -81.93764566523711,
       26.58888761134812
      ],
      [
       -81.93715988789816,
       26.587131447361266
      ],
      [
       -81.93535952451705,
       26.586668088041005
      ]
     ]
    ]
   },
   "properties": {
    "h3_cell": "8944133b2cfffff",
    "n_samples": 6,
    "labels": {
     "svi_sample": 6
    },
    "uncertainty": {
     "content": "sample density only; severity labels intentionally not joined (no verifiable key) — candor over coverage"
    }
   }
  },
  {
   "type": "Feature",
   "geometry": {
    "type": "Polygon",
    "coordinates": [
     [
      [
       -81.93701721664394,
       26.580570177494348
      ],
      [
       -81.93570266582985,
       26.581863019750454
      ],
      [
       -81.93618838819549,
       26.583619151558853
      ],
      [
       -81.93798872696584,
       26.5840824650671
      ],
      [
       -81.93930331875939,
       26.58278960095345
      ],
      [
       -81.93881753080319,
       26.5810334451895
      ],
      [
       -81.93701721664394,
       26.580570177494348
      ]
     ]
    ]
   },
   "properties": {
    "h3_cell": "8944133b2d3ffff",
    "n_samples": 4,
    "labels": {
     "svi_sample": 4
    },
    "uncertainty": {
     "content": "sample density only; severity labels intentionally not joined (no verifiable key) — candor over coverage"
    }
   }
  },
  {
   "type": "Feature",
   "geometry": {
    "type": "Polygon",
    "coordinates": [
     [
      [
       -81.96836725388334,
       26.560900300760547
      ],
      [
       -81.96705272358368,
       26.562193881448163
      ],
      [
       -81.96753905740844,
       26.56395021200936
      ],
      [
       -81.96933998711668,
       26.564412985780024
      ],
      [
       -81.97065455833649,
       26.563119383185903
      ],
      [
       -81.97016815892802,
       26.56136302872803
      ],
      [
       -81.96836725388334,
       26.560900300760547
      ]
     ]
    ]
   },
   "properties": {
    "h3_cell": "8944133b413ffff",
    "n_samples": 1,
    "labels": {
     "svi_sample": 1
    },
    "uncertainty": {
     "content": "sample density only; severity labels intentionally not joined (no verifiable key) — candor over coverage"
    }
   }
  },
  {
   "type": "Feature",
   "geometry": {
    "type": "Polygon",
    "coordinates": [
     [
      [
       -81.95984976525386,
       26.560342744224226
      ],
      [
       -81.9585352978665,
       26.5616361759666
      ],
      [
       -81.95902144023091,
       26.563392430626156
      ],
      [
       -81.96082211556153,
       26.56385527745297
      ],
      [
       -81.96213662388092,
       26.56256182381084
      ],
      [
       -81.96165041593777,
       26.560805545242047
      ],
      [
       -81.95984976525386,
       26.560342744224226
      ]
     ]
    ]
   },
   "properties": {
    "h3_cell": "8944133b453ffff",
    "n_samples": 5,
    "labels": {
     "svi_sample": 5
    },
    "uncertainty": {
     "content": "sample density only; severity labels intentionally not joined (no verifiable key) — candor over coverage"
    }
   }
  },
  {
   "type": "Feature",
   "geometry": {
    "type": "Polygon",
    "coordinates": [
     [
      [
       -81.95673472376235,
       26.561173335338975
      ],
      [
       -81.9554202673817,
       26.562466703560744
      ],
      [
       -81.95590634416803,
       26.564222934305853
      ],
      [
       -81.95770694291319,
       26.564685820744053
      ],
      [
       -81.95902144023091,
       26.563392430626156
      ],
      [
       -81.9585352978665,
       26.5616361759666
      ],
      [
       -81.95673472376235,
       26.561173335338975
      ]
     ]
    ]
   },
   "properties": {
    "h3_cell": "8944133b45bffff",
    "n_samples": 9,
    "labels": {
     "svi_sample": 9
    },
    "uncertainty": {
     "content": "sample density only; severity labels intentionally not joined (no verifiable key) — candor over coverage"
    }
   }
  },
  {
   "type": "Feature",
   "geometry": {
    "type": "Polygon",
    "coordinates": [
     [
      [
       -81.97148270020631,
       26.560069384519178
      ],
      [
       -81.97016815892802,
       26.56136302872803
      ],
      [
       -81.97065455833649,
       26.563119383185903
      ],
      [
       -81.97245556460766,
       26.563582117326792
      ],
      [
       -81.97377014680102,
       26.56228845120782
      ],
      [
       -81.97328368180824,
       26.56053207285849
      ],
      [
       -81.97148270020631,
       26.560069384519178
      ]
     ]
    ]
   },
   "properties": {
    "h3_cell": "8944133b48fffff",
    "n_samples": 7,
    "labels": {
     "svi_sample": 7
    },
    "uncertainty": {
     "content": "sample density only; severity labels intentionally not joined (no verifiable key) — candor over coverage"
    }
   }
  },
  {
   "type": "Feature",
   "geometry": {
    "type": "Polygon",
    "coordinates": [
     [
      [
       -81.96462132956773,
       26.553412390083505
      ],
      [
       -81.96330691104477,
       26.554705968559002
      ],
      [
       -81.96379312955251,
       26.55646223873145
      ],
      [
       -81.9655938321564,
       26.556924954326767
      ],
      [
       -81.9669082915995,
       26.55563135393966
      ],
      [
       -81.96642200751864,
       26.55387505986925
      ],
      [
       -81.96462132956773,
       26.553412390083505
      ]
     ]
    ]
   },
   "properties": {
    "h3_cell": "8944133b4d3ffff",
    "n_samples": 7,
    "labels": {
     "svi_sample": 7
    },
    "uncertainty": {
     "content": "sample density only; severity labels intentionally not joined (no verifiable key) — candor over coverage"
    }
   }
  },
  {
   "type": "Feature",
   "geometry": {
    "type": "Polygon",
    "coordinates": [
     [
      [
       -81.94261820306505,
       26.570593129415418
      ],
      [
       -81.94130373095241,
       26.571886160241068
      ],
      [
       -81.94178953482624,
       26.57364230359726
      ],
      [
       -81.94358987639461,
       26.57410544006951
      ],
      [
       -81.94490438947146,
       26.57281238737039
      ],
      [
       -81.9444185200158,
       26.571056220072908
      ],
      [
       -81.94261820306505,
       26.570593129415418
      ]
     ]
    ]
   },
   "properties": {
    "h3_cell": "8944133b60bffff",
    "n_samples": 9,
    "labels": {
     "svi_sample": 9
    },
    "uncertainty": {
     "content": "sample density only; severity labels intentionally not joined (no verifiable key) — candor over coverage"
    }
   }
  },
  {
   "type": "Feature",
   "geometry": {
    "type": "Polygon",
    "coordinates": [
     [
      [
       -81.94096083136363,
       26.576691440259896
      ],
      [
       -81.93964629941215,
       26.57798438774696
      ],
      [
       -81.9401320926753,
       26.579740539384787
      ],
      [
       -81.94193248347807,
       26.580203767483297
      ],
      [
       -81.94324705640055,
       26.578910798130973
      ],
      [
       -81.94276119754933,
       26.577154622545805
      ],
      [
       -81.94096083136363,
       26.576691440259896
      ]
     ]
    ]
   },
   "properties": {
    "h3_cell": "8944133b663ffff",
    "n_samples": 7,
    "labels": {
     "svi_sample": 7
    },
    "uncertainty": {
     "content": "sample density only; severity labels intentionally not joined (no verifiable key) — candor over coverage"
    }
   }
  },
  {
   "type": "Feature",
   "geometry": {
    "type": "Polygon",
    "coordinates": [
     [
      [
       -81.94324705640055,
       26.578910798130973
      ],
      [
       -81.94193248347807,
       26.580203767483297
      ],
      [
       -81.94241833702543,
       26.58195994719763
      ],
      [
       -81.94421882908713,
       26.582423181505213
      ],
      [
       -81.94553344297896,
       26.58113019028813
      ],
      [
       -81.9450475238398,
       26.57937398662862
      ],
      [
       -81.94324705640055,
       26.578910798130973
      ]
     ]
    ]
   },
   "properties": {
    "h3_cell": "8944133b667ffff",
    "n_samples": 2,
    "labels": {
     "svi_sample": 2
    },
    "uncertainty": {
     "content": "sample density only; severity labels intentionally not joined (no verifiable key) — candor over coverage"
    }
   }
  },
  {
   "type": "Feature",
   "geometry": {
    "type": "Polygon",
    "coordinates": [
     [
      [
       -81.9401320926753,
       26.579740539384787
      ],
      [
       -81.93881753080319,
       26.5810334451895
      ],
      [
       -81.93930331875939,
       26.58278960095345
      ],
      [
       -81.94110373417891,
       26.583252874863483
      ],
      [
       -81.94241833702543,
       26.58195994719763
      ],
      [
       -81.94193248347807,
       26.580203767483297
      ],
      [
       -81.9401320926753,
       26.579740539384787
      ]
     ]
    ]
   },
   "properties": {
    "h3_cell": "8944133b66fffff",
    "n_samples": 2,
    "labels": {
     "svi_sample": 2
    },
    "uncertainty": {
     "content": "sample density only; severity labels intentionally not joined (no verifiable key) — candor over coverage"
    }
   }
  },
  {
   "type": "Feature",
   "geometry": {
    "type": "Polygon",
    "coordinates": [
     [
      [
       -81.9440757405486,
       26.575861611515727
      ],
      [
       -81.94276119754933,
       26.577154622545805
      ],
      [
       -81.94324705640055,
       26.578910798130973
      ],
      [
       -81.9450475238398,
       26.57937398662862
      ],
      [
       -81.94636210780499,
       26.578080953729682
      ],
      [
       -81.94587618336507,
       26.576324754202357
      ],
      [
       -81.9440757405486,
       26.575861611515727
      ]
     ]
    ]
   },
   "properties": {
    "h3_cell": "8944133b677ffff",
    "n_samples": 1,
    "labels": {
     "svi_sample": 1
    },
    "uncertainty": {
     "content": "sample density only; severity labels intentionally not joined (no verifiable key) — candor over coverage"
    }
   }
  },
  {
   "type": "Feature",
   "geometry": {
    "type": "Polygon",
    "coordinates": [
     [
      [
       -81.94198944761031,
       26.562275544913764
      ],
      [
       -81.9406750762924,
       26.56356863716097
      ],
      [
       -81.94116083050216,
       26.56532474408391
      ],
      [
       -81.94296102160182,
       26.565787782697445
      ],
      [
       -81.94427543387883,
       26.56449466856807
      ],
      [
       -81.94378961409718,
       26.562738537707745
      ],
      [
       -81.94198944761031,
       26.562275544913764
      ]
     ]
    ]
   },
   "properties": {
    "h3_cell": "8944133b6c3ffff",
    "n_samples": 6,
    "labels": {
     "svi_sample": 6
    },
    "uncertainty": {
     "content": "sample density only; severity labels intentionally not joined (no verifiable key) — candor over coverage"
    }
   }
  },
  {
   "type": "Feature",
   "geometry": {
    "type": "Polygon",
    "coordinates": [
     [
      [
       -81.94427543387883,
       26.56449466856807
      ],
      [
       -81.94296102160182,
       26.565787782697445
      ],
      [
       -81.94344683608195,
       26.56754391773285
      ],
      [
       -81.94524712841478,
       26.568006962574515
      ],
      [
       -81.9465615816492,
       26.56671382656346
      ],
      [
       -81.94607570159346,
       26.564957667592825
      ],
      [
       -81.94427543387883,
       26.56449466856807
      ]
     ]
    ]
   },
   "properties": {
    "h3_cell": "8944133b6c7ffff",
    "n_samples": 4,
    "labels": {
     "svi_sample": 4
    },
    "uncertainty": {
     "content": "sample density only; severity labels intentionally not joined (no verifiable key) — candor over coverage"
    }
   }
  },
  {
   "type": "Feature",
   "geometry": {
    "type": "Polygon",
    "coordinates": [
     [
      [
       -81.84422506251947,
       26.65611394383091
      ],
      [
       -81.84291025315419,
       26.657404443143427
      ],
      [
       -81.84339423879696,
       26.659160045560043
      ],
      [
       -81.84519309943538,
       26.65962517280399
      ],
      [
       -81.84650794996791,
       26.65833465179856
      ],
      [
       -81.84602389869485,
       26.656579025242475
      ],
      [
       -81.84422506251947,
       26.65611394383091
      ]
     ]
    ]
   },
   "properties": {
    "h3_cell": "89441374417ffff",
    "n_samples": 3,
    "labels": {
     "svi_sample": 3
    },
    "uncertainty": {
     "content": "sample density only; severity labels intentionally not joined (no verifiable key) — candor over coverage"
    }
   }
  },
  {
   "type": "Feature",
   "geometry": {
    "type": "Polygon",
    "coordinates": [
     [
      [
       -81.84733871935651,
       26.65528846227512
      ],
      [
       -81.84602389869485,
       26.656579025242475
      ],
      [
       -81.84650794996791,
       26.65833465179856
      ],
      [
       -81.84830688753367,
       26.658799739521992
      ],
      [
       -81.84962174935752,
       26.657509154858104
      ],
      [
       -81.8491376324535,
       26.655753504167713
      ],
      [
       -81.84733871935651,
       26.65528846227512
      ]
     ]
    ]
   },
   "properties": {
    "h3_cell": "894413744bbffff",
    "n_samples": 1,
    "labels": {
     "svi_sample": 1
    },
    "uncertainty": {
     "content": "sample density only; severity labels intentionally not joined (no verifiable key) — candor over coverage"
    }
   }
  },
  {
   "type": "Feature",
   "geometry": {
    "type": "Polygon",
    "coordinates": [
     [
      [
       -81.83010920033865,
       26.66550630123874
      ],
      [
       -81.82879437651893,
       26.666796461944717
      ],
      [
       -81.82927808880402,
       26.668551975441414
      ],
      [
       -81.83107669054274,
       26.66901735239872
      ],
      [
       -81.83239155555671,
       26.66772717002259
      ],
      [
       -81.83190777763778,
       26.665971632359714
      ],
      [
       -81.83010920033865,
       26.66550630123874
      ]
     ]
    ]
   },
   "properties": {
    "h3_cell": "894413746a7ffff",
    "n_samples": 7,
    "labels": {
     "svi_sample": 7
    },
    "uncertainty": {
     "content": "sample density only; severity labels intentionally not joined (no verifiable key) — candor over coverage"
    }
   }
  },
  {
   "type": "Feature",
   "geometry": {
    "type": "Polygon",
    "coordinates": [
     [
      [
       -81.86789057132394,
       26.632878938203994
      ],
      [
       -81.86657587358185,
       26.634170070884245
      ],
      [
       -81.86706028533318,
       26.635925794575712
      ],
      [
       -81.86885946044234,
       26.636390409677677
      ],
      [
       -81.87017419930095,
       26.635099255258073
      ],
      [
       -81.86968972193398,
       26.633343507476262
      ],
      [
       -81.86789057132394,
       26.632878938203994
      ]
     ]
    ]
   },
   "properties": {
    "h3_cell": "8944137600fffff",
    "n_samples": 7,
    "labels": {
     "svi_sample": 7
    },
    "uncertainty": {
     "content": "sample density only; severity labels intentionally not joined (no verifiable key) — candor over coverage"
    }
   }
  },
  {
   "type": "Feature",
   "geometry": {
    "type": "Polygon",
    "coordinates": [
     [
      [
       -81.86622996407992,
       26.63897261299886
      ],
      [
       -81.86491520657883,
       26.64026366189627
      ],
      [
       -81.86539960756227,
       26.64201939345497
      ],
      [
       -81.86719883166873,
       26.642484100213064
      ],
      [
       -81.86851363029314,
       26.641193029584525
      ],
      [
       -81.86802916368786,
       26.639437273929442
      ],
      [
       -81.86622996407992,
       26.63897261299886
      ]
     ]
    ]
   },
   "properties": {
    "h3_cell": "89441376067ffff",
    "n_samples": 3,
    "labels": {
     "svi_sample": 3
    },
    "uncertainty": {
     "content": "sample density only; severity labels intentionally not joined (no verifiable key) — candor over coverage"
    }
   }
  },
  {
   "type": "Feature",
   "geometry": {
    "type": "Polygon",
    "coordinates": [
     [
      [
       -81.86706028533318,
       26.635925794575712
      ],
      [
       -81.86574555771197,
       26.637216885368883
      ],
      [
       -81.86622996407992,
       26.63897261299886
      ],
      [
       -81.86802916368786,
       26.639437273929442
      ],
      [
       -81.86934393242899,
       26.638146161401025
      ],
      [
       -81.86885946044234,
       26.636390409677677
      ],
      [
       -81.86706028533318,
       26.635925794575712
      ]
     ]
    ]
   },
   "properties": {
    "h3_cell": "89441376077ffff",
    "n_samples": 1,
    "labels": {
     "svi_sample": 1
    },
    "uncertainty": {
     "content": "sample density only; severity labels intentionally not joined (no verifiable key) — candor over coverage"
    }
   }
  },
  {
   "type": "Feature",
   "geometry": {
    "type": "Polygon",
    "coordinates": [
     [
      [
       -81.8641540890466,
       26.625391612423968
      ],
      [
       -81.86283950341398,
       26.62668274349424
      ],
      [
       -81.86332380009829,
       26.62843840713341
      ],
      [
       -81.86512274802028,
       26.628902963794353
      ],
      [
       -81.86643737476932,
       26.627611810979648
      ],
      [
       -81.86595301248,
       26.625856123248827
      ],
      [
       -81.8641540890466,
       26.625391612423968
      ]
     ]
    ]
   },
   "properties": {
    "h3_cell": "894413760cfffff",
    "n_samples": 8,
    "labels": {
     "svi_sample": 8
    },
    "uncertainty": {
     "content": "sample density only; severity labels intentionally not joined (no verifiable key) — candor over coverage"
    }
   }
  },
  {
   "type": "Feature",
   "geometry": {
    "type": "Polygon",
    "coordinates": [
     [
      [
       -81.86270123766782,
       26.620124665474286
      ],
      [
       -81.86138672302056,
       26.62141581665702
      ],
      [
       -81.86187096487608,
       26.623171448252474
      ],
      [
       -81.86366978697707,
       26.623635952756384
      ],
      [
       -81.86498434273899,
       26.622344779824623
      ],
      [
       -81.86450003528535,
       26.620589124138377
      ],
      [
       -81.86270123766782,
       26.620124665474286
      ]
     ]
    ]
   },
   "properties": {
    "h3_cell": "894413760dbffff",
    "n_samples": 6,
    "labels": {
     "svi_sample": 6
    },
    "uncertainty": {
     "content": "sample density only; severity labels intentionally not joined (no verifiable key) — candor over coverage"
    }
   }
  },
  {
   "type": "Feature",
   "geometry": {
    "type": "Polygon",
    "coordinates": [
     [
      [
       -81.85522751322003,
       26.64754434528187
      ],
      [
       -81.85391272973835,
       26.648835119435724
      ],
      [
       -81.8543969230693,
       26.650590786484276
      ],
      [
       -81.85619596550809,
       26.651055703497324
      ],
      [
       -81.85751079013505,
       26.649764907631457
      ],
      [
       -81.85702653117802,
       26.648009216464953
      ],
      [
       -81.85522751322003,
       26.64754434528187
      ]
     ]
    ]
   },
   "properties": {
    "h3_cell": "89441376353ffff",
    "n_samples": 7,
    "labels": {
     "svi_sample": 7
    },
    "uncertainty": {
     "content": "sample density only; severity labels intentionally not joined (no verifiable key) — candor over coverage"
    }
   }
  },
  {
   "type": "Feature",
   "geometry": {
    "type": "Polygon",
    "coordinates": [
     [
      [
       -81.85211378867655,
       26.648370208728245
      ],
      [
       -81.85079901647073,
       26.64966091923824
      ],
      [
       -81.85128314417628,
       26.651416562163682
      ],
      [
       -81.85308210971314,
       26.65188151870266
      ],
      [
       -81.8543969230693,
       26.650590786484276
      ],
      [
       -81.85391272973835,
       26.648835119435724
      ],
      [
       -81.85211378867655,
       26.648370208728245
      ]
     ]
    ]
   },
   "properties": {
    "h3_cell": "8944137635bffff",
    "n_samples": 2,
    "labels": {
     "svi_sample": 2
    },
    "uncertainty": {
     "content": "sample density only; severity labels intentionally not joined (no verifiable key) — candor over coverage"
    }
   }
  },
  {
   "type": "Feature",
   "geometry": {
    "type": "Polygon",
    "coordinates": [
     [
      [
       -81.86539960756227,
       26.64201939345497
      ],
      [
       -81.86408482018044,
       26.643310400447948
      ],
      [
       -81.8645692157783,
       26.64506613592561
      ],
      [
       -81.86636846438297,
       26.645530888510116
      ],
      [
       -81.8676832928915,
       26.644239859790133
      ],
      [
       -81.86719883166873,
       26.642484100213064
      ],
      [
       -81.86539960756227,
       26.64201939345497
      ]
     ]
    ]
   },
   "properties": {
    "h3_cell": "8944137639bffff",
    "n_samples": 8,
    "labels": {
     "svi_sample": 8
    },
    "uncertainty": {
     "content": "sample density only; severity labels intentionally not joined (no verifiable key) — candor over coverage"
    }
   }
  },
  {
   "type": "Feature",
   "geometry": {
    "type": "Polygon",
    "coordinates": [
     [
      [
       -81.86975810158695,
       26.615424054114914
      ],
      [
       -81.86844359432952,
       26.61671537433997
      ],
      [
       -81.86892797276188,
       26.618471050117694
      ],
      [
       -81.87072692404807,
       26.61893542974815
      ],
      [
       -81.87204147240665,
       26.617644087762702
      ],
      [
       -81.87155702837798,
       26.615888387907564
      ],
      [
       -81.86975810158695,
       26.615424054114914
      ]
     ]
    ]
   },
   "properties": {
    "h3_cell": "89441376463ffff",
    "n_samples": 3,
    "labels": {
     "svi_sample": 3
    },
    "uncertainty": {
     "content": "sample density only; severity labels intentionally not joined (no verifiable key) — candor over coverage"
    }
   }
  },
  {
   "type": "Feature",
   "geometry": {
    "type": "Polygon",
    "coordinates": [
     [
      [
       -81.87204147240665,
       26.617644087762702
      ],
      [
       -81.87072692404807,
       26.61893542974815
      ],
      [
       -81.87121136269995,
       26.620691133600452
      ],
      [
       -81.87301041531057,
       26.621155519542942
      ],
      [
       -81.87432500476866,
       26.619864155797565
      ],
      [
       -81.87384050051669,
       26.618108427870002
      ],
      [
       -81.87204147240665,
       26.617644087762702
      ]
     ]
    ]
   },
   "properties": {
    "h3_cell": "89441376467ffff",
    "n_samples": 2,
    "labels": {
     "svi_sample": 2
    },
    "uncertainty": {
     "content": "sample density only; severity labels intentionally not joined (no verifiable key) — candor over coverage"
    }
   }
  },
  {
   "type": "Feature",
   "geometry": {
    "type": "Polygon",
    "coordinates": [
     [
      [
       -81.86892797276188,
       26.618471050117694
      ],
      [
       -81.86761343563273,
       26.619762328503185
      ],
      [
       -81.86809780868516,
       26.621518008275036
      ],
      [
       -81.86989678446625,
       26.621982433742247
      ],
      [
       -81.87121136269995,
       26.620691133600452
      ],
      [
       -81.87072692404807,
       26.61893542974815
      ],
      [
       -81.86892797276188,
       26.618471050117694
      ]
     ]
    ]
   },
   "properties": {
    "h3_cell": "8944137646fffff",
    "n_samples": 8,
    "labels": {
     "svi_sample": 8
    },
    "uncertainty": {
     "content": "sample density only; severity labels intentionally not joined (no verifiable key) — candor over coverage"
    }
   }
  },
  {
   "type": "Feature",
   "geometry": {
    "type": "Polygon",
    "coordinates": [
     [
      [
       -81.87619149221145,
       26.60240829137568
      ],
      [
       -81.87487709321634,
       26.60369984244925
      ],
      [
       -81.87536155874133,
       26.605455526217963
      ],
      [
       -81.87716048884604,
       26.60591968297366
      ],
      [
       -81.87847492892362,
       26.604628110119606
      ],
      [
       -81.87799039781407,
       26.602872402290735
      ],
      [
       -81.87619149221145,
       26.60240829137568
      ]
     ]
    ]
   },
   "properties": {
    "h3_cell": "8944137648bffff",
    "n_samples": 4,
    "labels": {
     "svi_sample": 4
    },
    "uncertainty": {
     "content": "sample density only; severity labels intentionally not joined (no verifiable key) — candor over coverage"
    }
   }
  },
  {
   "type": "Feature",
   "geometry": {
    "type": "Polygon",
    "coordinates": [
     [
      [
       -81.87079513157943,
       26.601015892261675
      ],
      [
       -81.86948078488999,
       26.602307357980813
      ],
      [
       -81.86996512462535,
       26.60406298957367
      ],
      [
       -81.87176387663037,
       26.604527179515284
      ],
      [
       -81.87307826440902,
       26.603235692018803
      ],
      [
       -81.8725938590935,
       26.60148003635846
      ],
      [
       -81.87079513157943,
       26.601015892261675
      ]
     ]
    ]
   },
   "properties": {
    "h3_cell": "894413764c3ffff",
    "n_samples": 10,
    "labels": {
     "svi_sample": 10
    },
    "uncertainty": {
     "content": "sample density only; severity labels intentionally not joined (no verifiable key) — candor over coverage"
    }
   }
  },
  {
   "type": "Feature",
   "geometry": {
    "type": "Polygon",
    "coordinates": [
     [
      [
       -81.87307826440902,
       26.603235692018803
      ],
      [
       -81.87176387663037,
       26.604527179515284
      ],
      [
       -81.87224827657145,
       26.606282839218647
      ],
      [
       -81.87404712987515,
       26.606747035491292
      ],
      [
       -81.87536155874133,
       26.605455526217963
      ],
      [
       -81.87487709321634,
       26.60369984244925
      ],
      [
       -81.87307826440902,
       26.603235692018803
      ]
     ]
    ]
   },
   "properties": {
    "h3_cell": "894413764c7ffff",
    "n_samples": 3,
    "labels": {
     "svi_sample": 3
    },
    "uncertainty": {
     "content": "sample density only; severity labels intentionally not joined (no verifiable key) — candor over coverage"
    }
   }
  },
  {
   "type": "Feature",
   "geometry": {
    "type": "Polygon",
    "coordinates": [
     [
      [
       -81.86768213417952,
       26.601843174378633
      ],
      [
       -81.86636779871924,
       26.603134576523356
      ],
      [
       -81.86685207287509,
       26.604890184043548
      ],
      [
       -81.8686507480708,
       26.605354413492094
      ],
      [
       -81.86996512462535,
       26.60406298957367
      ],
      [
       -81.86948078488999,
       26.602307357980813
      ],
      [
       -81.86768213417952,
       26.601843174378633
      ]
     ]
    ]
   },
   "properties": {
    "h3_cell": "894413764cbffff",
    "n_samples": 6,
    "labels": {
     "svi_sample": 6
    },
    "uncertainty": {
     "content": "sample density only; severity labels intentionally not joined (no verifiable key) — candor over coverage"
    }
   }
  },
  {
   "type": "Feature",
   "geometry": {
    "type": "Polygon",
    "coordinates": [
     [
      [
       -81.86996512462535,
       26.60406298957367
      ],
      [
       -81.8686507480708,
       26.605354413492094
      ],
      [
       -81.86913508242861,
       26.607110049124962
      ],
      [
       -81.8709338589243,
       26.607574284910307
      ],
      [
       -81.87224827657145,
       26.606282839218647
      ],
      [
       -81.87176387663037,
       26.604527179515284
      ],
      [
       -81.86996512462535,
       26.60406298957367
      ]
     ]
    ]
   },
   "properties": {
    "h3_cell": "894413764cfffff",
    "n_samples": 3,
    "labels": {
     "svi_sample": 3
    },
    "uncertainty": {
     "content": "sample density only; severity labels intentionally not joined (no verifiable key) — candor over coverage"
    }
   }
  },
  {
   "type": "Feature",
   "geometry": {
    "type": "Polygon",
    "coordinates": [
     [
      [
       -81.87889255415911,
       26.624304394959175
      ],
      [
       -81.87757788250698,
       26.62559580222294
      ],
      [
       -81.87806250185203,
       26.627351590245482
      ],
      [
       -81.87986185846067,
       26.62781599507344
      ],
      [
       -81.88117657120736,
       26.626524566051227
      ],
      [
       -81.88069188625094,
       26.6247687539599
      ],
      [
       -81.87889255415911,
       26.624304394959175
      ]
     ]
    ]
   },
   "properties": {
    "h3_cell": "8944137654bffff",
    "n_samples": 4,
    "labels": {
     "svi_sample": 4
    },
    "uncertainty": {
     "content": "sample density only; severity labels intentionally not joined (no verifiable key) — candor over coverage"
    }
   }
  },
  {
   "type": "Feature",
   "geometry": {
    "type": "Polygon",
    "coordinates": [
     [
      [
       -81.88117657120736,
       26.626524566051227
      ],
      [
       -81.87986185846067,
       26.62781599507344
      ],
      [
       -81.8803465380483,
       26.629571811134895
      ],
      [
       -81.88214599599785,
       26.630036222241156
      ],
      [
       -81.88346074983743,
       26.628744771460966
      ],
      [
       -81.88297600463464,
       26.626988931332892
      ],
      [
       -81.88117657120736,
       26.626524566051227
      ]
     ]
    ]
   },
   "properties": {
    "h3_cell": "8944137654fffff",
    "n_samples": 4,
    "labels": {
     "svi_sample": 4
    },
    "uncertainty": {
     "content": "sample density only; severity labels intentionally not joined (no verifiable key) — candor over coverage"
    }
   }
  },
  {
   "type": "Feature",
   "geometry": {
    "type": "Polygon",
    "coordinates": [
     [
      [
       -81.85896578783856,
       26.612637819077207
      ],
      [
       -81.85765138528522,
       26.61392896860088
      ],
      [
       -81.85813551212021,
       26.615684540023704
      ],
      [
       -81.85993410709608,
       26.61614898601534
      ],
      [
       -81.86124855076396,
       26.61485781473754
      ],
      [
       -81.8607643583415,
       26.613102219222633
      ],
      [
       -81.85896578783856,
       26.612637819077207
      ]
     ]
    ]
   },
   "properties": {
    "h3_cell": "894413766bbffff",
    "n_samples": 4,
    "labels": {
     "svi_sample": 4
    },
    "uncertainty": {
     "content": "sample density only; severity labels intentionally not joined (no verifiable key) — candor over coverage"
    }
   }
  },
  {
   "type": "Feature",
   "geometry": {
    "type": "Polygon",
    "coordinates": [
     [
      [
       -81.89842034340731,
       26.658698191378328
      ],
      [
       -81.89710514120203,
       26.65998964856418
      ],
      [
       -81.89759034181915,
       26.661745732113467
      ],
      [
       -81.89939081030305,
       26.66221038253647
      ],
      [
       -81.9007060535999,
       26.660918903613453
      ],
      [
       -81.90022078732136,
       26.659162796004992
      ],
      [
       -81.89842034340731,
       26.658698191378328
      ]
     ]
    ]
   },
   "properties": {
    "h3_cell": "89441376c1bffff",
    "n_samples": 2,
    "labels": {
     "svi_sample": 2
    },
    "uncertainty": {
     "content": "sample density only; severity labels intentionally not joined (no verifiable key) — candor over coverage"
    }
   }
  },
  {
   "type": "Feature",
   "geometry": {
    "type": "Polygon",
    "coordinates": [
     [
      [
       -81.88824373456278,
       26.66422559797531
      ],
      [
       -81.88692853598802,
       26.665516822216606
      ],
      [
       -81.88741353425931,
       26.66727283740857
      ],
      [
       -81.88921379676805,
       26.667737652437385
      ],
      [
       -81.890529036453,
       26.666446406473924
      ],
      [
       -81.89004397251912,
       26.664690367204216
      ],
      [
       -81.88824373456278,
       26.66422559797531
      ]
     ]
    ]
   },
   "properties": {
    "h3_cell": "89441376eb3ffff",
    "n_samples": 10,
    "labels": {
     "svi_sample": 10
    },
    "uncertainty": {
     "content": "sample density only; severity labels intentionally not joined (no verifiable key) — candor over coverage"
    }
   }
  },
  {
   "type": "Feature",
   "geometry": {
    "type": "Polygon",
    "coordinates": [
     [
      [
       -82.15157447367955,
       26.460893617783952
      ],
      [
       -82.15025990280647,
       26.46219137027801
      ],
      [
       -82.15074987080082,
       26.463948903929325
      ],
      [
       -82.15255447522732,
       26.4644087086469
      ],
      [
       -82.15386908668314,
       26.463110933977692
      ],
      [
       -82.15337905312983,
       26.461353376766493
      ],
      [
       -82.15157447367955,
       26.460893617783952
      ]
     ]
    ]
   },
   "properties": {
    "h3_cell": "894413a826bffff",
    "n_samples": 4,
    "labels": {
     "svi_sample": 4
    },
    "uncertainty": {
     "content": "sample density only; severity labels intentionally not joined (no verifiable key) — candor over coverage"
    }
   }
  },
  {
   "type": "Feature",
   "geometry": {
    "type": "Polygon",
    "coordinates": [
     [
      [
       -82.15386908668314,
       26.463110933977692
      ],
      [
       -82.15255447522732,
       26.4644087086469
      ],
      [
       -82.1530445036932,
       26.466166270381873
      ],
      [
       -82.15484920917756,
       26.46662608100577
      ],
      [
       -82.1561638612143,
       26.465328284161917
      ],
      [
       -82.15567376718583,
       26.46357069886924
      ],
      [
       -82.15386908668314,
       26.463110933977692
      ]
     ]
    ]
   },
   "properties": {
    "h3_cell": "894413a826fffff",
    "n_samples": 1,
    "labels": {
     "svi_sample": 1
    },
    "uncertainty": {
     "content": "sample density only; severity labels intentionally not joined (no verifiable key) — candor over coverage"
    }
   }
  },
  {
   "type": "Feature",
   "geometry": {
    "type": "Polygon",
    "coordinates": [
     [
      [
       -82.17929704241162,
       26.47611822642898
      ],
      [
       -82.177982115523,
       26.47741634653544
      ],
      [
       -82.1784727642162,
       26.47917417521613
      ],
      [
       -82.1802784053881,
       26.479633907317368
      ],
      [
       -82.18159337282981,
       26.47833576502891
      ],
      [
       -82.18110265854668,
       26.476577912821643
      ],
      [
       -82.17929704241162,
       26.47611822642898
      ]
     ]
    ]
   },
   "properties": {
    "h3_cell": "894413a8323ffff",
    "n_samples": 3,
    "labels": {
     "svi_sample": 3
    },
    "uncertainty": {
     "content": "sample density only; severity labels intentionally not joined (no verifiable key) — candor over coverage"
    }
   }
  },
  {
   "type": "Feature",
   "geometry": {
    "type": "Polygon",
    "coordinates": [
     [
      [
       -82.18159337282981,
       26.47833576502891
      ],
      [
       -82.1802784053881,
       26.479633907317368
      ],
      [
       -82.1807691146096,
       26.48139176400333
      ],
      [
       -82.1825748568666,
       26.48185150192567
      ],
      [
       -82.18388986485967,
       26.480553337455724
      ],
      [
       -82.1833990900445,
       26.478795457245365
      ],
      [
       -82.18159337282981,
       26.47833576502891
      ]
     ]
    ]
   },
   "properties": {
    "h3_cell": "894413a8327ffff",
    "n_samples": 2,
    "labels": {
     "svi_sample": 2
    },
    "uncertainty": {
     "content": "sample density only; severity labels intentionally not joined (no verifiable key) — candor over coverage"
    }
   }
  },
  {
   "type": "Feature",
   "geometry": {
    "type": "Polygon",
    "coordinates": [
     [
      [
       -82.17617657543225,
       26.47695662026378
      ],
      [
       -82.17486165900364,
       26.478254676962987
      ],
      [
       -82.17535224210741,
       26.480012482111842
      ],
      [
       -82.17715780722932,
       26.480472254093737
      ],
      [
       -82.1784727642162,
       26.47917417521613
      ],
      [
       -82.177982115523,
       26.47741634653544
      ],
      [
       -82.17617657543225,
       26.47695662026378
      ]
     ]
    ]
   },
   "properties": {
    "h3_cell": "894413a832bffff",
    "n_samples": 6,
    "labels": {
     "svi_sample": 6
    },
    "uncertainty": {
     "content": "sample density only; severity labels intentionally not joined (no verifiable key) — candor over coverage"
    }
   }
  },
  {
   "type": "Feature",
   "geometry": {
    "type": "Polygon",
    "coordinates": [
     [
      [
       -82.1784727642162,
       26.47917417521613
      ],
      [
       -82.17715780722932,
       26.480472254093737
      ],
      [
       -82.17764845085773,
       26.48223008725007
      ],
      [
       -82.17945411706624,
       26.482689865058845
      ],
      [
       -82.1807691146096,
       26.48139176400333
      ],
      [
       -82.1802784053881,
       26.479633907317368
      ],
      [
       -82.1784727642162,
       26.47917417521613
      ]
     ]
    ]
   },
   "properties": {
    "h3_cell": "894413a832fffff",
    "n_samples": 12,
    "labels": {
     "svi_sample": 12
    },
    "uncertainty": {
     "content": "sample density only; severity labels intentionally not joined (no verifiable key) — candor over coverage"
    }
   }
  },
  {
   "type": "Feature",
   "geometry": {
    "type": "Polygon",
    "coordinates": [
     [
      [
       -82.16387362227127,
       26.468924964412935
      ],
      [
       -82.1625588785818,
       26.470222868999674
      ],
      [
       -82.1630491540701,
       26.471980538482942
      ],
      [
       -82.1648542388221,
       26.47244032692573
      ],
      [
       -82.16616902308205,
       26.471142400162226
      ],
      [
       -82.1656786820196,
       26.4693847071331
      ],
      [
       -82.16387362227127,
       26.468924964412935
      ]
     ]
    ]
   },
   "properties": {
    "h3_cell": "894413a834bffff",
    "n_samples": 2,
    "labels": {
     "svi_sample": 2
    },
    "uncertainty": {
     "content": "sample density only; severity labels intentionally not joined (no verifiable key) — candor over coverage"
    }
   }
  },
  {
   "type": "Feature",
   "geometry": {
    "type": "Polygon",
    "coordinates": [
     [
      [
       -82.16616902308205,
       26.471142400162226
      ],
      [
       -82.1648542388221,
       26.47244032692573
      ],
      [
       -82.16534457480844,
       26.47419802445459
      ],
      [
       -82.1671497606327,
       26.47465781876402
      ],
      [
       -82.16846458546138,
       26.47335986982421
      ],
      [
       -82.16797418389719,
       26.471602148751693
      ],
      [
       -82.16616902308205,
       26.471142400162226
      ]
     ]
    ]
   },
   "properties": {
    "h3_cell": "894413a834fffff",
    "n_samples": 3,
    "labels": {
     "svi_sample": 3
    },
    "uncertainty": {
     "content": "sample density only; severity labels intentionally not joined (no verifiable key) — candor over coverage"
    }
   }
  },
  {
   "type": "Feature",
   "geometry": {
    "type": "Polygon",
    "coordinates": [
     [
      [
       -82.17305619496436,
       26.477794910816485
      ],
      [
       -82.17174128900352,
       26.479092904107354
      ],
      [
       -82.1722318065184,
       26.480850685719115
      ],
      [
       -82.17403729558312,
       26.48131049757751
      ],
      [
       -82.17535224210741,
       26.480012482111842
      ],
      [
       -82.17486165900364,
       26.478254676962987
      ],
      [
       -82.17305619496436,
       26.477794910816485
      ]
     ]
    ]
   },
   "properties": {
    "h3_cell": "894413a8367ffff",
    "n_samples": 1,
    "labels": {
     "svi_sample": 1
    },
    "uncertainty": {
     "content": "sample density only; severity labels intentionally not joined (no verifiable key) — candor over coverage"
    }
   }
  },
  {
   "type": "Feature",
   "geometry": {
    "type": "Polygon",
    "coordinates": [
     [
      [
       -82.17158468265403,
       26.472521611933583
      ],
      [
       -82.17026984734726,
       26.47381962427452
      ],
      [
       -82.17076030941892,
       26.47557737338146
      ],
      [
       -82.17256567237952,
       26.476037133684105
      ],
      [
       -82.17388054824808,
       26.474739099163777
      ],
      [
       -82.17339002059434,
       26.472981326520603
      ],
      [
       -82.17158468265403,
       26.472521611933583
      ]
     ]
    ]
   },
   "properties": {
    "h3_cell": "894413a8373ffff",
    "n_samples": 2,
    "labels": {
     "svi_sample": 2
    },
    "uncertainty": {
     "content": "sample density only; severity labels intentionally not joined (no verifiable key) — candor over coverage"
    }
   }
  },
  {
   "type": "Feature",
   "geometry": {
    "type": "Polygon",
    "coordinates": [
     [
      [
       -82.17388054824808,
       26.474739099163777
      ],
      [
       -82.17256567237952,
       26.476037133684105
      ],
      [
       -82.17305619496436,
       26.477794910816485
      ],
      [
       -82.17486165900364,
       26.478254676962987
      ],
      [
       -82.17617657543225,
       26.47695662026378
      ],
      [
       -82.17568598726164,
       26.475198819597356
      ],
      [
       -82.17388054824808,
       26.474739099163777
      ]
     ]
    ]
   },
   "properties": {
    "h3_cell": "894413a8377ffff",
    "n_samples": 9,
    "labels": {
     "svi_sample": 9
    },
    "uncertainty": {
     "content": "sample density only; severity labels intentionally not joined (no verifiable key) — candor over coverage"
    }
   }
  },
  {
   "type": "Feature",
   "geometry": {
    "type": "Polygon",
    "coordinates": [
     [
      [
       -82.16846458546138,
       26.47335986982421
      ],
      [
       -82.1671497606327,
       26.47465781876402
      ],
      [
       -82.1676401571228,
       26.476415544329473
      ],
      [
       -82.16944544402327,
       26.47687534449703
      ],
      [
       -82.17076030941892,
       26.47557737338146
      ],
      [
       -82.17026984734726,
       26.47381962427452
      ],
      [
       -82.16846458546138,
       26.47335986982421
      ]
     ]
    ]
   },
   "properties": {
    "h3_cell": "894413a837bffff",
    "n_samples": 2,
    "labels": {
     "svi_sample": 2
    },
    "uncertainty": {
     "content": "sample density only; severity labels intentionally not joined (no verifiable key) — candor over coverage"
    }
   }
  },
  {
   "type": "Feature",
   "geometry": {
    "type": "Polygon",
    "coordinates": [
     [
      [
       -82.18813197229622,
       26.507760911044464
      ],
      [
       -82.18681662139163,
       26.509058916583125
      ],
      [
       -82.18730760300986,
       26.5108169396228
      ],
      [
       -82.18911400116362,
       26.5112769806559
      ],
      [
       -82.19042939263099,
       26.509978952962744
      ],
      [
       -82.18993834538193,
       26.508220906391387
      ],
      [
       -82.18813197229622,
       26.507760911044464
      ]
     ]
    ]
   },
   "properties": {
    "h3_cell": "894413a8a07ffff",
    "n_samples": 2,
    "labels": {
     "svi_sample": 2
    },
    "uncertainty": {
     "content": "sample density only; severity labels intentionally not joined (no verifiable key) — candor over coverage"
    }
   }
  },
  {
   "type": "Feature",
   "geometry": {
    "type": "Polygon",
    "coordinates": [
     [
      [
       -82.18665906777838,
       26.50248688740429
      ],
      [
       -82.18534378755773,
       26.503784912081272
      ],
      [
       -82.18583471366654,
       26.505542902808774
      ],
      [
       -82.18764098562013,
       26.50600289239054
      ],
      [
       -82.18895630640198,
       26.5047048455545
      ],
      [
       -82.18846531466916,
       26.502946831296153
      ],
      [
       -82.18665906777838,
       26.50248688740429
      ]
     ]
    ]
   },
   "properties": {
    "h3_cell": "894413a8a13ffff",
    "n_samples": 3,
    "labels": {
     "svi_sample": 3
    },
    "uncertainty": {
     "content": "sample density only; severity labels intentionally not joined (no verifiable key) — candor over coverage"
    }
   }
  },
  {
   "type": "Feature",
   "geometry": {
    "type": "Polygon",
    "coordinates": [
     [
      [
       -82.18895630640198,
       26.5047048455545
      ],
      [
       -82.18764098562013,
       26.50600289239054
      ],
      [
       -82.18813197229622,
       26.507760911044464
      ],
      [
       -82.18993834538193,
       26.508220906391387
      ],
      [
       -82.1912537067232,
       26.50692283739678
      ],
      [
       -82.19076265441943,
       26.50516479521422
      ],
      [
       -82.18895630640198,
       26.5047048455545
      ]
     ]
    ]
   },
   "properties": {
    "h3_cell": "894413a8a17ffff",
    "n_samples": 2,
    "labels": {
     "svi_sample": 2
    },
    "uncertainty": {
     "content": "sample density only; severity labels intentionally not joined (no verifiable key) — candor over coverage"
    }
   }
  },
  {
   "type": "Feature",
   "geometry": {
    "type": "Polygon",
    "coordinates": [
     [
      [
       -82.18960504335689,
       26.513035031606183
      ],
      [
       -82.18828962176255,
       26.514333017989088
      ],
      [
       -82.18878065889896,
       26.516091073308505
      ],
      [
       -82.19058718326747,
       26.51655116577797
      ],
      [
       -82.19190264542621,
       26.51525315724518
      ],
      [
       -82.19141154265215,
       26.51349507839323
      ],
      [
       -82.18960504335689,
       26.513035031606183
      ]
     ]
    ]
   },
   "properties": {
    "h3_cell": "894413a8a23ffff",
    "n_samples": 2,
    "labels": {
     "svi_sample": 2
    },
    "uncertainty": {
     "content": "sample density only; severity labels intentionally not joined (no verifiable key) — candor over coverage"
    }
   }
  },
  {
   "type": "Feature",
   "geometry": {
    "type": "Polygon",
    "coordinates": [
     [
      [
       -82.19190264542621,
       26.51525315724518
      ],
      [
       -82.19058718326747,
       26.51655116577797
      ],
      [
       -82.1910782809867,
       26.51830924899223
      ],
      [
       -82.19288490650612,
       26.51876934720445
      ],
      [
       -82.19420040922752,
       26.517471316522272
      ],
      [
       -82.19370924586696,
       26.51571320977768
      ],
      [
       -82.19190264542621,
       26.51525315724518
      ]
     ]
    ]
   },
   "properties": {
    "h3_cell": "894413a8a27ffff",
    "n_samples": 3,
    "labels": {
     "svi_sample": 3
    },
    "uncertainty": {
     "content": "sample density only; severity labels intentionally not joined (no verifiable key) — candor over coverage"
    }
   }
  },
  {
   "type": "Feature",
   "geometry": {
    "type": "Polygon",
    "coordinates": [
     [
      [
       -82.18878065889896,
       26.516091073308505
      ],
      [
       -82.18746520717684,
       26.517389018372356
      ],
      [
       -82.1879562392553,
       26.519147078051052
      ],
      [
       -82.18976278869677,
       26.51960721620189
      ],
      [
       -82.1910782809867,
       26.51830924899223
      ],
      [
       -82.19058718326747,
       26.51655116577797
      ],
      [
       -82.18878065889896,
       26.516091073308505
      ]
     ]
    ]
   },
   "properties": {
    "h3_cell": "894413a8a2fffff",
    "n_samples": 2,
    "labels": {
     "svi_sample": 2
    },
    "uncertainty": {
     "content": "sample density only; severity labels intentionally not joined (no verifiable key) — candor over coverage"
    }
   }
  },
  {
   "type": "Feature",
   "geometry": {
    "type": "Polygon",
    "coordinates": [
     [
      [
       -82.19042939263099,
       26.509978952962744
      ],
      [
       -82.18911400116362,
       26.5112769806559
      ],
      [
       -82.18960504335689,
       26.513035031606183
      ],
      [
       -82.19141154265215,
       26.51349507839323
      ],
      [
       -82.19272697468057,
       26.512197028546105
      ],
      [
       -82.1922358668528,
       26.51043895406632
      ],
      [
       -82.19042939263099,
       26.509978952962744
      ]
     ]
    ]
   },
   "properties": {
    "h3_cell": "894413a8a33ffff",
    "n_samples": 5,
    "labels": {
     "svi_sample": 5
    },
    "uncertainty": {
     "content": "sample density only; severity labels intentionally not joined (no verifiable key) — candor over coverage"
    }
   }
  },
  {
   "type": "Feature",
   "geometry": {
    "type": "Polygon",
    "coordinates": [
     [
      [
       -82.1874833867129,
       26.49943083511769
      ],
      [
       -82.18616813661076,
       26.500728901079157
      ],
      [
       -82.18665906777838,
       26.50248688740429
      ],
      [
       -82.18846531466916,
       26.502946831296153
      ],
      [
       -82.1897806053291,
       26.501648743171536
      ],
      [
       -82.1892896085406,
       26.499890733318612
      ],
      [
       -82.1874833867129,
       26.49943083511769
      ]
     ]
    ]
   },
   "properties": {
    "h3_cell": "894413a8a8bffff",
    "n_samples": 2,
    "labels": {
     "svi_sample": 2
    },
    "uncertainty": {
     "content": "sample density only; severity labels intentionally not joined (no verifiable key) — candor over coverage"
    }
   }
  },
  {
   "type": "Feature",
   "geometry": {
    "type": "Polygon",
    "coordinates": [
     [
      [
       -82.18518632977708,
       26.49721296078288
      ],
      [
       -82.18387112023451,
       26.498511004580717
      ],
      [
       -82.18436199084269,
       26.500268962963645
      ],
      [
       -82.18616813661076,
       26.500728901079157
      ],
      [
       -82.1874833867129,
       26.49943083511769
      ],
      [
       -82.18699245048752,
       26.497672853204765
      ],
      [
       -82.18518632977708,
       26.49721296078288
      ]
     ]
    ]
   },
   "properties": {
    "h3_cell": "894413a8ad7ffff",
    "n_samples": 1,
    "labels": {
     "svi_sample": 1
    },
    "uncertainty": {
     "content": "sample density only; severity labels intentionally not joined (no verifiable key) — candor over coverage"
    }
   }
  },
  {
   "type": "Feature",
   "geometry": {
    "type": "Polygon",
    "coordinates": [
     [
      [
       -82.19337606481393,
       26.52052745830458
      ],
      [
       -82.19206053195798,
       26.52182544765953
      ],
      [
       -82.19255168521194,
       26.52358356310535
      ],
      [
       -82.19435843697016,
       26.524043712727792
      ],
      [
       -82.19567401039038,
       26.52274570122801
      ],
      [
       -82.19518279148825,
       26.520987562251047
      ],
      [
       -82.19337606481393,
       26.52052745830458
      ]
     ]
    ]
   },
   "properties": {
    "h3_cell": "894413a8b43ffff",
    "n_samples": 1,
    "labels": {
     "svi_sample": 1
    },
    "uncertainty": {
     "content": "sample density only; severity labels intentionally not joined (no verifiable key) — candor over coverage"
    }
   }
  },
  {
   "type": "Feature",
   "geometry": {
    "type": "Polygon",
    "coordinates": [
     [
      [
       -82.19025388136012,
       26.52136530376864
      ],
      [
       -82.18893835893819,
       26.522663229646362
      ],
      [
       -82.18942944654457,
       26.524421321555774
      ],
      [
       -82.19123612222059,
       26.524881511124295
      ],
      [
       -82.19255168521194,
       26.52358356310535
      ],
      [
       -82.19206053195798,
       26.52182544765953
      ],
      [
       -82.19025388136012,
       26.52136530376864
      ]
     ]
    ]
   },
   "properties": {
    "h3_cell": "894413a8b4bffff",
    "n_samples": 4,
    "labels": {
     "svi_sample": 4
    },
    "uncertainty": {
     "content": "sample density only; severity labels intentionally not joined (no verifiable key) — candor over coverage"
    }
   }
  },
  {
   "type": "Feature",
   "geometry": {
    "type": "Polygon",
    "coordinates": [
     [
      [
       -82.19255168521194,
       26.52358356310535
      ],
      [
       -82.19123612222059,
       26.524881511124295
      ],
      [
       -82.19172727041966,
       26.52663963090597
      ],
      [
       -82.19353404726147,
       26.527099826203333
      ],
      [
       -82.19484965082049,
       26.52580185604368
      ],
      [
       -82.19435843697016,
       26.524043712727792
      ],
      [
       -82.19255168521194,
       26.52358356310535
      ]
     ]
    ]
   },
   "properties": {
    "h3_cell": "894413a8b4fffff",
    "n_samples": 3,
    "labels": {
     "svi_sample": 3
    },
    "uncertainty": {
     "content": "sample density only; severity labels intentionally not joined (no verifiable key) — candor over coverage"
    }
   }
  },
  {
   "type": "Feature",
   "geometry": {
    "type": "Polygon",
    "coordinates": [
     [
      [
       -82.19402525605896,
       26.52885797384829
      ],
      [
       -82.19270962236033,
       26.530155902659043
      ],
      [
       -82.19320082610388,
       26.531914054623233
      ],
      [
       -82.19500772920429,
       26.532374301312093
      ],
      [
       -82.19632340347218,
       26.5310763503652
      ],
      [
       -82.19583213407054,
       26.529318174865985
      ],
      [
       -82.19402525605896,
       26.52885797384829
      ]
     ]
    ]
   },
   "properties": {
    "h3_cell": "894413a8b6bffff",
    "n_samples": 2,
    "labels": {
     "svi_sample": 2
    },
    "uncertainty": {
     "content": "sample density only; severity labels intentionally not joined (no verifiable key) — candor over coverage"
    }
   }
  },
  {
   "type": "Feature",
   "geometry": {
    "type": "Polygon",
    "coordinates": [
     [
      [
       -82.18306562662215,
       26.48360938660796
      ],
      [
       -82.18175058852407,
       26.48490750984087
      ],
      [
       -82.18224135321898,
       26.486665398985227
      ],
      [
       -82.18404722161253,
       26.487125188422333
      ],
      [
       -82.18536230026355,
       26.4858270430125
      ],
      [
       -82.18487146996821,
       26.484069130342906
      ],
      [
       -82.18306562662215,
       26.48360938660796
      ]
     ]
    ]
   },
   "properties": {
    "h3_cell": "894413a8e43ffff",
    "n_samples": 2,
    "labels": {
     "svi_sample": 2
    },
    "uncertainty": {
     "content": "sample density only; severity labels intentionally not joined (no verifiable key) — candor over coverage"
    }
   }
  },
  {
   "type": "Feature",
   "geometry": {
    "type": "Polygon",
    "coordinates": [
     [
      [
       -82.18224135321898,
       26.486665398985227
      ],
      [
       -82.18092628501505,
       26.48796348097231
      ],
      [
       -82.18141704464821,
       26.4897213745689
      ],
      [
       -82.18322293808899,
       26.490181209707128
      ],
      [
       -82.18453804684926,
       26.488883105547217
      ],
      [
       -82.18404722161253,
       26.487125188422333
      ],
      [
       -82.18224135321898,
       26.486665398985227
      ]
     ]
    ]
   },
   "properties": {
    "h3_cell": "894413a8e4fffff",
    "n_samples": 1,
    "labels": {
     "svi_sample": 1
    },
    "uncertainty": {
     "content": "sample density only; severity labels intentionally not joined (no verifiable key) — candor over coverage"
    }
   }
  },
  {
   "type": "Feature",
   "geometry": {
    "type": "Polygon",
    "coordinates": [
     [
      [
       -82.18388986485967,
       26.480553337455724
      ],
      [
       -82.1825748568666,
       26.48185150192567
      ],
      [
       -82.18306562662215,
       26.48360938660796
      ],
      [
       -82.18487146996821,
       26.484069130342906
      ],
      [
       -82.18618651851082,
       26.482770943691953
      ],
      [
       -82.18569568315796,
       26.481013035487482
      ],
      [
       -82.18388986485967,
       26.480553337455724
      ]
     ]
    ]
   },
   "properties": {
    "h3_cell": "894413a8e53ffff",
    "n_samples": 1,
    "labels": {
     "svi_sample": 1
    },
    "uncertainty": {
     "content": "sample density only; severity labels intentionally not joined (no verifiable key) — candor over coverage"
    }
   }
  },
  {
   "type": "Feature",
   "geometry": {
    "type": "Polygon",
    "coordinates": [
     [
      [
       -82.1807691146096,
       26.48139176400333
      ],
      [
       -82.17945411706624,
       26.482689865058845
      ],
      [
       -82.17994482122504,
       26.484447726213688
      ],
      [
       -82.18175058852407,
       26.48490750984087
      ],
      [
       -82.18306562662215,
       26.48360938660796
      ],
      [
       -82.1825748568666,
       26.48185150192567
      ],
      [
       -82.1807691146096,
       26.48139176400333
      ]
     ]
    ]
   },
   "properties": {
    "h3_cell": "894413a8e5bffff",
    "n_samples": 2,
    "labels": {
     "svi_sample": 2
    },
    "uncertainty": {
     "content": "sample density only; severity labels intentionally not joined (no verifiable key) — candor over coverage"
    }
   }
  },
  {
   "type": "Feature",
   "geometry": {
    "type": "Polygon",
    "coordinates": [
     [
      [
       -82.18371375826605,
       26.491939131277473
      ],
      [
       -82.18239861939571,
       26.493237194178654
      ],
      [
       -82.182889434512,
       26.49499512018462
      ],
      [
       -82.18469545410912,
       26.495455006818958
      ],
      [
       -82.18601063353742,
       26.49415692174953
      ],
      [
       -82.18551975281073,
       26.492398972214424
      ],
      [
       -82.18371375826605,
       26.491939131277473
      ]
     ]
    ]
   },
   "properties": {
    "h3_cell": "894413a8e6bffff",
    "n_samples": 2,
    "labels": {
     "svi_sample": 2
    },
    "uncertainty": {
     "content": "sample density only; severity labels intentionally not joined (no verifiable key) — candor over coverage"
    }
   }
  },
  {
   "type": "Feature",
   "geometry": {
    "type": "Polygon",
    "coordinates": [
     [
      [
       -82.18601063353742,
       26.49415692174953
      ],
      [
       -82.18469545410912,
       26.495455006818958
      ],
      [
       -82.18518632977708,
       26.49721296078288
      ],
      [
       -82.18699245048752,
       26.497672853204765
      ],
      [
       -82.188307670472,
       26.496374745967596
      ],
      [
       -82.18781672918998,
       26.494616768476718
      ],
      [
       -82.18601063353742,
       26.49415692174953
      ]
     ]
    ]
   },
   "properties": {
    "h3_cell": "894413a8e6fffff",
    "n_samples": 3,
    "labels": {
     "svi_sample": 3
    },
    "uncertainty": {
     "content": "sample density only; severity labels intentionally not joined (no verifiable key) — candor over coverage"
    }
   }
  },
  {
   "type": "Feature",
   "geometry": {
    "type": "Polygon",
    "coordinates": [
     [
      [
       -82.18453804684926,
       26.488883105547217
      ],
      [
       -82.18322293808899,
       26.490181209707128
      ],
      [
       -82.18371375826605,
       26.491939131277473
      ],
      [
       -82.18551975281073,
       26.492398972214424
      ],
      [
       -82.18683490212557,
       26.491100845882187
      ],
      [
       -82.18634401634127,
       26.48934290078575
      ],
      [
       -82.18453804684926,
       26.488883105547217
      ]
     ]
    ]
   },
   "properties": {
    "h3_cell": "894413a8e7bffff",
    "n_samples": 3,
    "labels": {
     "svi_sample": 3
    },
    "uncertainty": {
     "content": "sample density only; severity labels intentionally not joined (no verifiable key) — candor over coverage"
    }
   }
  },
  {
   "type": "Feature",
   "geometry": {
    "type": "Polygon",
    "coordinates": [
     [
      [
       -82.1184595453955,
       26.444289916646163
      ],
      [
       -82.1171453821749,
       26.445587216137547
      ],
      [
       -82.11763454408609,
       26.447344402262136
      ],
      [
       -82.11943793474155,
       26.447804312496245
      ],
      [
       -82.1207521385812,
       26.446506990839644
      ],
      [
       -82.12026291114644,
       26.444749781114556
      ],
      [
       -82.1184595453955,
       26.444289916646163
      ]
     ]
    ]
   },
   "properties": {
    "h3_cell": "894413a900bffff",
    "n_samples": 2,
    "labels": {
     "svi_sample": 2
    },
    "uncertainty": {
     "content": "sample density only; severity labels intentionally not joined (no verifiable key) — candor over coverage"
    }
   }
  },
  {
   "type": "Feature",
   "geometry": {
    "type": "Polygon",
    "coordinates": [
     [
      [
       -82.1207521385812,
       26.446506990839644
      ],
      [
       -82.11943793474155,
       26.447804312496245
      ],
      [
       -82.11992715705793,
       26.449561526793833
      ],
      [
       -82.12173064874133,
       26.450021443033567
      ],
      [
       -82.12304489319828,
       26.44872409921226
      ],
      [
       -82.12255560535463,
       26.446966861316348
      ],
      [
       -82.1207521385812,
       26.446506990839644
      ]
     ]
    ]
   },
   "properties": {
    "h3_cell": "894413a900fffff",
    "n_samples": 2,
    "labels": {
     "svi_sample": 2
    },
    "uncertainty": {
     "content": "sample density only; severity labels intentionally not joined (no verifiable key) — candor over coverage"
    }
   }
  },
  {
   "type": "Feature",
   "geometry": {
    "type": "Polygon",
    "coordinates": [
     [
      [
       -82.1261627160387,
       26.44788656850767
      ],
      [
       -82.1248484609982,
       26.449183975688815
      ],
      [
       -82.12533780925645,
       26.450941241746627
      ],
      [
       -82.12714147808681,
       26.451401124214573
      ],
      [
       -82.12845577373776,
       26.450103694865604
      ],
      [
       -82.12796635994798,
       26.448346405216906
      ],
      [
       -82.1261627160387,
       26.44788656850767
      ]
     ]
    ]
   },
   "properties": {
    "h3_cell": "894413a9033ffff",
    "n_samples": 5,
    "labels": {
     "svi_sample": 5
    },
    "uncertainty": {
     "content": "sample density only; severity labels intentionally not joined (no verifiable key) — candor over coverage"
    }
   }
  },
  {
   "type": "Feature",
   "geometry": {
    "type": "Polygon",
    "coordinates": [
     [
      [
       -82.12845577373776,
       26.450103694865604
      ],
      [
       -82.12714147808681,
       26.451401124214573
      ],
      [
       -82.12763088676542,
       26.45315841842531
      ],
      [
       -82.12943465663021,
       26.45361830687619
      ],
      [
       -82.1307489928898,
       26.4523208553599
      ],
      [
       -82.13025951867603,
       26.450563537560456
      ],
      [
       -82.12845577373776,
       26.450103694865604
      ]
     ]
    ]
   },
   "properties": {
    "h3_cell": "894413a9037ffff",
    "n_samples": 5,
    "labels": {
     "svi_sample": 5
    },
    "uncertainty": {
     "content": "sample density only; severity labels intentionally not joined (no verifiable key) — candor over coverage"
    }
   }
  },
  {
   "type": "Feature",
   "geometry": {
    "type": "Polygon",
    "coordinates": [
     [
      [
       -82.12304489319828,
       26.44872409921226
      ],
      [
       -82.12173064874133,
       26.450021443033567
      ],
      [
       -82.12221993146863,
       26.451778685495228
      ],
      [
       -82.12402352418393,
       26.452238607732138
      ],
      [
       -82.12533780925645,
       26.450941241746627
      ],
      [
       -82.1248484609982,
       26.449183975688815
      ],
      [
       -82.12304489319828,
       26.44872409921226
      ]
     ]
    ]
   },
   "properties": {
    "h3_cell": "894413a903bffff",
    "n_samples": 3,
    "labels": {
     "svi_sample": 3
    },
    "uncertainty": {
     "content": "sample density only; severity labels intentionally not joined (no verifiable key) — candor over coverage"
    }
   }
  },
  {
   "type": "Feature",
   "geometry": {
    "type": "Polygon",
    "coordinates": [
     [
      [
       -82.1130498024201,
       26.442910255777438
      ],
      [
       -82.11173569042694,
       26.444207469752996
      ],
      [
       -82.11222472641933,
       26.44596460408771
      ],
      [
       -82.1140279399243,
       26.446424548055198
      ],
      [
       -82.11534209254337,
       26.445127311917545
      ],
      [
       -82.11485299103165,
       26.443370153974914
      ],
      [
       -82.1130498024201,
       26.442910255777438
      ]
     ]
    ]
   },
   "properties": {
    "h3_cell": "894413a9043ffff",
    "n_samples": 3,
    "labels": {
     "svi_sample": 3
    },
    "uncertainty": {
     "content": "sample density only; severity labels intentionally not joined (no verifiable key) — candor over coverage"
    }
   }
  },
  {
   "type": "Feature",
   "geometry": {
    "type": "Polygon",
    "coordinates": [
     [
      [
       -82.11534209254337,
       26.445127311917545
      ],
      [
       -82.1140279399243,
       26.446424548055198
      ],
      [
       -82.11451703631246,
       26.448181710574048
      ],
      [
       -82.11632035084281,
       26.448641660561396
      ],
      [
       -82.11763454408609,
       26.447344402262136
      ],
      [
       -82.1171453821749,
       26.445587216137547
      ],
      [
       -82.11534209254337,
       26.445127311917545
      ]
     ]
    ]
   },
   "properties": {
    "h3_cell": "894413a9047ffff",
    "n_samples": 2,
    "labels": {
     "svi_sample": 2
    },
    "uncertainty": {
     "content": "sample density only; severity labels intentionally not joined (no verifiable key) — candor over coverage"
    }
   }
  },
  {
   "type": "Feature",
   "geometry": {
    "type": "Polygon",
    "coordinates": [
     [
      [
       -82.11075767370653,
       26.44069323385925
      ],
      [
       -82.10944360234106,
       26.44199042567221
      ],
      [
       -82.10993257794338,
       26.44374753181384
      ],
      [
       -82.11173569042694,
       26.444207469752996
      ],
      [
       -82.1130498024201,
       26.442910255777438
      ],
      [
       -82.1125607613021,
       26.441153126025732
      ],
      [
       -82.11075767370653,
       26.44069323385925
      ]
     ]
    ]
   },
   "properties": {
    "h3_cell": "894413a905bffff",
    "n_samples": 8,
    "labels": {
     "svi_sample": 8
    },
    "uncertainty": {
     "content": "sample density only; severity labels intentionally not joined (no verifiable key) — candor over coverage"
    }
   }
  },
  {
   "type": "Feature",
   "geometry": {
    "type": "Polygon",
    "coordinates": [
     [
      [
       -82.12634438868629,
       26.43650538800865
      ],
      [
       -82.12503026433887,
       26.43780289654338
      ],
      [
       -82.12551956752507,
       26.439560120683076
      ],
      [
       -82.12732306057723,
       26.44001985987237
      ],
      [
       -82.12863722552665,
       26.43872232915703
      ],
      [
       -82.128147856822,
       26.43696508143343
      ],
      [
       -82.12634438868629,
       26.43650538800865
      ]
     ]
    ]
   },
   "properties": {
    "h3_cell": "894413a9083ffff",
    "n_samples": 2,
    "labels": {
     "svi_sample": 2
    },
    "uncertainty": {
     "content": "sample density only; severity labels intentionally not joined (no verifiable key) — candor over coverage"
    }
   }
  },
  {
   "type": "Feature",
   "geometry": {
    "type": "Polygon",
    "coordinates": [
     [
      [
       -82.12863722552665,
       26.43872232915703
      ],
      [
       -82.12732306057723,
       26.44001985987237
      ],
      [
       -82.12781242417188,
       26.441777112194256
      ],
      [
       -82.12961601823822,
       26.442236857382966
      ],
      [
       -82.13093022378789,
       26.440939304487546
      ],
      [
       -82.13044079467107,
       26.439182028583925
      ],
      [
       -82.12863722552665,
       26.43872232915703
      ]
     ]
    ]
   },
   "properties": {
    "h3_cell": "894413a9087ffff",
    "n_samples": 7,
    "labels": {
     "svi_sample": 7
    },
    "uncertainty": {
     "content": "sample density only; severity labels intentionally not joined (no verifiable key) — candor over coverage"
    }
   }
  },
  {
   "type": "Feature",
   "geometry": {
    "type": "Polygon",
    "coordinates": [
     [
      [
       -82.12405171325713,
       26.434288481059763
      ],
      [
       -82.12273762951348,
       26.43558596741341
      ],
      [
       -82.12322687229693,
       26.437343163361966
      ],
      [
       -82.12503026433887,
       26.43780289654338
      ],
      [
       -82.12634438868629,
       26.43650538800865
      ],
      [
       -82.12585508038809,
       26.43474816847401
      ],
      [
       -82.12405171325713,
       26.434288481059763
      ]
     ]
    ]
   },
   "properties": {
    "h3_cell": "894413a909bffff",
    "n_samples": 3,
    "labels": {
     "svi_sample": 3
    },
    "uncertainty": {
     "content": "sample density only; severity labels intentionally not joined (no verifiable key) — candor over coverage"
    }
   }
  },
  {
   "type": "Feature",
   "geometry": {
    "type": "Polygon",
    "coordinates": [
     [
      [
       -82.11864196605775,
       26.43290935135956
      ],
      [
       -82.11732793351086,
       26.43420675219665
      ],
      [
       -82.11781705038675,
       26.435963896351616
      ],
      [
       -82.11962026532017,
       26.4364236632634
      ],
      [
       -82.12093433847771,
       26.43512624024832
      ],
      [
       -82.1204451560913,
       26.433369072499858
      ],
      [
       -82.11864196605775,
       26.43290935135956
      ]
     ]
    ]
   },
   "properties": {
    "h3_cell": "894413a90d3ffff",
    "n_samples": 3,
    "labels": {
     "svi_sample": 3
    },
    "uncertainty": {
     "content": "sample density only; severity labels intentionally not joined (no verifiable key) — candor over coverage"
    }
   }
  },
  {
   "type": "Feature",
   "geometry": {
    "type": "Polygon",
    "coordinates": [
     [
      [
       -82.12093433847771,
       26.43512624024832
      ],
      [
       -82.11962026532017,
       26.4364236632634
      ],
      [
       -82.12010944258941,
       26.43818083562063
      ],
      [
       -82.12191275853048,
       26.438640608554536
      ],
      [
       -82.12322687229693,
       26.437343163361966
      ],
      [
       -82.12273762951348,
       26.43558596741341
      ],
      [
       -82.12093433847771,
       26.43512624024832
      ]
     ]
    ]
   },
   "properties": {
    "h3_cell": "894413a90d7ffff",
    "n_samples": 2,
    "labels": {
     "svi_sample": 2
    },
    "uncertainty": {
     "content": "sample density only; severity labels intentionally not joined (no verifiable key) — candor over coverage"
    }
   }
  },
  {
   "type": "Feature",
   "geometry": {
    "type": "Polygon",
    "coordinates": [
     [
      [
       -82.11552481958111,
       26.433746991315417
      ],
      [
       -82.11421079763315,
       26.435044328816453
      ],
      [
       -82.11469984899908,
       26.436801449372684
      ],
      [
       -82.11650298782304,
       26.43726125602702
      ],
      [
       -82.11781705038675,
       26.435963896351616
      ],
      [
       -82.11732793351086,
       26.43420675219665
      ],
      [
       -82.11552481958111,
       26.433746991315417
      ]
     ]
    ]
   },
   "properties": {
    "h3_cell": "894413a90dbffff",
    "n_samples": 1,
    "labels": {
     "svi_sample": 1
    },
    "uncertainty": {
     "content": "sample density only; severity labels intentionally not joined (no verifiable key) — candor over coverage"
    }
   }
  },
  {
   "type": "Feature",
   "geometry": {
    "type": "Polygon",
    "coordinates": [
     [
      [
       -82.1392791290255,
       26.45286258199193
      ],
      [
       -82.13796473104583,
       26.454160182413062
      ],
      [
       -82.13845439166795,
       26.455917580066256
      ],
      [
       -82.14025851581349,
       26.456377400872583
      ],
      [
       -82.14157295438802,
       26.45507977827793
      ],
      [
       -82.14108322822226,
       26.45332235705087
      ],
      [
       -82.1392791290255,
       26.45286258199193
      ]
     ]
    ]
   },
   "properties": {
    "h3_cell": "894413a918bffff",
    "n_samples": 3,
    "labels": {
     "svi_sample": 3
    },
    "uncertainty": {
     "content": "sample density only; severity labels intentionally not joined (no verifiable key) — candor over coverage"
    }
   }
  },
  {
   "type": "Feature",
   "geometry": {
    "type": "Polygon",
    "coordinates": [
     [
      [
       -82.14157295438802,
       26.45507977827793
      ],
      [
       -82.14025851581349,
       26.456377400872583
      ],
      [
       -82.14074823688047,
       26.458134826647463
      ],
      [
       -82.14255246206946,
       26.45859465339979
      ],
      [
       -82.14386694123714,
       26.457297008632086
      ],
      [
       -82.14337715462281,
       26.455539559285523
      ],
      [
       -82.14157295438802,
       26.45507977827793
      ]
     ]
    ]
   },
   "properties": {
    "h3_cell": "894413a918fffff",
    "n_samples": 3,
    "labels": {
     "svi_sample": 3
    },
    "uncertainty": {
     "content": "sample density only; severity labels intentionally not joined (no verifiable key) — candor over coverage"
    }
   }
  },
  {
   "type": "Feature",
   "geometry": {
    "type": "Polygon",
    "coordinates": [
     [
      [
       -82.1461610895825,
       26.459514273037
      ],
      [
       -82.14484656982346,
       26.46081193997724
      ],
      [
       -82.14533641179739,
       26.46256942196863
      ],
      [
       -82.14714083908518,
       26.46302926058751
      ],
      [
       -82.14845539943384,
       26.46173157147523
      ],
      [
       -82.14796549190521,
       26.45997406591652
      ],
      [
       -82.1461610895825,
       26.459514273037
      ]
     ]
    ]
   },
   "properties": {
    "h3_cell": "894413a91a3ffff",
    "n_samples": 3,
    "labels": {
     "svi_sample": 3
    },
    "uncertainty": {
     "content": "sample density only; severity labels intentionally not joined (no verifiable key) — candor over coverage"
    }
   }
  },
  {
   "type": "Feature",
   "geometry": {
    "type": "Polygon",
    "coordinates": [
     [
      [
       -82.14845539943384,
       26.46173157147523
      ],
      [
       -82.14714083908518,
       26.46302926058751
      ],
      [
       -82.14763074152117,
       26.464786770673708
      ],
      [
       -82.14943526986433,
       26.465246615213168
      ],
      [
       -82.15074987080082,
       26.463948903929325
      ],
      [
       -82.15025990280647,
       26.46219137027801
      ],
      [
       -82.14845539943384,
       26.46173157147523
      ]
     ]
    ]
   },
   "properties": {
    "h3_cell": "894413a91a7ffff",
    "n_samples": 2,
    "labels": {
     "svi_sample": 2
    },
    "uncertainty": {
     "content": "sample density only; severity labels intentionally not joined (no verifiable key) — candor over coverage"
    }
   }
  },
  {
   "type": "Feature",
   "geometry": {
    "type": "Polygon",
    "coordinates": [
     [
      [
       -82.14386694123714,
       26.457297008632086
      ],
      [
       -82.14255246206946,
       26.45859465339979
      ],
      [
       -82.14304224358705,
       26.460352107287406
      ],
      [
       -82.14484656982346,
       26.46081193997724
      ],
      [
       -82.1461610895825,
       26.459514273037
      ],
      [
       -82.14567124251388,
       26.457756795579886
      ],
      [
       -82.14386694123714,
       26.457297008632086
      ]
     ]
    ]
   },
   "properties": {
    "h3_cell": "894413a91bbffff",
    "n_samples": 2,
    "labels": {
     "svi_sample": 2
    },
    "uncertainty": {
     "content": "sample density only; severity labels intentionally not joined (no verifiable key) — candor over coverage"
    }
   }
  },
  {
   "type": "Feature",
   "geometry": {
    "type": "Polygon",
    "coordinates": [
     [
      [
       -82.13386718568624,
       26.451483189149663
      ],
      [
       -82.13255283886106,
       26.452780704031905
      ],
      [
       -82.1330423735046,
       26.45453804997315
      ],
      [
       -82.13484632051282,
       26.454997904613844
      ],
      [
       -82.13616070793977,
       26.45370036756118
      ],
      [
       -82.1356711077568,
       26.451942998038643
      ],
      [
       -82.13386718568624,
       26.451483189149663
      ]
     ]
    ]
   },
   "properties": {
    "h3_cell": "894413a91c3ffff",
    "n_samples": 2,
    "labels": {
     "svi_sample": 2
    },
    "uncertainty": {
     "content": "sample density only; severity labels intentionally not joined (no verifiable key) — candor over coverage"
    }
   }
  },
  {
   "type": "Feature",
   "geometry": {
    "type": "Polygon",
    "coordinates": [
     [
      [
       -82.13698546513984,
       26.450645419791535
      ],
      [
       -82.1356711077568,
       26.451942998038643
      ],
      [
       -82.13616070793977,
       26.45370036756118
      ],
      [
       -82.13796473104583,
       26.454160182413062
      ],
      [
       -82.1392791290255,
       26.45286258199193
      ],
      [
       -82.13878946330254,
       26.451105188893344
      ],
      [
       -82.13698546513984,
       26.450645419791535
      ]
     ]
    ]
   },
   "properties": {
    "h3_cell": "894413a91d7ffff",
    "n_samples": 2,
    "labels": {
     "svi_sample": 2
    },
    "uncertainty": {
     "content": "sample density only; severity labels intentionally not joined (no verifiable key) — candor over coverage"
    }
   }
  },
  {
   "type": "Feature",
   "geometry": {
    "type": "Polygon",
    "coordinates": [
     [
      [
       -82.13157382489766,
       26.44926604484912
      ],
      [
       -82.13025951867603,
       26.450563537560456
      ],
      [
       -82.1307489928898,
       26.4523208553599
      ],
      [
       -82.13255283886106,
       26.452780704031905
      ],
      [
       -82.13386718568624,
       26.451483189149663
      ],
      [
       -82.13337764593672,
       26.44972584776674
      ],
      [
       -82.13157382489766,
       26.44926604484912
      ]
     ]
    ]
   },
   "properties": {
    "h3_cell": "894413a91dbffff",
    "n_samples": 4,
    "labels": {
     "svi_sample": 4
    },
    "uncertainty": {
     "content": "sample density only; severity labels intentionally not joined (no verifiable key) — candor over coverage"
    }
   }
  },
  {
   "type": "Feature",
   "geometry": {
    "type": "Polygon",
    "coordinates": [
     [
      [
       -82.10534876520423,
       26.43931348997304
      ],
      [
       -82.10403474509276,
       26.440610596278898
      ],
      [
       -82.10452359479935,
       26.442367650601
      ],
      [
       -82.10632653012891,
       26.442827622235146
      ],
      [
       -82.10764059087491,
       26.441530493769815
      ],
      [
       -82.10715167565692,
       26.43977341583023
      ],
      [
       -82.10534876520423,
       26.43931348997304
      ]
     ]
    ]
   },
   "properties": {
    "h3_cell": "894413a9293ffff",
    "n_samples": 9,
    "labels": {
     "svi_sample": 9
    },
    "uncertainty": {
     "content": "sample density only; severity labels intentionally not joined (no verifiable key) — candor over coverage"
    }
   }
  },
  {
   "type": "Feature",
   "geometry": {
    "type": "Polygon",
    "coordinates": [
     [
      [
       -82.10764059087491,
       26.441530493769815
      ],
      [
       -82.10632653012891,
       26.442827622235146
      ],
      [
       -82.10681544021617,
       26.444584704761464
      ],
      [
       -82.10861847656459,
       26.44504468243816
      ],
      [
       -82.10993257794338,
       26.44374753181384
      ],
      [
       -82.10944360234106,
       26.44199042567221
      ],
      [
       -82.10764059087491,
       26.441530493769815
      ]
     ]
    ]
   },
   "properties": {
    "h3_cell": "894413a9297ffff",
    "n_samples": 12,
    "labels": {
     "svi_sample": 12
    },
    "uncertainty": {
     "content": "sample density only; severity labels intentionally not joined (no verifiable key) — candor over coverage"
    }
   }
  },
  {
   "type": "Feature",
   "geometry": {
    "type": "Polygon",
    "coordinates": [
     [
      [
       -82.10223191077807,
       26.44015063069573
      ],
      [
       -82.10091790129891,
       26.441447673656466
      ],
      [
       -82.10140668549468,
       26.443204704355836
      ],
      [
       -82.10320954468054,
       26.44366471571761
      ],
      [
       -82.10452359479935,
       26.442367650601
      ],
      [
       -82.10403474509276,
       26.440610596278898
      ],
      [
       -82.10223191077807,
       26.44015063069573
      ]
     ]
    ]
   },
   "properties": {
    "h3_cell": "894413a929bffff",
    "n_samples": 4,
    "labels": {
     "svi_sample": 4
    },
    "uncertainty": {
     "content": "sample density only; severity labels intentionally not joined (no verifiable key) — candor over coverage"
    }
   }
  },
  {
   "type": "Feature",
   "geometry": {
    "type": "Polygon",
    "coordinates": [
     [
      [
       -82.10553246053168,
       26.427933970294283
      ],
      [
       -82.10421857106351,
       26.429231177942825
      ],
      [
       -82.10470737579648,
       26.43098819022157
      ],
      [
       -82.10651013549605,
       26.431448018462657
      ],
      [
       -82.10782406559035,
       26.43015078864184
      ],
      [
       -82.10733519535903,
       26.428393752752605
      ],
      [
       -82.10553246053168,
       26.427933970294283
      ]
     ]
    ]
   },
   "properties": {
    "h3_cell": "894413a9603ffff",
    "n_samples": 27,
    "labels": {
     "svi_sample": 27
    },
    "uncertainty": {
     "content": "sample density only; severity labels intentionally not joined (no verifiable key) — candor over coverage"
    }
   }
  },
  {
   "type": "Feature",
   "geometry": {
    "type": "Polygon",
    "coordinates": [
     [
      [
       -82.10782406559035,
       26.43015078864184
      ],
      [
       -82.10651013549605,
       26.431448018462657
      ],
      [
       -82.10699900059781,
       26.433205058974863
      ],
      [
       -82.108801861296,
       26.43366489327495
      ],
      [
       -82.11011583201466,
       26.432367641282354
      ],
      [
       -82.10962690141088,
       26.43061057716185
      ],
      [
       -82.10782406559035,
       26.43015078864184
      ]
     ]
    ]
   },
   "properties": {
    "h3_cell": "894413a9607ffff",
    "n_samples": 1,
    "labels": {
     "svi_sample": 1
    },
    "uncertainty": {
     "content": "sample density only; severity labels intentionally not joined (no verifiable key) — candor over coverage"
    }
   }
  },
  {
   "type": "Feature",
   "geometry": {
    "type": "Polygon",
    "coordinates": [
     [
      [
       -82.10241591235854,
       26.42877135576918
      ],
      [
       -82.10110203352009,
       26.430068500090293
      ],
      [
       -82.10159077275527,
       26.43182548875332
      ],
      [
       -82.10339345632677,
       26.432285356711358
      ],
      [
       -82.10470737579648,
       26.43098819022157
      ],
      [
       -82.10421857106351,
       26.429231177942825
      ],
      [
       -82.10241591235854,
       26.42877135576918
      ]
     ]
    ]
   },
   "properties": {
    "h3_cell": "894413a960bffff",
    "n_samples": 25,
    "labels": {
     "svi_sample": 25
    },
    "uncertainty": {
     "content": "sample density only; severity labels intentionally not joined (no verifiable key) — candor over coverage"
    }
   }
  },
  {
   "type": "Feature",
   "geometry": {
    "type": "Polygon",
    "coordinates": [
     [
      [
       -82.10470737579648,
       26.43098819022157
      ],
      [
       -82.10339345632677,
       26.432285356711358
      ],
      [
       -82.10388225592708,
       26.434042373609994
      ],
      [
       -82.10568504049861,
       26.434502247632803
      ],
      [
       -82.10699900059781,
       26.433205058974863
      ],
      [
       -82.10651013549605,
       26.431448018462657
      ],
      [
       -82.10470737579648,
       26.43098819022157
      ]
     ]
    ]
   },
   "properties": {
    "h3_cell": "894413a960fffff",
    "n_samples": 4,
    "labels": {
     "svi_sample": 4
    },
    "uncertainty": {
     "content": "sample density only; severity labels intentionally not joined (no verifiable key) — candor over coverage"
    }
   }
  },
  {
   "type": "Feature",
   "geometry": {
    "type": "Polygon",
    "coordinates": [
     [
      [
       -82.10324101682893,
       26.42571718625704
      ],
      [
       -82.10192716798863,
       26.427014371732824
      ],
      [
       -82.10241591235854,
       26.42877135576918
      ],
      [
       -82.10421857106351,
       26.429231177942825
      ],
      [
       -82.10553246053168,
       26.427933970294283
      ],
      [
       -82.10504365066711,
       26.426176962645247
      ],
      [
       -82.10324101682893,
       26.42571718625704
      ]
     ]
    ]
   },
   "properties": {
    "h3_cell": "894413a961bffff",
    "n_samples": 15,
    "labels": {
     "svi_sample": 15
    },
    "uncertainty": {
     "content": "sample density only; severity labels intentionally not joined (no verifiable key) — candor over coverage"
    }
   }
  },
  {
   "type": "Feature",
   "geometry": {
    "type": "Polygon",
    "coordinates": [
     [
      [
       -82.11011583201466,
       26.432367641282354
      ],
      [
       -82.108801861296,
       26.43366489327495
      ],
      [
       -82.10929078677228,
       26.43542196201166
      ],
      [
       -82.11109374847302,
       26.435881802362317
      ],
      [
       -82.11240775981435,
       26.434584528198435
      ],
      [
       -82.11191876883235,
       26.43282743585559
      ],
      [
       -82.11011583201466,
       26.432367641282354
      ]
     ]
    ]
   },
   "properties": {
    "h3_cell": "894413a9633ffff",
    "n_samples": 1,
    "labels": {
     "svi_sample": 1
    },
    "uncertainty": {
     "content": "sample density only; severity labels intentionally not joined (no verifiable key) — candor over coverage"
    }
   }
  },
  {
   "type": "Feature",
   "geometry": {
    "type": "Polygon",
    "coordinates": [
     [
      [
       -82.11240775981435,
       26.434584528198435
      ],
      [
       -82.11109374847302,
       26.435881802362317
      ],
      [
       -82.11158273432956,
       26.437638899314575
      ],
      [
       -82.11338579703688,
       26.43809874570734
      ],
      [
       -82.11469984899908,
       26.436801449372684
      ],
      [
       -82.11421079763315,
       26.435044328816453
      ],
      [
       -82.11240775981435,
       26.434584528198435
      ]
     ]
    ]
   },
   "properties": {
    "h3_cell": "894413a9637ffff",
    "n_samples": 2,
    "labels": {
     "svi_sample": 2
    },
    "uncertainty": {
     "content": "sample density only; severity labels intentionally not joined (no verifiable key) — candor over coverage"
    }
   }
  },
  {
   "type": "Feature",
   "geometry": {
    "type": "Polygon",
    "coordinates": [
     [
      [
       -82.10699900059781,
       26.433205058974863
      ],
      [
       -82.10568504049861,
       26.434502247632803
      ],
      [
       -82.10617390046974,
       26.436259292758134
      ],
      [
       -82.10797678604531,
       26.436719172837286
      ],
      [
       -82.10929078677228,
       26.43542196201166
      ],
      [
       -82.108801861296,
       26.43366489327495
      ],
      [
       -82.10699900059781,
       26.433205058974863
      ]
     ]
    ]
   },
   "properties": {
    "h3_cell": "894413a963bffff",
    "n_samples": 1,
    "labels": {
     "svi_sample": 1
    },
    "uncertainty": {
     "content": "sample density only; severity labels intentionally not joined (no verifiable key) — candor over coverage"
    }
   }
  },
  {
   "type": "Feature",
   "geometry": {
    "type": "Polygon",
    "coordinates": [
     [
      [
       -82.09700829048542,
       26.427391821983868
      ],
      [
       -82.0956944629225,
       26.428688880810885
      ],
      [
       -82.09618307630478,
       26.43044581760621
      ],
      [
       -82.0979855827436,
       26.430905719198066
      ],
      [
       -82.09929945094463,
       26.42960863820548
      ],
      [
       -82.09881077206883,
       26.427851677787018
      ],
      [
       -82.09700829048542,
       26.427391821983868
      ]
     ]
    ]
   },
   "properties": {
    "h3_cell": "894413a9643ffff",
    "n_samples": 15,
    "labels": {
     "svi_sample": 15
    },
    "uncertainty": {
     "content": "sample density only; severity labels intentionally not joined (no verifiable key) — candor over coverage"
    }
   }
  },
  {
   "type": "Feature",
   "geometry": {
    "type": "Polygon",
    "coordinates": [
     [
      [
       -82.09929945094463,
       26.42960863820548
      ],
      [
       -82.0979855827436,
       26.430905719198066
      ],
      [
       -82.09847425648157,
       26.432662684240118
      ],
      [
       -82.10027686391788,
       26.433122591910966
      ],
      [
       -82.10159077275527,
       26.43182548875332
      ],
      [
       -82.10110203352009,
       26.430068500090293
      ],
      [
       -82.09929945094463,
       26.42960863820548
      ]
     ]
    ]
   },
   "properties": {
    "h3_cell": "894413a9647ffff",
    "n_samples": 37,
    "labels": {
     "svi_sample": 37
    },
    "uncertainty": {
     "content": "sample density only; severity labels intentionally not joined (no verifiable key) — candor over coverage"
    }
   }
  },
  {
   "type": "Feature",
   "geometry": {
    "type": "Polygon",
    "coordinates": [
     [
      [
       -82.09389205747716,
       26.42822898530648
      ],
      [
       -82.09257824056446,
       26.429525980807476
      ],
      [
       -82.09306678845378,
       26.431282893974434
      ],
      [
       -82.09486921874885,
       26.43174283526917
      ],
      [
       -82.09618307630478,
       26.43044581760621
      ],
      [
       -82.0956944629225,
       26.428688880810885
      ],
      [
       -82.09389205747716,
       26.42822898530648
      ]
     ]
    ]
   },
   "properties": {
    "h3_cell": "894413a964bffff",
    "n_samples": 28,
    "labels": {
     "svi_sample": 28
    },
    "uncertainty": {
     "content": "sample density only; severity labels intentionally not joined (no verifiable key) — candor over coverage"
    }
   }
  },
  {
   "type": "Feature",
   "geometry": {
    "type": "Polygon",
    "coordinates": [
     [
      [
       -82.09618307630478,
       26.43044581760621
      ],
      [
       -82.09486921874885,
       26.43174283526917
      ],
      [
       -82.09535782699017,
       26.43349977668502
      ],
      [
       -82.09716035828416,
       26.433959724064543
      ],
      [
       -82.09847425648157,
       26.432662684240118
      ],
      [
       -82.0979855827436,
       26.430905719198066
      ],
      [
       -82.09618307630478,
       26.43044581760621
      ]
     ]
    ]
   },
   "properties": {
    "h3_cell": "894413a964fffff",
    "n_samples": 23,
    "labels": {
     "svi_sample": 23
    },
    "uncertainty": {
     "content": "sample density only; severity labels intentionally not joined (no verifiable key) — candor over coverage"
    }
   }
  },
  {
   "type": "Feature",
   "geometry": {
    "type": "Polygon",
    "coordinates": [
     [
      [
       -82.09783346953402,
       26.42433778983662
      ],
      [
       -82.09651967196328,
       26.425634889818898
      ],
      [
       -82.09700829048542,
       26.427391821983868
      ],
      [
       -82.09881077206883,
       26.427851677787018
      ],
      [
       -82.1001246102743,
       26.42655455563507
      ],
      [
       -82.09963592626174,
       26.42479759985004
      ],
      [
       -82.09783346953402,
       26.42433778983662
      ]
     ]
    ]
   },
   "properties": {
    "h3_cell": "894413a9653ffff",
    "n_samples": 24,
    "labels": {
     "svi_sample": 24
    },
    "uncertainty": {
     "content": "sample density only; severity labels intentionally not joined (no verifiable key) — candor over coverage"
    }
   }
  },
  {
   "type": "Feature",
   "geometry": {
    "type": "Polygon",
    "coordinates": [
     [
      [
       -82.1001246102743,
       26.42655455563507
      ],
      [
       -82.09881077206883,
       26.427851677787018
      ],
      [
       -82.09929945094463,
       26.42960863820548
      ],
      [
       -82.10110203352009,
       26.430068500090293
      ],
      [
       -82.10241591235854,
       26.42877135576918
      ],
      [
       -82.10192716798863,
       26.427014371732824
      ],
      [
       -82.1001246102743,
       26.42655455563507
      ]
     ]
    ]
   },
   "properties": {
    "h3_cell": "894413a9657ffff",
    "n_samples": 64,
    "labels": {
     "svi_sample": 64
    },
    "uncertainty": {
     "content": "sample density only; severity labels intentionally not joined (no verifiable key) — candor over coverage"
    }
   }
  },
  {
   "type": "Feature",
   "geometry": {
    "type": "Polygon",
    "coordinates": [
     [
      [
       -82.09471729136794,
       26.425175040105852
      ],
      [
       -82.09340350444485,
       26.426472076766814
      ],
      [
       -82.09389205747716,
       26.42822898530648
      ],
      [
       -82.0956944629225,
       26.428688880810885
      ],
      [
       -82.09700829048542,
       26.427391821983868
      ],
      [
       -82.09651967196328,
       26.425634889818898
      ],
      [
       -82.09471729136794,
       26.425175040105852
      ]
     ]
    ]
   },
   "properties": {
    "h3_cell": "894413a965bffff",
    "n_samples": 34,
    "labels": {
     "svi_sample": 34
    },
    "uncertainty": {
     "content": "sample density only; severity labels intentionally not joined (no verifiable key) — candor over coverage"
    }
   }
  },
  {
   "type": "Feature",
   "geometry": {
    "type": "Polygon",
    "coordinates": [
     [
      [
       -82.09994038814258,
       26.43793364506306
      ],
      [
       -82.09862641930484,
       26.439230665867417
      ],
      [
       -82.09911514312938,
       26.44098766835146
      ],
      [
       -82.10091790129891,
       26.441447673656466
      ],
      [
       -82.10223191077807,
       26.44015063069573
      ],
      [
       -82.10174312144639,
       26.43839360458679
      ],
      [
       -82.09994038814258,
       26.43793364506306
      ]
     ]
    ]
   },
   "properties": {
    "h3_cell": "894413a966fffff",
    "n_samples": 11,
    "labels": {
     "svi_sample": 11
    },
    "uncertainty": {
     "content": "sample density only; severity labels intentionally not joined (no verifiable key) — candor over coverage"
    }
   }
  },
  {
   "type": "Feature",
   "geometry": {
    "type": "Polygon",
    "coordinates": [
     [
      [
       -82.10159077275527,
       26.43182548875332
      ],
      [
       -82.10027686391788,
       26.433122591910966
      ],
      [
       -82.10076559801726,
       26.434879585190806
      ],
      [
       -82.10256830645504,
       26.435339498932215
      ],
      [
       -82.10388225592708,
       26.434042373609994
      ],
      [
       -82.10339345632677,
       26.432285356711358
      ],
      [
       -82.10159077275527,
       26.43182548875332
      ]
     ]
    ]
   },
   "properties": {
    "h3_cell": "894413a9673ffff",
    "n_samples": 12,
    "labels": {
     "svi_sample": 12
    },
    "uncertainty": {
     "content": "sample density only; severity labels intentionally not joined (no verifiable key) — candor over coverage"
    }
   }
  },
  {
   "type": "Feature",
   "geometry": {
    "type": "Polygon",
    "coordinates": [
     [
      [
       -82.09847425648157,
       26.432662684240118
      ],
      [
       -82.09716035828416,
       26.433959724064543
      ],
      [
       -82.0976490268832,
       26.435716693720373
      ],
      [
       -82.09945165918009,
       26.436176647176207
      ],
      [
       -82.10076559801726,
       26.434879585190806
      ],
      [
       -82.10027686391788,
       26.433122591910966
      ],
      [
       -82.09847425648157,
       26.432662684240118
      ]
     ]
    ]
   },
   "properties": {
    "h3_cell": "894413a967bffff",
    "n_samples": 7,
    "labels": {
     "svi_sample": 7
    },
    "uncertainty": {
     "content": "sample density only; severity labels intentionally not joined (no verifiable key) — candor over coverage"
    }
   }
  },
  {
   "type": "Feature",
   "geometry": {
    "type": "Polygon",
    "coordinates": [
     [
      [
       -82.11634975502737,
       26.430692496713046
      ],
      [
       -82.11503576309283,
       26.43198987537167
      ],
      [
       -82.11552481958111,
       26.433746991315417
      ],
      [
       -82.11732793351086,
       26.43420675219665
      ],
      [
       -82.11864196605775,
       26.43290935135956
      ],
      [
       -82.11815284406264,
       26.43115221182013
      ],
      [
       -82.11634975502737,
       26.430692496713046
      ]
     ]
    ]
   },
   "properties": {
    "h3_cell": "894413a96a7ffff",
    "n_samples": 1,
    "labels": {
     "svi_sample": 1
    },
    "uncertainty": {
     "content": "sample density only; severity labels intentionally not joined (no verifiable key) — candor over coverage"
    }
   }
  },
  {
   "type": "Feature",
   "geometry": {
    "type": "Polygon",
    "coordinates": [
     [
      [
       -82.11094084212205,
       26.429313284011062
      ],
      [
       -82.10962690141088,
       26.43061057716185
      ],
      [
       -82.11011583201466,
       26.432367641282354
      ],
      [
       -82.11191876883235,
       26.43282743585559
      ],
      [
       -82.1132327501628,
       26.431530120529434
      ],
      [
       -82.1127437540564,
       26.429773032805848
      ],
      [
       -82.11094084212205,
       26.429313284011062
      ]
     ]
    ]
   },
   "properties": {
    "h3_cell": "894413a96abffff",
    "n_samples": 3,
    "labels": {
     "svi_sample": 3
    },
    "uncertainty": {
     "content": "sample density only; severity labels intentionally not joined (no verifiable key) — candor over coverage"
    }
   }
  },
  {
   "type": "Feature",
   "geometry": {
    "type": "Polygon",
    "coordinates": [
     [
      [
       -82.1132327501628,
       26.431530120529434
      ],
      [
       -82.11191876883235,
       26.43282743585559
      ],
      [
       -82.11240775981435,
       26.434584528198435
      ],
      [
       -82.11421079763315,
       26.435044328816453
      ],
      [
       -82.11552481958111,
       26.433746991315417
      ],
      [
       -82.11503576309283,
       26.43198987537167
      ],
      [
       -82.1132327501628,
       26.431530120529434
      ]
     ]
    ]
   },
   "properties": {
    "h3_cell": "894413a96afffff",
    "n_samples": 11,
    "labels": {
     "svi_sample": 11
    },
    "uncertainty": {
     "content": "sample density only; severity labels intentionally not joined (no verifiable key) — candor over coverage"
    }
   }
  },
  {
   "type": "Feature",
   "geometry": {
    "type": "Polygon",
    "coordinates": [
     [
      [
       -82.1584587972827,
       26.467545668319154
      ],
      [
       -82.15714410466678,
       26.468843487337164
      ],
      [
       -82.15763425409277,
       26.47060110521257
      ],
      [
       -82.15943916170473,
       26.471060927623668
      ],
      [
       -82.16075389489806,
       26.46976308643198
      ],
      [
       -82.16026367990213,
       26.468005445003282
      ],
      [
       -82.1584587972827,
       26.467545668319154
      ]
     ]
    ]
   },
   "properties": {
    "h3_cell": "894413a9c83ffff",
    "n_samples": 2,
    "labels": {
     "svi_sample": 2
    },
    "uncertainty": {
     "content": "sample density only; severity labels intentionally not joined (no verifiable key) — candor over coverage"
    }
   }
  },
  {
   "type": "Feature",
   "geometry": {
    "type": "Polygon",
    "coordinates": [
     [
      [
       -82.16075389489806,
       26.46976308643198
      ],
      [
       -82.15943916170473,
       26.471060927623668
      ],
      [
       -82.15992937161937,
       26.47281857355582
      ],
      [
       -82.1617343803011,
       26.473278401847804
      ],
      [
       -82.1630491540701,
       26.471980538482942
      ],
      [
       -82.1625588785818,
       26.470222868999674
      ],
      [
       -82.16075389489806,
       26.46976308643198
      ]
     ]
    ]
   },
   "properties": {
    "h3_cell": "894413a9c87ffff",
    "n_samples": 7,
    "labels": {
     "svi_sample": 7
    },
    "uncertainty": {
     "content": "sample density only; severity labels intentionally not joined (no verifiable key) — candor over coverage"
    }
   }
  },
  {
   "type": "Feature",
   "geometry": {
    "type": "Polygon",
    "coordinates": [
     [
      [
       -82.1553392981206,
       26.468383670815445
      ],
      [
       -82.15402461601366,
       26.469681426440896
      ],
      [
       -82.15451469987022,
       26.47143902075775
      ],
      [
       -82.15631953140326,
       26.4718988830081
      ],
      [
       -82.15763425409277,
       26.47060110521257
      ],
      [
       -82.15714410466678,
       26.468843487337164
      ],
      [
       -82.1553392981206,
       26.468383670815445
      ]
     ]
    ]
   },
   "properties": {
    "h3_cell": "894413a9c8bffff",
    "n_samples": 2,
    "labels": {
     "svi_sample": 2
    },
    "uncertainty": {
     "content": "sample density only; severity labels intentionally not joined (no verifiable key) — candor over coverage"
    }
   }
  },
  {
   "type": "Feature",
   "geometry": {
    "type": "Polygon",
    "coordinates": [
     [
      [
       -82.15074987080082,
       26.463948903929325
      ],
      [
       -82.14943526986433,
       26.465246615213168
      ],
      [
       -82.14992523276811,
       26.46700415338522
      ],
      [
       -82.15172986217058,
       26.467464003836778
      ],
      [
       -82.1530445036932,
       26.466166270381873
      ],
      [
       -82.15255447522732,
       26.4644087086469
      ],
      [
       -82.15074987080082,
       26.463948903929325
      ]
     ]
    ]
   },
   "properties": {
    "h3_cell": "894413a9cd3ffff",
    "n_samples": 6,
    "labels": {
     "svi_sample": 6
    },
    "uncertainty": {
     "content": "sample density only; severity labels intentionally not joined (no verifiable key) — candor over coverage"
    }
   }
  },
  {
   "type": "Feature",
   "geometry": {
    "type": "Polygon",
    "coordinates": [
     [
      [
       -82.1530445036932,
       26.466166270381873
      ],
      [
       -82.15172986217058,
       26.467464003836778
      ],
      [
       -82.1522198855479,
       26.46922157008571
      ],
      [
       -82.15402461601366,
       26.469681426440896
      ],
      [
       -82.1553392981206,
       26.468383670815445
      ],
      [
       -82.15484920917756,
       26.46662608100577
      ],
      [
       -82.1530445036932,
       26.466166270381873
      ]
     ]
    ]
   },
   "properties": {
    "h3_cell": "894413a9cd7ffff",
    "n_samples": 8,
    "labels": {
     "svi_sample": 8
    },
    "uncertainty": {
     "content": "sample density only; severity labels intentionally not joined (no verifiable key) — candor over coverage"
    }
   }
  },
  {
   "type": "Feature",
   "geometry": {
    "type": "Polygon",
    "coordinates": [
     [
      [
       -82.17452787361898,
       26.483068307198955
      ],
      [
       -82.17321289699822,
       26.484366281422258
      ],
      [
       -82.17370346996509,
       26.486124095506455
      ],
      [
       -82.17550908514856,
       26.486583958905698
      ],
      [
       -82.17682410233438,
       26.485285962512172
      ],
      [
       -82.17633346377178,
       26.48352812489004
      ],
      [
       -82.17452787361898,
       26.483068307198955
      ]
     ]
    ]
   },
   "properties": {
    "h3_cell": "894413a9d83ffff",
    "n_samples": 1,
    "labels": {
     "svi_sample": 1
    },
    "uncertainty": {
     "content": "sample density only; severity labels intentionally not joined (no verifiable key) — candor over coverage"
    }
   }
  },
  {
   "type": "Feature",
   "geometry": {
    "type": "Polygon",
    "coordinates": [
     [
      [
       -82.17535224210741,
       26.480012482111842
      ],
      [
       -82.17403729558312,
       26.48131049757751
      ],
      [
       -82.17452787361898,
       26.483068307198955
      ],
      [
       -82.17633346377178,
       26.48352812489004
      ],
      [
       -82.17764845085773,
       26.48223008725007
      ],
      [
       -82.17715780722932,
       26.480472254093737
      ],
      [
       -82.17535224210741,
       26.480012482111842
      ]
     ]
    ]
   },
   "properties": {
    "h3_cell": "894413a9d93ffff",
    "n_samples": 7,
    "labels": {
     "svi_sample": 7
    },
    "uncertainty": {
     "content": "sample density only; severity labels intentionally not joined (no verifiable key) — candor over coverage"
    }
   }
  },
  {
   "type": "Feature",
   "geometry": {
    "type": "Polygon",
    "coordinates": [
     [
      [
       -82.17764845085773,
       26.48223008725007
      ],
      [
       -82.17633346377178,
       26.48352812489004
      ],
      [
       -82.17682410233438,
       26.485285962512172
      ],
      [
       -82.1786297935792,
       26.48574578602745
      ],
      [
       -82.17994482122504,
       26.484447726213688
      ],
      [
       -82.17945411706624,
       26.482689865058845
      ],
      [
       -82.17764845085773,
       26.48223008725007
      ]
     ]
    ]
   },
   "properties": {
    "h3_cell": "894413a9d97ffff",
    "n_samples": 2,
    "labels": {
     "svi_sample": 2
    },
    "uncertainty": {
     "content": "sample density only; severity labels intentionally not joined (no verifiable key) — candor over coverage"
    }
   }
  }
 ],
 "properties": {
  "h3_resolution": 9,
  "n_cells": 413,
  "resolution_cap": "tile",
  "n_samples": 4121,
  "source": "CVIAN street-view sample positions (IAN_hurricane pairs)",
  "labels_note": "positions carry no per-point severity link (no reliable join key to pairs.csv labels) — density only, no damage claims"
 }
}
